campaign,creative,total_payments,total_ltv,avg_late_payment_share,monetization_efficiency
campaign_138,creative_331,95,1349.60,0.913,14.21
campaign_446,creative_328,68,774.87,1.000,11.40
campaign_140,creative_331,90,720.07,0.992,8.00
campaign_432,creative_977,30,708.78,1.000,23.63
campaign_285,creative_639,60,708.47,0.821,11.81
campaign_141,creative_331,16,703.85,0.911,43.99
campaign_432,creative_982,36,682.42,0.946,18.96
campaign_432,creative_978,23,645.17,1.000,28.05
campaign_284,creative_644,35,629.31,1.000,17.98
campaign_38,creative_111,72,623.64,0.847,8.66
campaign_149,creative_381,16,603.93,1.000,37.75
campaign_139,creative_331,27,603.61,0.955,22.36
campaign_202,creative_327,100,602.46,0.974,6.02
campaign_151,creative_369,25,602.19,1.000,24.09
campaign_149,creative_379,32,601.16,1.000,18.79
campaign_84,creative_255,11,571.66,0.917,51.97
campaign_151,creative_388,15,566.93,0.889,37.80
campaign_151,creative_372,22,555.76,1.000,25.26
campaign_195,creative_324,27,546.19,1.000,20.23
campaign_433,creative_976,10,533.63,1.000,53.36
campaign_151,creative_391,13,500.12,0.875,38.47
campaign_137,creative_331,28,497.99,1.000,17.79
campaign_149,creative_368,21,493.65,1.000,23.51
campaign_202,creative_332,13,483.44,1.000,37.19
campaign_35,creative_96,50,478.90,0.714,9.58
campaign_149,creative_384,13,475.73,1.000,36.59
campaign_432,creative_981,16,461.50,1.000,28.84
campaign_298,creative_704,8,454.68,1.000,56.84
campaign_545,creative_1241,11,444.41,1.000,40.40
campaign_71,creative_203,43,423.33,0.948,9.84
campaign_83,creative_248,8,420.70,1.000,52.59
campaign_35,creative_100,24,418.12,1.000,17.42
campaign_71,creative_209,41,411.88,1.000,10.05
campaign_195,creative_521,12,407.41,0.889,33.95
campaign_202,creative_330,9,395.62,1.000,43.96
campaign_28,creative_78,21,395.39,0.964,18.83
campaign_149,creative_383,12,387.45,1.000,32.29
campaign_357,creative_236,35,384.24,1.000,10.98
campaign_553,creative_1267,4,383.19,1.000,95.80
campaign_276,creative_652,7,381.90,1.000,54.56
campaign_83,creative_249,10,379.30,1.000,37.93
campaign_192,creative_327,40,377.43,0.838,9.44
campaign_151,creative_396,8,375.04,1.000,46.88
campaign_195,creative_327,59,370.35,0.982,6.28
campaign_192,creative_332,12,368.93,0.950,30.74
campaign_432,creative_980,12,368.19,1.000,30.68
campaign_38,creative_113,34,365.94,0.975,10.76
campaign_285,creative_646,20,364.18,1.000,18.21
campaign_38,creative_110,26,361.39,0.833,13.90
campaign_151,creative_389,10,357.71,1.000,35.77
campaign_287,creative_677,15,353.50,0.854,23.57
campaign_84,creative_256,8,353.34,1.000,44.17
campaign_452,creative_1043,21,349.71,1.000,16.65
campaign_156,creative_375,14,345.62,1.000,24.69
campaign_357,creative_844,6,345.17,1.000,57.53
campaign_202,creative_324,22,344.38,1.000,15.65
campaign_60,creative_182,13,344.29,1.000,26.48
campaign_151,creative_374,11,341.27,1.000,31.02
campaign_35,creative_97,11,338.35,1.000,30.76
campaign_156,creative_396,52,334.61,1.000,6.43
campaign_199,creative_442,24,326.49,1.000,13.60
campaign_324,creative_235,26,326.11,1.000,12.54
campaign_189,creative_327,12,325.00,1.000,27.08
campaign_369,creative_869,20,321.55,1.000,16.08
campaign_436,creative_1006,13,319.22,1.000,24.56
campaign_196,creative_333,14,318.16,0.963,22.73
campaign_207,creative_331,36,316.94,1.000,8.80
campaign_452,creative_1040,49,314.98,1.000,6.43
campaign_151,creative_394,7,312.60,1.000,44.66
campaign_432,creative_976,7,311.86,1.000,44.55
campaign_84,creative_257,4,311.70,1.000,77.93
campaign_287,creative_680,16,311.60,1.000,19.48
campaign_151,creative_367,11,311.07,1.000,28.28
campaign_324,creative_236,45,309.95,1.000,6.89
campaign_35,creative_95,19,306.91,1.000,16.15
campaign_192,creative_324,29,306.15,1.000,10.56
campaign_455,creative_329,20,301.20,1.000,15.06
campaign_149,creative_378,9,298.97,1.000,33.22
campaign_432,creative_974,6,298.55,1.000,49.76
campaign_53,creative_155,5,292.44,1.000,58.49
campaign_59,creative_181,20,289.45,1.000,14.47
campaign_4,creative_6,6,288.87,1.000,48.15
campaign_74,creative_213,13,288.85,1.000,22.22
campaign_432,creative_983,13,287.98,1.000,22.15
campaign_30,creative_81,21,285.33,1.000,13.59
campaign_436,creative_997,4,285.08,1.000,71.27
campaign_298,creative_705,26,284.44,0.800,10.94
campaign_456,creative_1043,36,283.19,0.987,7.87
campaign_561,creative_1298,17,281.16,0.952,16.54
campaign_2,creative_1,4,279.89,1.000,69.97
campaign_369,creative_819,31,279.62,0.983,9.02
campaign_35,creative_98,4,278.14,1.000,69.53
campaign_38,creative_115,6,276.18,1.000,46.03
campaign_71,creative_210,15,275.51,1.000,18.37
campaign_466,creative_1067,2,274.93,1.000,137.47
campaign_446,creative_1031,26,274.82,0.981,10.57
campaign_142,creative_365,8,272.43,1.000,34.05
campaign_136,creative_350,30,272.00,1.000,9.07
campaign_285,creative_640,14,270.40,1.000,19.31
campaign_565,creative_1308,29,268.91,0.947,9.27
campaign_149,creative_380,8,264.53,1.000,33.07
campaign_224,creative_573,16,263.85,1.000,16.49
campaign_143,creative_368,4,263.76,1.000,65.94
campaign_564,creative_1306,2,261.43,1.000,130.72
campaign_148,creative_373,13,259.89,0.667,19.99
campaign_116,creative_304,18,259.24,0.714,14.40
campaign_432,creative_979,10,259.00,1.000,25.90
campaign_432,creative_975,10,257.74,0.857,25.77
campaign_60,creative_181,49,257.16,0.975,5.25
campaign_149,creative_371,13,255.93,1.000,19.69
campaign_151,creative_397,8,254.98,1.000,31.87
campaign_561,creative_1300,2,254.91,1.000,127.45
campaign_151,creative_307,9,254.69,1.000,28.30
campaign_298,creative_703,5,254.12,1.000,50.82
campaign_83,creative_251,4,254.01,1.000,63.50
campaign_196,creative_336,9,253.26,1.000,28.14
campaign_561,creative_1299,4,253.13,1.000,63.28
campaign_190,creative_332,25,252.52,0.750,10.10
campaign_285,creative_676,10,252.17,1.000,25.22
campaign_369,creative_825,12,249.38,0.958,20.78
campaign_357,creative_234,40,248.24,0.871,6.21
campaign_190,creative_325,9,248.08,1.000,27.56
campaign_196,creative_331,56,244.99,0.665,4.37
campaign_345,creative_812,10,244.35,0.667,24.43
campaign_207,creative_332,17,244.34,1.000,14.37
campaign_71,creative_208,12,242.01,0.694,20.17
campaign_449,creative_333,16,241.90,1.000,15.12
campaign_38,creative_118,11,241.77,1.000,21.98
campaign_53,creative_153,18,241.33,1.000,13.41
campaign_55,creative_165,30,240.76,1.000,8.03
campaign_143,creative_375,6,240.11,1.000,40.02
campaign_369,creative_804,54,237.20,0.875,4.39
campaign_203,creative_521,49,235.33,0.991,4.80
campaign_47,creative_143,2,233.78,1.000,116.89
campaign_369,creative_822,11,233.41,1.000,21.22
campaign_191,creative_332,33,233.03,0.833,7.06
campaign_545,creative_1245,10,232.80,1.000,23.28
campaign_545,creative_1240,10,232.16,1.000,23.22
campaign_224,creative_572,14,231.10,1.000,16.51
campaign_151,creative_393,8,229.62,1.000,28.70
campaign_125,creative_327,7,229.20,0.900,32.74
campaign_271,creative_645,7,229.03,1.000,32.72
campaign_273,creative_644,9,227.42,1.000,25.27
campaign_207,creative_338,16,227.19,1.000,14.20
campaign_59,creative_173,13,226.45,1.000,17.42
campaign_191,creative_327,16,225.60,1.000,14.10
campaign_60,creative_173,10,224.45,0.889,22.45
campaign_436,creative_1008,6,224.45,1.000,37.41
campaign_554,creative_1269,20,223.64,1.000,11.18
campaign_84,creative_253,7,223.01,0.667,31.86
campaign_60,creative_174,3,223.00,1.000,74.33
campaign_204,creative_525,17,222.18,1.000,13.07
campaign_55,creative_162,11,220.19,1.000,20.02
campaign_124,creative_327,18,219.45,1.000,12.19
campaign_52,creative_153,7,219.00,1.000,31.29
campaign_71,creative_205,5,218.51,1.000,43.70
campaign_53,creative_156,6,216.92,1.000,36.15
campaign_38,creative_109,9,216.18,1.000,24.02
campaign_144,creative_372,8,215.83,1.000,26.98
campaign_193,creative_327,27,215.48,0.869,7.98
campaign_156,creative_397,13,214.85,1.000,16.53
campaign_60,creative_175,12,213.53,1.000,17.79
campaign_563,creative_1305,6,212.79,1.000,35.46
campaign_128,creative_340,4,211.76,1.000,52.94
campaign_125,creative_328,4,210.79,1.000,52.70
campaign_456,creative_342,3,207.38,1.000,69.13
campaign_369,creative_870,13,206.05,0.750,15.85
campaign_151,creative_381,5,206.03,1.000,41.21
campaign_449,creative_1034,9,205.21,1.000,22.80
campaign_551,creative_1265,5,204.64,1.000,40.93
campaign_60,creative_183,4,204.54,1.000,51.13
campaign_143,creative_374,4,204.06,1.000,51.02
campaign_478,creative_1107,2,203.43,1.000,101.71
campaign_551,creative_1263,13,203.13,1.000,15.63
campaign_55,creative_164,5,202.91,1.000,40.58
campaign_116,creative_305,4,202.70,1.000,50.68
campaign_357,creative_847,7,201.40,1.000,28.77
campaign_137,creative_358,20,201.28,1.000,10.06
campaign_207,creative_345,12,201.18,1.000,16.77
campaign_387,creative_897,3,200.16,1.000,66.72
campaign_287,creative_543,7,199.55,1.000,28.51
campaign_432,creative_984,3,199.23,1.000,66.41
campaign_455,creative_342,7,198.91,1.000,28.42
campaign_116,creative_303,2,198.81,1.000,99.41
campaign_149,creative_370,8,198.79,1.000,24.85
campaign_131,creative_347,2,197.60,1.000,98.80
campaign_136,creative_351,6,196.46,1.000,32.74
campaign_310,creative_733,2,196.44,1.000,98.22
campaign_327,creative_748,37,195.97,1.000,5.30
campaign_324,creative_234,7,194.75,1.000,27.82
campaign_388,creative_907,2,194.23,1.000,97.11
campaign_53,creative_160,14,193.22,1.000,13.80
campaign_357,creative_845,16,192.16,0.900,12.01
campaign_203,creative_332,37,191.80,0.989,5.18
campaign_136,creative_353,33,191.61,1.000,5.81
campaign_287,creative_644,9,191.10,1.000,21.23
campaign_257,creative_616,5,190.55,1.000,38.11
campaign_143,creative_365,2,190.24,1.000,95.12
campaign_562,creative_1304,2,189.32,1.000,94.66
campaign_289,creative_677,9,188.66,1.000,20.96
campaign_196,creative_340,33,187.50,0.989,5.68
campaign_414,creative_919,2,187.15,1.000,93.57
campaign_327,creative_513,15,186.71,0.963,12.45
campaign_207,creative_326,12,186.56,0.917,15.55
campaign_190,creative_324,18,185.94,1.000,10.33
campaign_447,creative_328,5,185.73,1.000,37.15
campaign_324,creative_229,27,185.67,1.000,6.88
campaign_467,creative_1073,2,185.36,1.000,92.68
campaign_456,creative_1040,32,184.65,0.973,5.77
campaign_357,creative_846,14,183.82,0.833,13.13
campaign_566,creative_1298,4,183.34,1.000,45.84
campaign_124,creative_334,2,182.57,1.000,91.29
campaign_345,creative_814,16,181.68,0.667,11.36
campaign_460,creative_334,9,181.43,0.929,20.16
campaign_141,creative_326,4,180.60,1.000,45.15
campaign_525,creative_1196,14,180.43,1.000,12.89
campaign_327,creative_785,31,180.04,0.944,5.81
campaign_38,creative_112,12,179.79,0.800,14.98
campaign_440,creative_1026,2,179.49,1.000,89.74
campaign_143,creative_315,6,179.01,1.000,29.84
campaign_545,creative_1234,3,178.59,1.000,59.53
campaign_258,creative_620,17,178.14,0.750,10.48
campaign_155,creative_417,5,177.96,1.000,35.59
campaign_42,creative_43,2,177.05,1.000,88.53
campaign_74,creative_221,25,176.68,0.962,7.07
campaign_435,creative_974,4,176.27,0.500,44.07
campaign_216,creative_551,16,176.24,1.000,11.02
campaign_125,creative_326,8,175.92,1.000,21.99
campaign_551,creative_1264,5,175.31,1.000,35.06
campaign_524,creative_1193,2,175.02,1.000,87.51
campaign_201,creative_332,22,174.95,1.000,7.95
campaign_195,creative_520,4,174.00,1.000,43.50
campaign_378,creative_828,6,173.22,1.000,28.87
campaign_584,creative_1347,2,173.16,1.000,86.58
campaign_336,creative_798,51,172.34,1.000,3.38
campaign_436,creative_996,3,172.15,1.000,57.38
campaign_38,creative_114,3,172.02,1.000,57.34
campaign_346,creative_819,3,171.63,1.000,57.21
campaign_35,creative_99,4,170.79,1.000,42.70
campaign_459,creative_1055,5,170.55,1.000,34.11
campaign_467,creative_1071,3,170.44,0.667,56.81
campaign_202,creative_536,3,170.11,1.000,56.70
campaign_4,creative_10,4,169.48,1.000,42.37
campaign_191,creative_521,16,168.98,1.000,10.56
campaign_522,creative_1186,5,168.95,1.000,33.79
campaign_190,creative_525,9,168.88,1.000,18.76
campaign_52,creative_156,11,168.74,1.000,15.34
campaign_136,creative_354,9,168.71,1.000,18.75
campaign_436,creative_1007,4,167.92,1.000,41.98
campaign_151,creative_305,4,167.82,1.000,41.95
campaign_151,creative_392,4,166.90,1.000,41.73
campaign_151,creative_395,6,166.42,1.000,27.74
campaign_71,creative_207,3,165.56,1.000,55.19
campaign_204,creative_327,19,165.13,1.000,8.69
campaign_561,creative_1302,14,164.71,0.636,11.77
campaign_192,creative_520,6,164.54,1.000,27.42
campaign_140,creative_350,12,164.07,1.000,13.67
campaign_285,creative_651,9,164.01,1.000,18.22
campaign_316,creative_748,2,163.70,1.000,81.85
campaign_126,creative_335,6,163.58,0.750,27.26
campaign_190,creative_521,9,162.95,1.000,18.11
campaign_125,creative_329,2,162.91,1.000,81.46
campaign_570,creative_1314,2,162.91,1.000,81.46
campaign_207,creative_539,9,162.82,1.000,18.09
campaign_545,creative_1243,7,162.07,1.000,23.15
campaign_193,creative_525,5,161.90,0.833,32.38
campaign_388,creative_909,2,161.85,1.000,80.93
campaign_52,creative_158,3,161.40,1.000,53.80
campaign_144,creative_373,6,161.31,1.000,26.89
campaign_152,creative_364,7,161.03,1.000,23.00
campaign_38,creative_108,13,160.78,0.556,12.37
campaign_430,creative_971,12,160.73,1.000,13.39
campaign_61,creative_185,2,160.38,1.000,80.19
campaign_136,creative_352,5,160.07,1.000,32.01
campaign_451,creative_1040,3,160.07,1.000,53.36
campaign_59,creative_174,5,160.04,1.000,32.01
campaign_124,creative_326,5,159.48,0.833,31.90
campaign_193,creative_324,11,159.44,0.619,14.49
campaign_123,creative_327,14,159.43,0.630,11.39
campaign_116,creative_306,4,159.04,1.000,39.76
campaign_433,creative_984,2,158.58,1.000,79.29
campaign_207,creative_538,10,158.45,1.000,15.85
campaign_151,creative_383,3,158.02,1.000,52.67
campaign_148,creative_370,6,157.60,1.000,26.27
campaign_204,creative_332,34,157.45,0.817,4.63
campaign_30,creative_83,7,156.96,1.000,22.42
campaign_369,creative_821,14,156.84,1.000,11.20
campaign_554,creative_1273,4,156.81,1.000,39.20
campaign_565,creative_1314,4,156.69,1.000,39.17
campaign_456,creative_1039,15,156.46,1.000,10.43
campaign_565,creative_1310,4,156.02,0.333,39.01
campaign_123,creative_326,8,155.69,0.667,19.46
campaign_462,creative_1058,3,155.60,1.000,51.87
campaign_150,creative_371,2,155.46,1.000,77.73
campaign_211,creative_544,3,154.73,1.000,51.58
campaign_285,creative_648,5,154.43,1.000,30.89
campaign_156,creative_422,5,153.28,1.000,30.66
campaign_207,creative_540,4,152.35,0.750,38.09
campaign_388,creative_902,8,151.78,1.000,18.97
campaign_190,creative_327,4,151.24,1.000,37.81
campaign_78,creative_233,3,150.95,1.000,50.32
campaign_145,creative_372,2,150.19,1.000,75.10
campaign_209,creative_543,2,150.19,1.000,75.10
campaign_144,creative_367,3,149.59,0.667,49.86
campaign_196,creative_527,5,149.37,1.000,29.87
campaign_156,creative_421,5,149.11,1.000,29.82
campaign_37,creative_85,5,148.86,1.000,29.77
campaign_573,creative_1334,2,148.14,1.000,74.07
campaign_104,creative_249,2,148.14,1.000,74.07
campaign_84,creative_254,2,148.14,1.000,74.07
campaign_162,creative_436,3,148.14,0.667,49.38
campaign_71,creative_211,2,148.14,1.000,74.07
campaign_109,creative_285,2,148.14,1.000,74.07
campaign_84,creative_259,4,148.14,1.000,37.04
campaign_104,creative_45,2,148.14,1.000,74.07
campaign_468,creative_1077,8,148.07,1.000,18.51
campaign_219,creative_557,2,147.94,1.000,73.97
campaign_44,creative_58,2,147.94,1.000,73.97
campaign_44,creative_55,2,147.94,1.000,73.97
campaign_383,creative_884,2,147.92,1.000,73.96
campaign_54,creative_157,21,147.72,0.630,7.03
campaign_140,creative_351,6,147.69,1.000,24.61
campaign_196,creative_528,3,147.69,1.000,49.23
campaign_378,creative_708,2,147.52,1.000,73.76
campaign_368,creative_708,2,147.52,1.000,73.76
campaign_282,creative_675,12,147.47,0.955,12.29
campaign_396,creative_916,2,147.17,1.000,73.58
campaign_125,creative_332,2,147.10,1.000,73.55
campaign_271,creative_644,45,146.96,0.988,3.27
campaign_193,creative_520,5,146.89,0.667,29.38
campaign_52,creative_157,14,146.87,1.000,10.49
campaign_188,creative_518,2,146.84,1.000,73.42
campaign_148,creative_380,2,146.84,1.000,73.42
campaign_451,creative_1044,2,146.84,1.000,73.42
campaign_192,creative_330,6,146.65,1.000,24.44
campaign_452,creative_342,2,146.50,1.000,73.25
campaign_359,creative_857,7,146.50,1.000,20.93
campaign_455,creative_523,3,145.82,1.000,48.61
campaign_345,creative_813,2,145.67,1.000,72.83
campaign_101,creative_33,9,145.59,1.000,16.18
campaign_72,creative_209,2,145.54,1.000,72.77
campaign_558,creative_1286,3,145.15,1.000,48.38
campaign_186,creative_508,3,144.72,1.000,48.24
campaign_436,creative_993,7,144.68,1.000,20.67
campaign_164,creative_439,6,144.34,1.000,24.06
campaign_149,creative_382,4,144.18,1.000,36.04
campaign_404,creative_927,2,144.06,1.000,72.03
campaign_388,creative_901,2,144.06,1.000,72.03
campaign_545,creative_1244,5,143.85,1.000,28.77
campaign_127,creative_335,4,143.58,1.000,35.90
campaign_123,creative_324,7,143.25,0.833,20.46
campaign_284,creative_640,3,142.76,1.000,47.59
campaign_284,creative_643,2,142.63,1.000,71.32
campaign_553,creative_1270,2,142.63,1.000,71.32
campaign_570,creative_1305,2,142.63,1.000,71.32
campaign_544,creative_1235,3,142.63,0.500,47.54
campaign_139,creative_358,3,142.63,0.500,47.54
campaign_26,creative_72,2,142.63,1.000,71.32
campaign_130,creative_346,2,142.63,1.000,71.32
campaign_144,creative_368,2,142.63,1.000,71.32
campaign_142,creative_367,2,142.63,1.000,71.32
campaign_436,creative_994,2,142.63,1.000,71.32
campaign_142,creative_372,2,142.63,1.000,71.32
campaign_139,creative_361,2,142.63,1.000,71.32
campaign_454,creative_1045,2,142.63,1.000,71.32
campaign_3,creative_8,2,142.63,1.000,71.32
campaign_144,creative_364,2,142.63,1.000,71.32
campaign_160,creative_427,4,142.44,1.000,35.61
campaign_565,creative_1316,4,142.01,1.000,35.50
campaign_407,creative_931,13,141.36,1.000,10.87
campaign_438,creative_1020,2,141.08,1.000,70.54
campaign_100,creative_53,3,140.73,1.000,46.91
campaign_180,creative_495,3,140.54,1.000,46.85
campaign_106,creative_280,2,140.50,1.000,70.25
campaign_83,creative_252,3,140.32,0.500,46.77
campaign_84,creative_258,2,140.32,1.000,70.16
campaign_29,creative_82,2,140.32,1.000,70.16
campaign_97,creative_62,2,140.32,1.000,70.16
campaign_496,creative_1130,13,140.16,1.000,10.78
campaign_204,creative_324,20,139.95,1.000,7.00
campaign_336,creative_799,21,139.93,0.900,6.66
campaign_166,creative_450,7,139.88,0.857,19.98
campaign_44,creative_59,4,139.65,1.000,34.91
campaign_140,creative_360,3,139.51,1.000,46.50
campaign_489,creative_1118,16,139.19,1.000,8.70
campaign_209,creative_542,2,139.17,1.000,69.58
campaign_190,creative_524,2,139.17,1.000,69.58
campaign_553,creative_1268,2,139.17,1.000,69.58
campaign_202,creative_521,3,139.16,1.000,46.39
campaign_216,creative_548,16,138.91,1.000,8.68
campaign_468,creative_1082,2,138.70,1.000,69.35
campaign_522,creative_1185,2,138.70,1.000,69.35
campaign_522,creative_1184,15,138.68,1.000,9.25
campaign_364,creative_859,12,138.66,1.000,11.56
campaign_103,creative_60,7,138.37,1.000,19.77
campaign_74,creative_217,28,138.23,1.000,4.94
campaign_298,creative_706,8,138.12,0.900,17.27
campaign_366,creative_824,9,137.86,1.000,15.32
campaign_103,creative_61,15,137.82,1.000,9.19
campaign_371,creative_804,2,137.36,1.000,68.68
campaign_331,creative_746,2,137.36,1.000,68.68
campaign_455,creative_1039,5,137.29,1.000,27.46
campaign_468,creative_1081,2,137.15,1.000,68.58
campaign_118,creative_315,21,136.88,1.000,6.52
campaign_161,creative_434,6,136.74,0.667,22.79
campaign_361,creative_856,4,136.74,1.000,34.19
campaign_187,creative_511,6,136.41,0.833,22.74
campaign_291,creative_688,2,136.36,1.000,68.18
campaign_87,creative_250,55,135.90,0.982,2.47
campaign_78,creative_235,2,135.84,1.000,67.92
campaign_55,creative_166,3,135.83,1.000,45.28
campaign_287,creative_678,2,135.61,1.000,67.81
campaign_104,creative_276,3,135.52,0.667,45.17
campaign_93,creative_60,2,135.52,1.000,67.76
campaign_112,creative_294,2,135.52,1.000,67.76
campaign_90,creative_45,2,135.52,1.000,67.76
campaign_369,creative_708,5,135.37,1.000,27.07
campaign_60,creative_176,6,135.26,1.000,22.54
campaign_272,creative_645,4,135.23,1.000,33.81
campaign_570,creative_1331,2,135.21,1.000,67.60
campaign_528,creative_1204,5,134.76,1.000,26.95
campaign_138,creative_350,4,134.66,1.000,33.66
campaign_102,creative_70,12,134.61,1.000,11.22
campaign_180,creative_466,13,134.09,1.000,10.31
campaign_432,creative_986,5,134.09,1.000,26.82
campaign_99,creative_51,15,133.90,1.000,8.93
campaign_160,creative_429,7,133.86,1.000,19.12
campaign_152,creative_315,2,133.79,1.000,66.90
campaign_87,creative_264,16,133.79,1.000,8.36
campaign_111,creative_292,23,133.59,1.000,5.81
campaign_185,creative_507,7,133.53,1.000,19.08
campaign_493,creative_1097,6,133.38,1.000,22.23
campaign_161,creative_432,8,133.31,1.000,16.66
campaign_90,creative_36,4,133.31,1.000,33.33
campaign_52,creative_152,7,132.91,1.000,18.99
campaign_571,creative_720,4,132.83,1.000,33.21
campaign_7,creative_10,5,132.72,0.800,26.54
campaign_161,creative_433,15,132.58,1.000,8.84
campaign_165,creative_441,18,132.54,0.944,7.36
campaign_136,creative_331,5,132.32,1.000,26.46
campaign_357,creative_232,7,132.18,1.000,18.88
campaign_134,creative_349,1,132.17,1.000,132.17
campaign_138,creative_358,3,132.16,1.000,44.05
campaign_401,creative_921,3,132.15,1.000,44.05
campaign_570,creative_1309,4,132.05,1.000,33.01
campaign_95,creative_267,7,131.97,1.000,18.85
campaign_156,creative_423,7,131.73,1.000,18.82
campaign_558,creative_1287,5,131.38,1.000,26.28
campaign_165,creative_442,4,131.19,1.000,32.80
campaign_468,creative_1078,6,131.03,1.000,21.84
campaign_191,creative_325,6,130.85,1.000,21.81
campaign_388,creative_903,4,130.84,1.000,32.71
campaign_139,creative_350,13,130.48,1.000,10.04
campaign_83,creative_250,4,130.43,1.000,32.61
campaign_41,creative_127,3,130.38,1.000,43.46
campaign_522,creative_1187,2,130.31,1.000,65.15
campaign_204,creative_330,3,130.25,1.000,43.42
campaign_35,creative_101,4,130.07,0.667,32.52
campaign_207,creative_327,30,130.05,1.000,4.34
campaign_321,creative_734,4,129.91,1.000,32.48
campaign_555,creative_1277,4,129.68,0.750,32.42
campaign_451,creative_329,7,129.68,1.000,18.53
campaign_476,creative_1103,1,129.66,1.000,129.66
campaign_108,creative_282,10,129.63,1.000,12.96
campaign_99,creative_271,9,129.62,1.000,14.40
campaign_314,creative_743,2,129.54,1.000,64.77
campaign_539,creative_1221,3,129.50,1.000,43.17
campaign_192,creative_325,3,129.38,1.000,43.13
campaign_316,creative_751,4,129.38,1.000,32.35
campaign_95,creative_263,8,129.02,1.000,16.13
campaign_371,creative_822,5,128.89,1.000,25.78
campaign_95,creative_248,17,128.83,1.000,7.58
campaign_163,creative_438,6,128.66,0.667,21.44
campaign_108,creative_280,5,128.62,1.000,25.72
campaign_103,creative_65,10,128.50,1.000,12.85
campaign_90,creative_39,7,128.37,0.857,18.34
campaign_357,creative_848,3,128.34,1.000,42.78
campaign_40,creative_75,2,128.32,1.000,64.16
campaign_268,creative_642,2,128.32,1.000,64.16
campaign_259,creative_622,6,128.24,1.000,21.37
campaign_114,creative_298,27,128.15,1.000,4.75
campaign_103,creative_66,15,128.11,1.000,8.54
campaign_118,creative_312,6,128.03,1.000,21.34
campaign_530,creative_1210,5,127.99,1.000,25.60
campaign_569,creative_1330,2,127.90,1.000,63.95
campaign_194,creative_339,2,127.60,1.000,63.80
campaign_130,creative_345,2,127.34,1.000,63.67
campaign_120,creative_322,3,127.34,1.000,42.45
campaign_570,creative_1308,8,126.80,1.000,15.85
campaign_367,creative_822,4,126.72,1.000,31.68
campaign_187,creative_509,16,126.71,1.000,7.92
campaign_281,creative_655,12,126.46,0.833,10.54
campaign_579,creative_1343,2,126.24,1.000,63.12
campaign_263,creative_632,9,126.15,1.000,14.02
campaign_149,creative_377,5,126.14,1.000,25.23
campaign_194,creative_521,5,126.13,0.800,25.23
campaign_191,creative_330,6,126.13,1.000,21.02
campaign_291,creative_686,5,125.90,1.000,25.18
campaign_327,creative_783,7,125.84,1.000,17.98
campaign_53,creative_158,3,125.81,1.000,41.94
campaign_166,creative_447,10,125.79,1.000,12.58
campaign_82,creative_246,2,125.68,1.000,62.84
campaign_495,creative_1127,5,125.61,1.000,25.12
campaign_551,creative_1262,4,125.42,1.000,31.35
campaign_378,creative_879,7,125.37,1.000,17.91
campaign_95,creative_251,14,125.04,1.000,8.93
campaign_92,creative_50,7,125.02,0.857,17.86
campaign_407,creative_930,45,124.99,0.956,2.78
campaign_195,creative_332,4,124.96,1.000,31.24
campaign_109,creative_284,23,124.92,0.957,5.43
campaign_409,creative_932,2,124.87,1.000,62.43
campaign_203,creative_519,28,124.67,0.981,4.45
campaign_38,creative_119,5,124.47,0.875,24.89
campaign_202,creative_525,3,124.40,1.000,41.47
campaign_103,creative_68,9,124.35,0.889,13.82
campaign_331,creative_784,14,124.32,1.000,8.88
campaign_378,creative_825,10,124.24,1.000,12.42
campaign_314,creative_502,5,124.20,1.000,24.84
campaign_78,creative_237,5,124.10,1.000,24.82
campaign_371,creative_821,2,123.94,1.000,61.97
campaign_324,creative_770,4,123.72,1.000,30.93
campaign_111,creative_296,4,123.63,0.750,30.91
campaign_455,creative_1043,7,123.40,1.000,17.63
campaign_151,creative_387,3,123.39,1.000,41.13
campaign_286,creative_543,3,123.07,1.000,41.02
campaign_289,creative_680,4,123.07,1.000,30.77
campaign_109,creative_287,15,123.02,1.000,8.20
campaign_139,creative_359,9,122.94,1.000,13.66
campaign_527,creative_1202,22,122.66,1.000,5.58
campaign_276,creative_654,3,122.35,1.000,40.78
campaign_107,creative_279,4,121.91,1.000,30.48
campaign_205,creative_327,7,121.21,1.000,17.32
campaign_281,creative_673,7,121.18,1.000,17.31
campaign_130,creative_335,2,121.13,1.000,60.57
campaign_64,creative_193,2,121.13,1.000,60.57
campaign_298,creative_702,4,121.03,1.000,30.26
campaign_257,creative_617,11,120.75,0.818,10.98
campaign_480,creative_1110,4,120.70,1.000,30.18
campaign_113,creative_298,32,120.48,1.000,3.77
campaign_387,creative_898,3,120.36,1.000,40.12
campaign_102,creative_69,4,120.22,1.000,30.05
campaign_174,creative_470,3,120.20,1.000,40.07
campaign_384,creative_890,12,119.92,0.917,9.99
campaign_99,creative_48,14,119.76,1.000,8.55
campaign_481,creative_1098,12,119.61,1.000,9.97
campaign_480,creative_1093,20,119.44,1.000,5.97
campaign_45,creative_139,2,119.44,1.000,59.72
campaign_524,creative_1191,2,119.34,1.000,59.67
campaign_87,creative_248,68,119.27,0.985,1.75
campaign_124,creative_328,6,119.22,1.000,19.87
campaign_91,creative_254,7,119.12,1.000,17.02
campaign_198,creative_518,6,119.08,1.000,19.85
campaign_151,creative_390,4,119.02,1.000,29.76
campaign_436,creative_998,2,118.96,1.000,59.48
campaign_185,creative_503,13,118.93,1.000,9.15
campaign_366,creative_861,2,118.93,1.000,59.46
campaign_146,creative_376,2,118.93,1.000,59.46
campaign_23,creative_54,24,118.92,1.000,4.95
campaign_456,creative_329,7,118.78,1.000,16.97
campaign_318,creative_757,7,118.77,1.000,16.97
campaign_111,creative_294,2,118.48,1.000,59.24
campaign_187,creative_456,2,118.48,1.000,59.24
campaign_573,creative_1333,2,118.48,1.000,59.24
campaign_164,creative_440,2,118.48,1.000,59.24
campaign_357,creative_849,2,118.48,1.000,59.24
campaign_167,creative_452,2,118.48,1.000,59.24
campaign_104,creative_36,2,118.48,1.000,59.24
campaign_572,creative_723,2,118.48,1.000,59.24
campaign_366,creative_865,10,118.25,1.000,11.83
campaign_44,creative_138,3,117.53,1.000,39.18
campaign_107,creative_280,8,117.45,1.000,14.68
campaign_16,creative_34,15,117.41,0.944,7.83
campaign_321,creative_765,22,117.34,0.952,5.33
campaign_149,creative_364,2,117.22,1.000,58.61
campaign_138,creative_351,4,117.19,0.833,29.30
campaign_59,creative_175,2,117.14,1.000,58.57
campaign_272,creative_649,2,117.12,1.000,58.56
campaign_458,creative_330,2,117.09,1.000,58.54
campaign_415,creative_945,8,116.94,1.000,14.62
campaign_551,creative_513,5,116.93,1.000,23.39
campaign_408,creative_931,17,116.70,1.000,6.86
campaign_63,creative_180,7,116.57,1.000,16.65
campaign_553,creative_1269,24,116.51,0.917,4.85
campaign_368,creative_821,12,116.43,1.000,9.70
campaign_176,creative_481,8,116.39,1.000,14.55
campaign_166,creative_449,3,116.36,1.000,38.79
campaign_566,creative_1301,4,116.30,1.000,29.07
campaign_100,creative_58,3,116.23,1.000,38.74
campaign_314,creative_509,5,116.18,1.000,23.24
campaign_199,creative_430,2,116.05,1.000,58.03
campaign_148,creative_377,4,115.73,1.000,28.93
campaign_203,creative_524,6,115.13,1.000,19.19
campaign_2,creative_5,2,115.09,1.000,57.55
campaign_28,creative_77,4,115.09,1.000,28.77
campaign_281,creative_658,3,115.05,1.000,38.35
campaign_192,creative_524,5,114.99,1.000,23.00
campaign_564,creative_1312,4,114.88,1.000,28.72
campaign_150,creative_381,2,114.83,1.000,57.42
campaign_314,creative_744,6,114.51,1.000,19.08
campaign_207,creative_334,5,114.26,1.000,22.85
campaign_111,creative_293,4,114.17,1.000,28.54
campaign_489,creative_1120,7,114.10,1.000,16.30
campaign_450,creative_346,4,113.91,1.000,28.48
campaign_176,creative_480,11,113.87,1.000,10.35
campaign_102,creative_140,6,113.83,0.667,18.97
campaign_545,creative_1247,2,113.63,1.000,56.81
campaign_152,creative_373,3,113.61,1.000,37.87
campaign_42,creative_136,3,113.31,1.000,37.77
campaign_479,creative_1088,4,113.25,1.000,28.31
campaign_189,creative_521,8,113.15,1.000,14.14
campaign_527,creative_1201,2,113.14,1.000,56.57
campaign_19,creative_33,40,113.13,1.000,2.83
campaign_482,creative_1097,10,112.83,1.000,11.28
campaign_174,creative_476,16,112.83,1.000,7.05
campaign_359,creative_855,4,112.54,1.000,28.14
campaign_91,creative_256,10,112.44,1.000,11.24
campaign_589,creative_1360,23,112.34,1.000,4.88
campaign_526,creative_1199,23,112.23,1.000,4.88
campaign_76,creative_224,15,112.01,1.000,7.47
campaign_185,creative_502,4,112.01,0.750,28.00
campaign_557,creative_1269,9,111.17,1.000,12.35
campaign_112,creative_292,13,111.09,0.923,8.55
campaign_195,creative_519,2,110.98,1.000,55.49
campaign_285,creative_647,2,110.98,1.000,55.49
campaign_126,creative_336,3,110.92,0.500,36.97
campaign_321,creative_767,2,110.92,1.000,55.46
campaign_336,creative_795,2,110.92,1.000,55.46
campaign_132,creative_343,2,110.92,1.000,55.46
campaign_200,creative_327,2,110.92,1.000,55.46
campaign_5,creative_13,2,110.92,1.000,55.46
campaign_454,creative_329,19,110.75,1.000,5.83
campaign_361,creative_857,19,110.71,1.000,5.83
campaign_467,creative_1070,2,110.57,1.000,55.29
campaign_545,creative_1239,5,110.57,1.000,22.11
campaign_160,creative_428,8,110.55,1.000,13.82
campaign_192,creative_519,2,110.55,1.000,55.28
campaign_1,creative_1,6,110.54,1.000,18.42
campaign_156,creative_388,10,110.50,1.000,11.05
campaign_414,creative_918,23,110.42,0.957,4.80
campaign_37,creative_84,4,110.34,1.000,27.59
campaign_220,creative_562,4,110.30,1.000,27.57
campaign_258,creative_621,16,110.17,1.000,6.89
campaign_384,creative_893,5,110.12,1.000,22.02
campaign_292,creative_690,2,109.86,1.000,54.93
campaign_112,creative_295,2,109.86,1.000,54.93
campaign_49,creative_145,2,109.86,1.000,54.93
campaign_389,creative_897,4,109.77,0.833,27.44
campaign_410,creative_936,26,109.69,0.962,4.22
campaign_87,creative_251,9,109.68,1.000,12.19
campaign_186,creative_512,22,109.23,0.967,4.97
campaign_160,creative_430,2,109.18,1.000,54.59
campaign_104,creative_39,2,109.18,1.000,54.59
campaign_92,creative_51,2,109.18,1.000,54.59
campaign_177,creative_484,2,109.18,1.000,54.59
campaign_327,creative_784,30,109.15,1.000,3.64
campaign_122,creative_328,14,109.04,1.000,7.79
campaign_289,creative_644,4,108.89,1.000,27.22
campaign_165,creative_443,5,108.79,1.000,21.76
campaign_382,creative_886,6,108.74,1.000,18.12
campaign_204,creative_520,5,108.71,1.000,21.74
campaign_325,creative_777,3,108.64,1.000,36.21
campaign_359,creative_853,2,108.64,1.000,54.32
campaign_525,creative_1197,11,108.60,1.000,9.87
campaign_436,creative_1000,2,108.36,1.000,54.18
campaign_364,creative_824,19,108.35,1.000,5.70
campaign_222,creative_565,2,108.34,1.000,54.17
campaign_388,creative_905,4,108.11,1.000,27.03
campaign_101,creative_59,1,108.06,1.000,108.06
campaign_407,creative_929,5,108.06,1.000,21.61
campaign_159,creative_375,2,107.97,1.000,53.99
campaign_27,creative_73,2,107.97,1.000,53.99
campaign_311,creative_739,2,107.89,1.000,53.95
campaign_308,creative_456,2,107.89,1.000,53.95
campaign_198,creative_517,7,107.64,1.000,15.38
campaign_523,creative_1189,2,107.64,1.000,53.82
campaign_456,creative_1045,4,107.42,0.833,26.85
campaign_439,creative_1022,3,107.23,0.500,35.74
campaign_442,creative_331,1,106.80,1.000,106.80
campaign_173,creative_471,5,106.72,1.000,21.34
campaign_388,creative_904,7,106.65,1.000,15.24
campaign_257,creative_615,1,106.01,1.000,106.01
campaign_563,creative_1306,7,105.66,0.500,15.09
campaign_37,creative_81,25,105.20,0.960,4.21
campaign_369,creative_871,20,105.16,1.000,5.26
campaign_411,creative_938,20,105.09,1.000,5.25
campaign_306,creative_709,12,105.05,0.917,8.75
campaign_496,creative_1129,22,104.72,1.000,4.76
campaign_418,creative_898,8,104.71,1.000,13.09
campaign_289,creative_543,3,104.63,1.000,34.88
campaign_290,creative_644,2,104.46,1.000,52.23
campaign_206,creative_326,2,104.42,1.000,52.21
campaign_468,creative_1080,2,104.42,1.000,52.21
campaign_346,creative_497,6,104.38,1.000,17.40
campaign_401,creative_923,13,104.37,1.000,8.03
campaign_436,creative_1004,2,104.13,1.000,52.06
campaign_124,creative_333,5,104.10,0.800,20.82
campaign_315,creative_513,9,103.88,1.000,11.54
campaign_201,creative_327,38,103.43,1.000,2.72
campaign_554,creative_1267,3,103.35,0.667,34.45
campaign_388,creative_899,2,103.35,1.000,51.67
campaign_199,creative_441,21,103.19,1.000,4.91
campaign_221,creative_565,2,103.14,1.000,51.57
campaign_78,creative_234,8,102.88,1.000,12.86
campaign_336,creative_800,12,102.86,1.000,8.57
campaign_483,creative_1097,9,102.67,1.000,11.41
campaign_436,creative_1005,4,102.61,1.000,25.65
campaign_315,creative_512,5,102.48,1.000,20.50
campaign_222,creative_564,9,102.38,0.889,11.38
campaign_130,creative_340,4,102.35,1.000,25.59
campaign_7,creative_21,2,102.34,1.000,51.17
campaign_418,creative_897,9,102.30,1.000,11.37
campaign_167,creative_453,2,102.25,1.000,51.12
campaign_521,creative_626,6,102.04,1.000,17.01
campaign_279,creative_668,8,102.02,1.000,12.75
campaign_19,creative_42,12,102.02,1.000,8.50
campaign_306,creative_708,5,101.91,1.000,20.38
campaign_44,creative_54,25,101.65,1.000,4.07
campaign_437,creative_1014,9,101.57,1.000,11.29
campaign_5,creative_1,5,101.40,1.000,20.28
campaign_266,creative_638,2,101.39,1.000,50.69
campaign_371,creative_869,8,101.30,1.000,12.66
campaign_151,creative_402,2,101.29,1.000,50.65
campaign_563,creative_1311,4,101.27,1.000,25.32
campaign_483,creative_1112,14,101.19,0.929,7.23
campaign_530,creative_1209,3,101.07,1.000,33.69
campaign_191,creative_324,4,100.94,1.000,25.24
campaign_455,creative_1045,4,100.88,1.000,25.22
campaign_63,creative_177,2,100.83,1.000,50.41
campaign_570,creative_1306,2,100.83,1.000,50.41
campaign_562,creative_1303,2,100.83,1.000,50.41
campaign_563,creative_1309,2,100.83,1.000,50.41
campaign_130,creative_341,3,100.83,0.667,33.61
campaign_436,creative_1002,2,100.83,1.000,50.41
campaign_564,creative_1308,2,100.83,1.000,50.41
campaign_123,creative_332,2,100.83,1.000,50.41
campaign_563,creative_1308,4,100.83,1.000,25.21
campaign_32,creative_83,2,100.83,1.000,50.41
campaign_55,creative_168,3,100.83,0.667,33.61
campaign_296,creative_693,2,100.83,1.000,50.41
campaign_565,creative_1309,3,100.83,0.667,33.61
campaign_269,creative_639,5,100.83,0.333,20.17
campaign_568,creative_1324,2,100.83,1.000,50.41
campaign_135,creative_331,2,100.83,1.000,50.41
campaign_553,creative_1271,2,100.83,1.000,50.41
campaign_276,creative_655,2,100.83,1.000,50.41
campaign_193,creative_339,2,100.83,1.000,50.41
campaign_122,creative_329,2,100.83,1.000,50.41
campaign_554,creative_1272,2,100.83,1.000,50.41
campaign_218,creative_555,2,100.83,1.000,50.41
campaign_144,creative_374,2,100.83,1.000,50.41
campaign_453,creative_329,84,100.75,0.964,1.20
campaign_54,creative_159,6,100.75,1.000,16.79
campaign_545,creative_1242,5,100.72,1.000,20.14
campaign_425,creative_944,70,100.68,0.943,1.44
campaign_479,creative_1089,10,100.58,1.000,10.06
campaign_555,creative_1279,2,100.55,1.000,50.27
campaign_455,creative_1040,66,100.52,0.939,1.52
campaign_459,creative_1049,10,100.45,1.000,10.04
campaign_45,creative_140,6,100.35,0.667,16.72
campaign_583,creative_1345,15,100.32,1.000,6.69
campaign_589,creative_1361,4,100.20,1.000,25.05
campaign_459,creative_1057,6,99.93,1.000,16.65
campaign_462,creative_327,13,99.92,0.846,7.69
campaign_419,creative_958,59,99.92,0.983,1.69
campaign_437,creative_991,2,99.72,1.000,49.86
campaign_187,creative_512,6,99.47,0.833,16.58
campaign_45,creative_70,4,99.47,1.000,24.87
campaign_201,creative_524,1,99.41,1.000,99.41
campaign_455,creative_1046,1,99.41,1.000,99.41
campaign_560,creative_1292,1,99.41,1.000,99.41
campaign_415,creative_946,11,99.35,1.000,9.03
campaign_380,creative_881,1,99.30,1.000,99.30
campaign_412,creative_913,7,99.29,1.000,14.18
campaign_366,creative_868,3,99.10,1.000,33.03
campaign_151,creative_398,2,99.02,1.000,49.51
campaign_272,creative_639,11,98.82,1.000,8.98
campaign_455,creative_524,4,98.65,1.000,24.66
campaign_37,creative_87,6,98.50,1.000,16.42
campaign_182,creative_499,7,98.38,0.714,14.05
campaign_203,creative_343,3,98.37,1.000,32.79
campaign_479,creative_1109,11,98.12,1.000,8.92
campaign_542,creative_1231,4,98.10,1.000,24.53
campaign_468,creative_1086,8,98.10,1.000,12.26
campaign_273,creative_643,2,98.00,1.000,49.00
campaign_474,creative_1098,13,97.73,1.000,7.52
campaign_371,creative_817,8,97.30,1.000,12.16
campaign_459,creative_1051,20,97.24,0.950,4.86
campaign_136,creative_355,13,97.22,0.923,7.48
campaign_222,creative_568,2,97.20,1.000,48.60
campaign_561,creative_1301,2,97.20,1.000,48.60
campaign_118,creative_313,2,96.95,1.000,48.47
campaign_585,creative_1351,2,96.78,1.000,48.39
campaign_198,creative_531,4,96.64,1.000,24.16
campaign_52,creative_161,5,96.60,1.000,19.32
campaign_354,creative_838,9,96.59,1.000,10.73
campaign_233,creative_572,4,96.55,1.000,24.14
campaign_220,creative_555,10,96.54,1.000,9.65
campaign_384,creative_894,6,96.46,1.000,16.08
campaign_121,creative_323,25,96.45,1.000,3.86
campaign_42,creative_42,6,96.00,0.833,16.00
campaign_142,creative_371,4,95.96,1.000,23.99
campaign_203,creative_523,3,95.94,1.000,31.98
campaign_311,creative_740,2,95.84,1.000,47.92
campaign_425,creative_964,12,95.62,1.000,7.97
campaign_272,creative_651,6,95.46,1.000,15.91
campaign_31,creative_83,4,95.41,1.000,23.85
campaign_285,creative_645,2,95.18,1.000,47.59
campaign_117,creative_310,2,95.18,1.000,47.59
campaign_451,creative_1043,2,95.18,1.000,47.59
campaign_564,creative_1310,2,95.18,1.000,47.59
campaign_216,creative_550,12,94.91,1.000,7.91
campaign_125,creative_333,2,94.73,1.000,47.37
campaign_585,creative_1350,8,94.66,1.000,11.83
campaign_475,creative_1100,11,94.62,0.818,8.60
campaign_189,creative_324,9,94.32,1.000,10.48
campaign_5,creative_12,8,94.31,0.875,11.79
campaign_58,creative_171,5,94.03,0.800,18.81
campaign_384,creative_891,17,93.83,0.882,5.52
campaign_173,creative_472,3,93.73,1.000,31.24
campaign_186,creative_502,11,93.68,1.000,8.52
campaign_450,creative_353,17,93.61,1.000,5.51
campaign_155,creative_420,8,93.48,1.000,11.69
campaign_346,creative_512,7,93.43,1.000,13.35
campaign_364,creative_863,8,93.42,1.000,11.68
campaign_202,creative_325,3,93.32,1.000,31.11
campaign_537,creative_1218,3,93.18,1.000,31.06
campaign_191,creative_523,4,93.16,0.750,23.29
campaign_23,creative_55,6,93.02,1.000,15.50
campaign_495,creative_1126,1,92.88,1.000,92.88
campaign_53,creative_152,4,92.80,1.000,23.20
campaign_579,creative_1340,2,92.69,1.000,46.35
campaign_131,creative_336,2,92.69,1.000,46.35
campaign_434,creative_989,2,92.50,1.000,46.25
campaign_217,creative_553,6,92.47,1.000,15.41
campaign_383,creative_885,2,92.44,1.000,46.22
campaign_382,creative_884,2,92.44,1.000,46.22
campaign_384,creative_892,7,92.24,0.857,13.18
campaign_39,creative_123,2,92.23,1.000,46.11
campaign_142,creative_364,4,92.21,1.000,23.05
campaign_568,creative_1321,4,92.04,1.000,23.01
campaign_589,creative_1359,2,92.03,1.000,46.01
campaign_190,creative_330,3,92.03,1.000,30.68
campaign_148,creative_315,9,91.99,0.500,10.22
campaign_259,creative_626,2,91.84,1.000,45.92
campaign_120,creative_319,17,91.77,1.000,5.40
campaign_418,creative_955,4,91.61,1.000,22.90
campaign_416,creative_948,17,91.54,1.000,5.38
campaign_118,creative_314,45,91.46,0.978,2.03
campaign_283,creative_640,3,91.45,1.000,30.48
campaign_422,creative_944,2,91.41,0.500,45.71
campaign_29,creative_83,2,91.40,1.000,45.70
campaign_196,creative_326,37,91.37,0.919,2.47
campaign_425,creative_962,8,91.34,1.000,11.42
campaign_369,creative_790,4,91.13,1.000,22.78
campaign_462,creative_328,10,91.13,0.833,9.11
campaign_484,creative_1114,18,91.12,1.000,5.06
campaign_528,creative_1203,13,91.10,1.000,7.01
campaign_466,creative_1068,3,91.07,1.000,30.36
campaign_55,creative_167,3,91.02,1.000,30.34
campaign_52,creative_160,6,90.93,1.000,15.16
campaign_180,creative_493,3,90.85,1.000,30.28
campaign_530,creative_1207,17,90.82,1.000,5.34
campaign_42,creative_33,30,90.76,0.967,3.03
campaign_404,creative_915,4,90.49,1.000,22.62
campaign_59,creative_180,2,90.44,1.000,45.22
campaign_142,creative_373,2,90.44,1.000,45.22
campaign_436,creative_995,2,90.44,1.000,45.22
campaign_62,creative_191,13,90.26,1.000,6.94
campaign_190,creative_343,3,89.93,1.000,29.98
campaign_188,creative_517,9,89.93,0.778,9.99
campaign_281,creative_656,6,89.92,0.833,14.99
campaign_281,creative_652,5,89.76,1.000,17.95
campaign_142,creative_370,2,89.65,1.000,44.83
campaign_564,creative_1315,2,89.65,1.000,44.83
campaign_419,creative_959,2,89.65,1.000,44.83
campaign_524,creative_1192,2,89.65,1.000,44.82
campaign_315,creative_502,4,89.46,1.000,22.36
campaign_467,creative_1069,2,89.40,1.000,44.70
campaign_127,creative_341,3,89.26,0.500,29.75
campaign_132,creative_336,2,89.26,1.000,44.63
campaign_203,creative_537,2,89.26,1.000,44.63
campaign_405,creative_930,14,89.22,1.000,6.37
campaign_273,creative_645,4,89.18,1.000,22.30
campaign_436,creative_999,4,89.02,1.000,22.25
campaign_124,creative_330,2,88.97,1.000,44.48
campaign_218,creative_556,2,88.97,1.000,44.48
campaign_27,creative_76,2,88.97,1.000,44.48
campaign_382,creative_885,16,88.89,1.000,5.56
campaign_201,creative_523,9,88.84,0.500,9.87
campaign_481,creative_1097,4,88.64,1.000,22.16
campaign_350,creative_825,2,88.62,1.000,44.31
campaign_44,creative_53,16,88.58,1.000,5.54
campaign_256,creative_612,4,88.53,1.000,22.13
campaign_568,creative_1323,5,88.44,1.000,17.69
campaign_445,creative_328,15,88.42,1.000,5.89
campaign_467,creative_1074,34,88.41,0.941,2.60
campaign_65,creative_196,9,88.40,1.000,9.82
campaign_524,creative_1190,12,88.39,1.000,7.37
campaign_207,creative_336,2,88.39,1.000,44.20
campaign_180,creative_494,1,88.37,1.000,88.37
campaign_380,creative_882,2,88.29,1.000,44.14
campaign_203,creative_330,14,88.26,1.000,6.30
campaign_568,creative_1325,4,88.26,1.000,22.06
campaign_171,creative_464,6,88.22,0.833,14.70
campaign_397,creative_915,2,88.15,1.000,44.07
campaign_334,creative_515,11,88.13,1.000,8.01
campaign_37,creative_83,12,87.82,0.917,7.32
campaign_198,creative_533,7,87.74,1.000,12.53
campaign_565,creative_1318,4,87.72,1.000,21.93
campaign_136,creative_356,5,87.65,1.000,17.53
campaign_437,creative_1013,2,87.48,1.000,43.74
campaign_62,creative_189,21,87.35,0.952,4.16
campaign_315,creative_746,7,87.23,1.000,12.46
campaign_143,creative_373,2,87.13,1.000,43.56
campaign_535,creative_1216,2,87.13,1.000,43.56
campaign_214,creative_547,2,87.13,1.000,43.56
campaign_130,creative_338,2,87.13,1.000,43.56
campaign_191,creative_520,2,87.13,1.000,43.56
campaign_29,creative_81,3,87.13,0.500,29.04
campaign_138,creative_360,2,87.13,1.000,43.56
campaign_144,creative_315,2,87.13,1.000,43.56
campaign_32,creative_81,4,87.13,0.333,21.78
campaign_267,creative_640,2,87.13,1.000,43.56
campaign_63,creative_182,3,87.13,1.000,29.04
campaign_125,creative_331,2,87.13,1.000,43.56
campaign_122,creative_327,2,87.13,1.000,43.56
campaign_34,creative_93,1,87.00,1.000,87.00
campaign_317,creative_752,6,86.96,1.000,14.49
campaign_170,creative_459,16,86.94,1.000,5.43
campaign_446,creative_1032,2,86.85,1.000,43.42
campaign_202,creative_524,3,86.76,1.000,28.92
campaign_287,creative_679,3,86.65,0.500,28.88
campaign_201,creative_519,2,86.64,1.000,43.32
campaign_183,creative_466,2,86.63,1.000,43.31
campaign_475,creative_1099,4,86.63,1.000,21.66
campaign_315,creative_745,5,86.54,1.000,17.31
campaign_89,creative_265,1,86.43,1.000,86.43
campaign_374,creative_463,1,86.43,1.000,86.43
campaign_489,creative_1119,4,86.37,1.000,21.59
campaign_100,creative_44,1,86.28,1.000,86.28
campaign_343,creative_811,1,86.28,1.000,86.28
campaign_78,creative_236,20,86.19,1.000,4.31
campaign_422,creative_945,2,86.19,1.000,43.10
campaign_255,creative_611,3,86.18,1.000,28.73
campaign_342,creative_809,2,85.57,1.000,42.78
campaign_408,creative_926,15,85.54,1.000,5.70
campaign_324,creative_771,2,85.49,1.000,42.75
campaign_272,creative_647,3,85.30,1.000,28.43
campaign_130,creative_344,4,85.26,1.000,21.31
campaign_378,creative_880,3,85.26,1.000,28.42
campaign_122,creative_324,4,85.26,1.000,21.31
campaign_311,creative_735,28,85.11,0.964,3.04
campaign_150,creative_383,4,84.89,1.000,21.22
campaign_151,creative_401,2,84.84,1.000,42.42
campaign_283,creative_645,2,84.80,1.000,42.40
campaign_495,creative_1115,5,84.69,1.000,16.94
campaign_353,creative_834,26,84.69,0.923,3.26
campaign_400,creative_920,19,84.62,1.000,4.45
campaign_19,creative_43,5,84.57,1.000,16.91
campaign_216,creative_549,9,84.46,1.000,9.38
campaign_186,creative_513,9,84.43,1.000,9.38
campaign_63,creative_174,13,84.22,1.000,6.48
campaign_320,creative_745,2,84.03,1.000,42.01
campaign_412,creative_940,15,84.02,1.000,5.60
campaign_331,creative_513,4,84.00,0.500,21.00
campaign_175,creative_476,2,84.00,1.000,42.00
campaign_224,creative_570,6,83.99,1.000,14.00
campaign_81,creative_244,6,83.87,1.000,13.98
campaign_389,creative_910,2,83.79,1.000,41.89
campaign_115,creative_301,2,83.79,1.000,41.89
campaign_570,creative_1315,1,83.78,1.000,83.78
campaign_263,creative_615,1,83.78,1.000,83.78
campaign_80,creative_229,25,83.72,1.000,3.35
campaign_139,creative_363,4,83.71,1.000,20.93
campaign_369,creative_809,4,83.59,1.000,20.90
campaign_533,creative_1213,2,83.54,1.000,41.77
campaign_321,creative_762,8,83.50,0.875,10.44
campaign_434,creative_991,2,83.43,1.000,41.71
campaign_23,creative_53,12,83.34,1.000,6.95
campaign_453,creative_1039,14,83.26,1.000,5.95
campaign_327,creative_786,6,83.25,1.000,13.88
campaign_428,creative_952,5,83.23,1.000,16.65
campaign_454,creative_330,6,83.18,1.000,13.86
campaign_272,creative_640,4,82.99,1.000,20.75
campaign_36,creative_78,7,82.97,1.000,11.85
campaign_41,creative_126,9,82.96,1.000,9.22
campaign_566,creative_1302,9,82.84,0.889,9.20
campaign_154,creative_412,5,82.82,1.000,16.56
campaign_564,creative_1314,6,82.81,1.000,13.80
campaign_186,creative_509,24,82.65,0.932,3.44
campaign_295,creative_693,4,82.60,1.000,20.65
campaign_106,creative_282,25,82.51,0.880,3.30
campaign_186,creative_510,11,82.25,1.000,7.48
campaign_415,creative_944,8,82.24,1.000,10.28
campaign_361,creative_855,1,82.19,1.000,82.19
campaign_554,creative_1274,2,82.11,1.000,41.06
campaign_584,creative_1348,5,82.05,1.000,16.41
campaign_131,creative_340,4,81.94,1.000,20.49
campaign_354,creative_837,1,81.85,1.000,81.85
campaign_34,creative_92,1,81.72,1.000,81.72
campaign_483,creative_1113,4,81.70,1.000,20.42
campaign_361,creative_858,2,81.49,1.000,40.74
campaign_459,creative_1052,5,81.30,1.000,16.26
campaign_259,creative_625,3,81.22,1.000,27.07
campaign_286,creative_644,8,81.21,1.000,10.15
campaign_565,creative_1312,4,81.17,1.000,20.29
campaign_276,creative_659,2,81.10,1.000,40.55
campaign_28,creative_80,2,81.10,1.000,40.55
campaign_563,creative_1310,2,81.10,1.000,40.55
campaign_149,creative_373,3,81.04,1.000,27.01
campaign_316,creative_463,4,80.93,1.000,20.23
campaign_348,creative_821,14,80.71,1.000,5.77
campaign_123,creative_333,4,80.60,1.000,20.15
campaign_492,creative_1112,1,80.54,1.000,80.54
campaign_451,creative_342,5,80.53,0.800,16.11
campaign_378,creative_746,3,80.45,1.000,26.82
campaign_294,creative_692,4,80.30,1.000,20.07
campaign_580,creative_1344,4,80.23,1.000,20.06
campaign_91,creative_258,2,80.18,1.000,40.09
campaign_309,creative_733,11,80.09,1.000,7.28
campaign_568,creative_1322,8,80.04,0.875,10.01
campaign_132,creative_341,2,79.96,1.000,39.98
campaign_121,creative_311,3,79.92,1.000,26.64
campaign_210,creative_541,2,79.81,1.000,39.91
campaign_106,creative_278,10,79.72,1.000,7.97
campaign_12,creative_31,1,79.67,1.000,79.67
campaign_314,creative_503,15,79.54,1.000,5.30
campaign_353,creative_835,5,79.53,1.000,15.91
campaign_359,creative_856,29,79.41,1.000,2.74
campaign_154,creative_410,1,79.29,1.000,79.29
campaign_358,creative_851,21,79.15,1.000,3.77
campaign_382,creative_888,13,79.12,1.000,6.09
campaign_49,creative_147,3,79.12,1.000,26.37
campaign_459,creative_1056,15,78.75,1.000,5.25
campaign_306,creative_730,4,78.74,1.000,19.68
campaign_450,creative_1037,6,78.63,1.000,13.10
campaign_464,creative_1061,3,78.61,1.000,26.20
campaign_194,creative_324,8,78.57,1.000,9.82
campaign_454,creative_1043,4,78.49,1.000,19.62
campaign_570,creative_1316,4,78.48,1.000,19.62
campaign_309,creative_735,7,78.43,1.000,11.20
campaign_302,creative_716,3,78.38,1.000,26.13
campaign_44,creative_44,3,78.30,1.000,26.10
campaign_235,creative_581,6,78.28,1.000,13.05
campaign_140,creative_352,14,78.06,0.500,5.58
campaign_482,creative_1111,5,77.98,1.000,15.60
campaign_358,creative_852,2,77.92,1.000,38.96
campaign_399,creative_918,9,77.87,1.000,8.65
campaign_388,creative_908,3,77.87,1.000,25.96
campaign_170,creative_457,17,77.79,0.824,4.58
campaign_316,creative_750,5,77.75,1.000,15.55
campaign_74,creative_220,2,77.73,0.500,38.86
campaign_302,creative_717,26,77.67,1.000,2.99
campaign_139,creative_362,12,77.42,1.000,6.45
campaign_451,creative_524,3,77.24,1.000,25.75
campaign_194,creative_526,2,77.05,1.000,38.52
campaign_216,creative_552,18,77.04,1.000,4.28
campaign_334,creative_497,6,77.04,1.000,12.84
campaign_542,creative_1228,2,76.87,1.000,38.43
campaign_450,creative_1038,6,76.83,1.000,12.81
campaign_468,creative_1084,2,76.76,1.000,38.38
campaign_490,creative_1121,2,76.76,1.000,38.38
campaign_468,creative_1083,2,76.76,1.000,38.38
campaign_338,creative_803,3,76.70,1.000,25.57
campaign_468,creative_1085,2,76.42,1.000,38.21
campaign_524,creative_1194,2,76.41,1.000,38.21
campaign_336,creative_797,19,76.34,0.895,4.02
campaign_171,creative_466,33,76.25,0.970,2.31
campaign_417,creative_951,6,76.23,1.000,12.70
campaign_478,creative_1108,3,76.15,1.000,25.38
campaign_171,creative_465,4,76.04,1.000,19.01
campaign_450,creative_1036,1,75.90,1.000,75.90
campaign_484,creative_1115,2,75.83,1.000,37.92
campaign_469,creative_1087,2,75.83,1.000,37.92
campaign_305,creative_710,15,75.73,1.000,5.05
campaign_100,creative_59,1,75.64,1.000,75.64
campaign_25,creative_71,6,75.59,1.000,12.60
campaign_70,creative_205,12,75.49,1.000,6.29
campaign_336,creative_801,19,75.31,1.000,3.96
campaign_82,creative_245,2,75.31,1.000,37.66
campaign_311,creative_736,23,75.24,1.000,3.27
campaign_279,creative_666,1,75.10,1.000,75.10
campaign_151,creative_400,1,75.10,1.000,75.10
campaign_156,creative_424,4,75.08,1.000,18.77
campaign_557,creative_1267,4,75.03,1.000,18.76
campaign_117,creative_309,2,75.03,1.000,37.51
campaign_200,creative_332,5,74.92,0.800,14.98
campaign_224,creative_571,6,74.81,1.000,12.47
campaign_131,creative_338,2,74.61,1.000,37.31
campaign_16,creative_38,2,74.61,1.000,37.31
campaign_182,creative_500,3,74.61,1.000,24.87
campaign_352,creative_831,2,74.61,1.000,37.31
campaign_350,creative_823,1,74.45,1.000,74.45
campaign_406,creative_928,1,74.45,1.000,74.45
campaign_58,creative_170,2,74.42,1.000,37.21
campaign_364,creative_868,1,74.40,1.000,74.40
campaign_101,creative_134,3,74.34,1.000,24.78
campaign_490,creative_1122,2,74.21,1.000,37.11
campaign_281,creative_659,2,74.18,1.000,37.09
campaign_167,creative_451,2,74.18,1.000,37.09
campaign_109,creative_286,2,74.18,1.000,37.09
campaign_28,creative_79,2,74.18,1.000,37.09
campaign_300,creative_712,14,74.13,1.000,5.29
campaign_110,creative_290,1,74.07,1.000,74.07
campaign_110,creative_288,1,74.07,1.000,74.07
campaign_88,creative_35,1,74.07,1.000,74.07
campaign_183,creative_463,1,74.07,1.000,74.07
campaign_361,creative_851,1,74.07,1.000,74.07
campaign_586,creative_1354,7,74.03,1.000,10.58
campaign_370,creative_870,1,73.98,1.000,73.98
campaign_46,creative_142,1,73.98,1.000,73.98
campaign_51,creative_151,1,73.98,1.000,73.98
campaign_189,creative_332,1,73.97,1.000,73.97
campaign_323,creative_769,1,73.97,1.000,73.97
campaign_384,creative_889,2,73.94,1.000,36.97
campaign_350,creative_824,4,73.85,1.000,18.46
campaign_140,creative_359,4,73.80,1.000,18.45
campaign_345,creative_815,1,73.76,1.000,73.76
campaign_101,creative_133,1,73.76,1.000,73.76
campaign_557,creative_1273,7,73.68,1.000,10.53
campaign_171,creative_463,17,73.58,1.000,4.33
campaign_262,creative_631,1,73.47,1.000,73.47
campaign_242,creative_593,2,73.35,1.000,36.67
campaign_15,creative_35,2,73.26,1.000,36.63
campaign_202,creative_523,8,73.11,1.000,9.14
campaign_531,creative_1212,2,73.09,1.000,36.54
campaign_139,creative_326,2,73.09,1.000,36.54
campaign_306,creative_502,5,72.85,1.000,14.57
campaign_526,creative_1198,2,72.76,1.000,36.38
campaign_472,creative_1094,6,72.76,1.000,12.13
campaign_371,creative_870,2,72.74,1.000,36.37
campaign_336,creative_796,9,72.65,1.000,8.07
campaign_358,creative_853,6,72.55,1.000,12.09
campaign_418,creative_954,5,72.55,1.000,14.51
campaign_321,creative_764,8,72.53,1.000,9.07
campaign_103,creative_275,2,72.36,1.000,36.18
campaign_105,creative_277,1,72.21,1.000,72.21
campaign_42,creative_133,3,72.15,1.000,24.05
campaign_41,creative_131,24,72.05,1.000,3.00
campaign_170,creative_456,2,72.00,1.000,36.00
campaign_268,creative_641,2,71.97,1.000,35.99
campaign_62,creative_187,4,71.93,1.000,17.98
campaign_192,creative_343,2,71.93,1.000,35.97
campaign_201,creative_521,2,71.78,1.000,35.89
campaign_405,creative_929,4,71.71,1.000,17.93
campaign_380,creative_883,1,71.69,1.000,71.69
campaign_372,creative_844,47,71.66,1.000,1.52
campaign_437,creative_990,5,71.59,1.000,14.32
campaign_388,creative_906,2,71.59,1.000,35.80
campaign_429,creative_969,1,71.56,1.000,71.56
campaign_515,creative_1169,4,71.36,1.000,17.84
campaign_155,creative_419,1,71.32,1.000,71.32
campaign_119,creative_316,1,71.32,1.000,71.32
campaign_59,creative_177,1,71.32,1.000,71.32
campaign_436,creative_1009,2,71.32,1.000,35.66
campaign_69,creative_201,1,71.32,1.000,71.32
campaign_37,creative_88,2,71.32,0.500,35.66
campaign_560,creative_1295,1,71.32,1.000,71.32
campaign_138,creative_359,1,71.32,1.000,71.32
campaign_204,creative_521,7,71.23,1.000,10.18
campaign_565,creative_1311,3,71.16,0.667,23.72
campaign_124,creative_329,4,71.16,0.333,17.79
campaign_7,creative_20,2,71.16,1.000,35.58
campaign_554,creative_1275,2,71.16,1.000,35.58
campaign_201,creative_324,2,71.16,1.000,35.58
campaign_302,creative_720,10,70.98,1.000,7.10
campaign_540,creative_1225,4,70.96,1.000,17.74
campaign_76,creative_225,24,70.93,1.000,2.96
campaign_110,creative_289,2,70.92,1.000,35.46
campaign_281,creative_674,4,70.89,1.000,17.72
campaign_361,creative_852,4,70.87,1.000,17.72
campaign_475,creative_1102,4,70.85,0.750,17.71
campaign_557,creative_1284,2,70.77,1.000,35.39
campaign_354,creative_833,9,70.77,1.000,7.86
campaign_136,creative_357,13,70.68,1.000,5.44
campaign_70,creative_202,4,70.36,1.000,17.59
campaign_315,creative_498,5,70.34,1.000,14.07
campaign_453,creative_325,3,70.23,1.000,23.41
campaign_316,creative_749,9,70.20,1.000,7.80
campaign_74,creative_216,2,70.12,1.000,35.06
campaign_272,creative_648,1,70.09,1.000,70.09
campaign_169,creative_455,1,70.04,1.000,70.04
campaign_88,creative_34,1,70.04,1.000,70.04
campaign_168,creative_454,1,70.04,1.000,70.04
campaign_590,creative_1362,3,70.01,1.000,23.34
campaign_302,creative_718,15,69.91,1.000,4.66
campaign_142,creative_368,2,69.84,1.000,34.92
campaign_141,creative_350,2,69.84,1.000,34.92
campaign_148,creative_378,3,69.84,0.500,23.28
campaign_555,creative_1276,2,69.84,1.000,34.92
campaign_130,creative_339,2,69.84,1.000,34.92
campaign_219,creative_559,4,69.84,0.500,17.46
campaign_106,creative_279,14,69.71,1.000,4.98
campaign_141,creative_358,2,69.68,1.000,34.84
campaign_142,creative_369,2,69.68,1.000,34.84
campaign_122,creative_330,2,69.68,1.000,34.84
campaign_191,creative_525,2,69.68,1.000,34.84
campaign_3,creative_7,2,69.68,1.000,34.84
campaign_124,creative_324,3,69.68,0.667,23.23
campaign_220,creative_560,3,69.68,0.667,23.23
campaign_27,creative_74,2,69.68,1.000,34.84
campaign_546,creative_1250,2,69.68,1.000,34.84
campaign_188,creative_516,2,69.68,1.000,34.84
campaign_276,creative_657,2,69.68,1.000,34.84
campaign_564,creative_1313,2,69.68,1.000,34.84
campaign_34,creative_94,2,69.68,1.000,34.84
campaign_63,creative_192,2,69.68,1.000,34.84
campaign_240,creative_591,2,69.64,1.000,34.82
campaign_315,creative_497,12,69.60,0.917,5.80
campaign_417,creative_953,2,69.58,1.000,34.79
campaign_388,creative_900,2,69.58,1.000,34.79
campaign_153,creative_404,3,69.53,1.000,23.18
campaign_251,creative_605,2,69.52,1.000,34.76
campaign_454,creative_524,3,69.52,1.000,23.17
campaign_318,creative_753,5,69.47,0.800,13.89
campaign_150,creative_382,8,69.34,1.000,8.67
campaign_337,creative_456,2,69.27,1.000,34.63
campaign_132,creative_340,2,69.05,1.000,34.52
campaign_186,creative_515,16,69.04,1.000,4.32
campaign_285,creative_649,1,69.02,1.000,69.02
campaign_5,creative_5,4,68.83,1.000,17.21
campaign_95,creative_268,1,68.77,1.000,68.77
campaign_569,creative_1329,1,68.75,1.000,68.75
campaign_107,creative_283,1,68.68,1.000,68.68
campaign_43,creative_137,1,68.68,1.000,68.68
campaign_379,creative_879,1,68.68,1.000,68.68
campaign_366,creative_860,4,68.66,0.750,17.17
campaign_321,creative_760,2,68.66,1.000,34.33
campaign_42,creative_135,3,68.65,1.000,22.88
campaign_314,creative_510,3,68.64,1.000,22.88
campaign_186,creative_514,10,68.59,1.000,6.86
campaign_52,creative_159,7,68.58,1.000,9.80
campaign_531,creative_1211,2,68.57,1.000,34.28
campaign_454,creative_1040,8,68.41,0.929,8.55
campaign_295,creative_696,3,68.35,1.000,22.78
campaign_302,creative_721,4,68.31,1.000,17.08
campaign_529,creative_1206,2,68.26,1.000,34.13
campaign_24,creative_65,36,68.26,0.972,1.90
campaign_98,creative_266,6,68.20,1.000,11.37
campaign_81,creative_242,7,68.17,1.000,9.74
campaign_351,creative_823,5,68.11,1.000,13.62
campaign_454,creative_1039,3,68.07,1.000,22.69
campaign_276,creative_658,1,67.86,1.000,67.86
campaign_203,creative_325,1,67.81,1.000,67.81
campaign_279,creative_670,1,67.81,1.000,67.81
campaign_16,creative_36,9,67.79,0.429,7.53
campaign_548,creative_1257,1,67.76,1.000,67.76
campaign_353,creative_839,1,67.76,1.000,67.76
campaign_165,creative_444,1,67.76,1.000,67.76
campaign_329,creative_509,1,67.76,1.000,67.76
campaign_368,creative_792,1,67.76,1.000,67.76
campaign_82,creative_247,2,67.73,1.000,33.86
campaign_363,creative_860,2,67.73,1.000,33.86
campaign_456,creative_523,4,67.69,1.000,16.92
campaign_528,creative_1205,1,67.44,1.000,67.44
campaign_557,creative_1272,1,67.43,1.000,67.43
campaign_349,creative_822,3,67.37,1.000,22.46
campaign_419,creative_957,4,67.23,1.000,16.81
campaign_566,creative_1303,2,67.12,1.000,33.56
campaign_336,creative_802,5,66.85,1.000,13.37
campaign_545,creative_1246,1,66.81,1.000,66.81
campaign_58,creative_172,3,66.71,1.000,22.24
campaign_223,creative_569,1,66.55,1.000,66.55
campaign_126,creative_337,2,66.53,1.000,33.26
campaign_382,creative_887,2,66.52,1.000,33.26
campaign_91,creative_253,2,66.50,1.000,33.25
campaign_198,creative_532,1,66.32,1.000,66.32
campaign_308,creative_463,1,66.32,1.000,66.32
campaign_73,creative_213,2,66.28,1.000,33.14
campaign_522,creative_1188,2,66.27,1.000,33.13
campaign_100,creative_57,2,66.27,1.000,33.13
campaign_205,creative_332,4,66.24,1.000,16.56
campaign_309,creative_736,9,66.13,0.889,7.35
campaign_99,creative_270,2,66.02,1.000,33.01
campaign_103,creative_62,7,66.01,1.000,9.43
campaign_173,creative_475,7,65.91,1.000,9.42
campaign_286,creative_678,3,65.90,1.000,21.97
campaign_173,creative_478,6,65.90,1.000,10.98
campaign_371,creative_730,1,65.68,1.000,65.68
campaign_563,creative_1307,2,65.67,1.000,32.84
campaign_185,creative_505,3,65.66,1.000,21.89
campaign_1,creative_3,2,65.64,1.000,32.82
campaign_35,creative_102,2,65.64,1.000,32.82
campaign_348,creative_822,9,65.53,1.000,7.28
campaign_353,creative_837,6,65.44,0.833,10.91
campaign_27,creative_75,14,65.42,0.857,4.67
campaign_41,creative_128,5,65.38,1.000,13.08
campaign_523,creative_1188,2,65.30,1.000,32.65
campaign_513,creative_1152,4,65.29,1.000,16.32
campaign_123,creative_328,2,65.28,1.000,32.64
campaign_278,creative_663,2,65.15,1.000,32.57
campaign_191,creative_526,2,65.15,1.000,32.57
campaign_364,creative_866,3,65.05,1.000,21.68
campaign_534,creative_1216,4,64.98,1.000,16.24
campaign_89,creative_45,4,64.98,1.000,16.25
campaign_478,creative_1106,2,64.87,1.000,32.43
campaign_459,creative_347,9,64.86,1.000,7.21
campaign_201,creative_343,8,64.83,1.000,8.10
campaign_351,creative_828,15,64.82,0.933,4.32
campaign_402,creative_924,2,64.79,1.000,32.40
campaign_307,creative_709,1,64.77,1.000,64.77
campaign_429,creative_968,1,64.77,1.000,64.77
campaign_372,creative_873,10,64.71,1.000,6.47
campaign_555,creative_1278,2,64.70,1.000,32.35
campaign_39,creative_121,1,64.64,1.000,64.64
campaign_173,creative_470,4,64.61,1.000,16.15
campaign_334,creative_743,16,64.61,1.000,4.04
campaign_173,creative_477,9,64.48,1.000,7.16
campaign_300,creative_711,2,64.33,1.000,32.16
campaign_91,creative_255,2,64.33,1.000,32.17
campaign_151,creative_399,1,64.16,1.000,64.16
campaign_91,creative_266,2,63.96,1.000,31.98
campaign_91,creative_257,4,63.89,1.000,15.97
campaign_354,creative_840,1,63.88,1.000,63.88
campaign_154,creative_413,3,63.84,1.000,21.28
campaign_488,creative_1119,3,63.72,1.000,21.24
campaign_591,creative_1363,1,63.71,1.000,63.71
campaign_291,creative_689,1,63.67,1.000,63.67
campaign_59,creative_178,2,63.64,1.000,31.82
campaign_503,creative_1145,3,63.64,0.667,21.21
campaign_428,creative_951,4,63.49,1.000,15.87
campaign_346,creative_818,3,63.48,1.000,21.16
campaign_287,creative_681,4,63.36,1.000,15.84
campaign_437,creative_1017,1,63.36,1.000,63.36
campaign_107,creative_282,11,63.27,1.000,5.75
campaign_417,creative_952,4,63.26,1.000,15.82
campaign_108,creative_279,5,63.19,1.000,12.64
campaign_338,creative_805,4,62.97,1.000,15.74
campaign_364,creative_862,2,62.97,1.000,31.49
campaign_559,creative_1289,1,62.93,1.000,62.93
campaign_41,creative_130,3,62.90,1.000,20.97
campaign_563,creative_1312,4,62.85,1.000,15.71
campaign_80,creative_240,1,62.84,1.000,62.84
campaign_117,creative_311,2,62.82,1.000,31.41
campaign_182,creative_463,5,62.80,1.000,12.56
campaign_331,creative_499,1,62.78,1.000,62.78
campaign_103,creative_274,1,62.67,1.000,62.67
campaign_183,creative_499,1,62.67,1.000,62.67
campaign_95,creative_249,3,62.63,1.000,20.88
campaign_182,creative_466,15,62.45,1.000,4.16
campaign_137,creative_353,1,62.37,1.000,62.37
campaign_453,creative_524,1,62.37,1.000,62.37
campaign_264,creative_636,1,62.37,1.000,62.37
campaign_24,creative_61,34,62.36,1.000,1.83
campaign_346,creative_817,3,62.33,1.000,20.78
campaign_99,creative_50,4,62.15,1.000,15.54
campaign_7,creative_16,1,62.14,1.000,62.14
campaign_179,creative_489,11,62.07,1.000,5.64
campaign_305,creative_466,7,61.97,1.000,8.85
campaign_327,creative_710,23,61.83,0.957,2.69
campaign_87,creative_249,7,61.70,1.000,8.81
campaign_452,creative_329,3,61.59,1.000,20.53
campaign_317,creative_754,11,61.58,1.000,5.60
campaign_122,creative_325,2,61.39,1.000,30.70
campaign_205,creative_522,2,61.39,1.000,30.70
campaign_467,creative_1075,2,61.39,1.000,30.70
campaign_100,creative_56,2,61.36,1.000,30.68
campaign_100,creative_54,3,61.33,1.000,20.44
campaign_504,creative_1140,29,61.32,1.000,2.11
campaign_523,creative_1184,2,61.31,1.000,30.66
campaign_173,creative_476,16,61.29,1.000,3.83
campaign_468,creative_1079,2,61.12,1.000,30.56
campaign_239,creative_590,2,61.09,1.000,30.54
campaign_152,creative_380,2,61.00,1.000,30.50
campaign_113,creative_297,2,60.96,1.000,30.48
campaign_156,creative_366,2,60.95,1.000,30.48
campaign_204,creative_343,3,60.91,1.000,20.30
campaign_204,creative_524,3,60.88,1.000,20.29
campaign_30,creative_84,2,60.85,1.000,30.42
campaign_349,creative_463,11,60.67,1.000,5.52
campaign_332,creative_510,5,60.62,1.000,12.12
campaign_101,creative_42,6,60.62,1.000,10.10
campaign_325,creative_778,2,60.61,1.000,30.31
campaign_350,creative_828,20,60.60,1.000,3.03
campaign_215,creative_541,1,60.57,1.000,60.57
campaign_138,creative_361,1,60.57,1.000,60.57
campaign_267,creative_639,3,60.57,0.500,20.19
campaign_195,creative_526,1,60.57,1.000,60.57
campaign_136,creative_326,3,60.54,1.000,20.18
campaign_237,creative_588,6,60.46,1.000,10.08
campaign_7,creative_7,10,60.18,1.000,6.02
campaign_44,creative_57,4,60.14,1.000,15.04
campaign_303,creative_726,2,60.12,1.000,30.06
campaign_506,creative_1157,6,59.97,1.000,10.00
campaign_241,creative_592,24,59.96,0.958,2.50
campaign_211,creative_541,1,59.92,1.000,59.92
campaign_194,creative_519,2,59.83,1.000,29.92
campaign_149,creative_386,2,59.82,1.000,29.91
campaign_21,creative_50,10,59.78,1.000,5.98
campaign_72,creative_208,1,59.64,1.000,59.64
campaign_107,creative_278,1,59.46,1.000,59.46
campaign_77,creative_232,1,59.44,1.000,59.44
campaign_210,creative_542,2,59.39,1.000,29.70
campaign_516,creative_1171,4,59.39,1.000,14.85
campaign_465,creative_1066,4,59.28,1.000,14.82
campaign_291,creative_687,6,59.25,1.000,9.87
campaign_111,creative_295,1,59.24,1.000,59.24
campaign_572,creative_724,2,59.24,1.000,29.62
campaign_99,creative_272,1,59.24,1.000,59.24
campaign_550,creative_1260,1,59.24,1.000,59.24
campaign_174,creative_478,1,59.24,1.000,59.24
campaign_331,creative_463,1,59.24,1.000,59.24
campaign_161,creative_431,1,59.24,1.000,59.24
campaign_338,creative_804,1,59.24,1.000,59.24
campaign_176,creative_482,1,59.24,1.000,59.24
campaign_87,creative_263,1,59.24,1.000,59.24
campaign_110,creative_291,1,59.24,1.000,59.24
campaign_176,creative_483,1,59.24,1.000,59.24
campaign_557,creative_1271,2,59.22,1.000,29.61
campaign_200,creative_339,3,59.13,1.000,19.71
campaign_550,creative_1261,8,59.12,1.000,7.39
campaign_343,creative_810,4,59.05,1.000,14.76
campaign_426,creative_965,1,58.87,1.000,58.87
campaign_226,creative_575,11,58.84,0.909,5.35
campaign_242,creative_592,49,58.70,1.000,1.20
campaign_244,creative_586,9,58.67,1.000,6.52
campaign_132,creative_338,2,58.64,1.000,29.32
campaign_545,creative_1235,4,58.61,1.000,14.65
campaign_30,creative_86,1,58.54,1.000,58.54
campaign_344,creative_812,1,58.46,1.000,58.46
campaign_548,creative_1258,1,58.46,1.000,58.46
campaign_259,creative_623,3,58.45,0.667,19.48
campaign_526,creative_1200,2,58.45,1.000,29.23
campaign_524,creative_1195,2,58.45,1.000,29.23
campaign_437,creative_992,1,58.29,1.000,58.29
campaign_79,creative_238,6,58.28,1.000,9.71
campaign_395,creative_915,1,58.18,1.000,58.18
campaign_247,creative_597,4,58.07,1.000,14.52
campaign_332,creative_746,18,58.07,1.000,3.23
campaign_3,creative_6,4,57.94,0.333,14.48
campaign_49,creative_143,1,57.91,1.000,57.91
campaign_49,creative_146,1,57.91,1.000,57.91
campaign_46,creative_141,1,57.91,1.000,57.91
campaign_50,creative_149,1,57.91,1.000,57.91
campaign_50,creative_148,1,57.91,1.000,57.91
campaign_217,creative_554,2,57.85,1.000,28.92
campaign_350,creative_827,2,57.66,1.000,28.83
campaign_354,creative_835,2,57.66,1.000,28.83
campaign_25,creative_69,2,57.66,1.000,28.83
campaign_306,creative_732,2,57.66,1.000,28.83
campaign_16,creative_37,2,57.66,1.000,28.83
campaign_106,creative_281,2,57.59,1.000,28.79
campaign_192,creative_523,1,57.55,1.000,57.55
campaign_556,creative_1281,1,57.55,1.000,57.55
campaign_184,creative_505,9,57.55,1.000,6.39
campaign_148,creative_379,4,57.55,1.000,14.39
campaign_201,creative_526,9,57.39,1.000,6.38
campaign_453,creative_1043,3,57.37,1.000,19.12
campaign_423,creative_945,3,57.36,1.000,19.12
campaign_53,creative_154,5,57.29,1.000,11.46
campaign_170,creative_458,3,57.27,1.000,19.09
campaign_212,creative_545,1,57.25,1.000,57.25
campaign_9,creative_27,1,57.25,1.000,57.25
campaign_199,creative_427,6,56.97,1.000,9.49
campaign_459,creative_1047,2,56.91,1.000,28.45
campaign_254,creative_610,8,56.88,1.000,7.11
campaign_243,creative_593,40,56.88,1.000,1.42
campaign_460,creative_332,8,56.86,1.000,7.11
campaign_367,creative_501,8,56.77,1.000,7.10
campaign_17,creative_40,1,56.62,1.000,56.62
campaign_401,creative_922,15,56.46,1.000,3.76
campaign_123,creative_331,3,56.39,0.667,18.80
campaign_131,creative_339,2,56.39,1.000,28.20
campaign_66,creative_199,2,56.39,1.000,28.20
campaign_15,creative_34,5,56.38,0.800,11.28
campaign_25,creative_70,31,56.37,0.968,1.82
campaign_364,creative_508,3,56.28,1.000,18.76
campaign_306,creative_466,11,56.21,1.000,5.11
campaign_348,creative_463,7,56.13,1.000,8.02
campaign_5,creative_3,3,56.13,1.000,18.71
campaign_41,creative_125,1,56.04,1.000,56.04
campaign_232,creative_580,4,56.02,1.000,14.00
campaign_259,creative_627,6,56.01,1.000,9.34
campaign_459,creative_1053,4,55.95,1.000,13.99
campaign_193,creative_521,3,55.86,0.500,18.62
campaign_145,creative_370,2,55.86,1.000,27.93
campaign_302,creative_719,2,55.86,1.000,27.93
campaign_124,creative_331,2,55.86,1.000,27.93
campaign_142,creative_366,2,55.86,1.000,27.93
campaign_222,creative_567,2,55.86,1.000,27.93
campaign_140,creative_358,2,55.86,1.000,27.93
campaign_329,creative_501,3,55.71,1.000,18.57
campaign_145,creative_374,2,55.70,1.000,27.85
campaign_276,creative_656,2,55.70,1.000,27.85
campaign_456,creative_1041,3,55.68,1.000,18.56
campaign_332,creative_789,5,55.66,1.000,11.13
campaign_153,creative_406,3,55.58,1.000,18.53
campaign_21,creative_48,10,55.52,1.000,5.55
campaign_477,creative_1105,1,55.46,1.000,55.46
campaign_557,creative_1283,1,55.46,1.000,55.46
campaign_570,creative_1312,2,55.41,1.000,27.71
campaign_189,creative_519,2,55.41,1.000,27.71
campaign_232,creative_573,12,55.41,1.000,4.62
campaign_220,creative_561,2,55.41,1.000,27.71
campaign_207,creative_519,6,55.26,1.000,9.21
campaign_441,creative_1027,1,55.07,1.000,55.07
campaign_98,creative_258,1,55.07,1.000,55.07
campaign_467,creative_1076,4,55.01,1.000,13.75
campaign_504,creative_1148,21,54.94,1.000,2.62
campaign_374,creative_875,1,54.93,1.000,54.93
campaign_180,creative_496,2,54.88,1.000,27.44
campaign_24,creative_63,1,54.86,1.000,54.86
campaign_441,creative_1028,1,54.75,1.000,54.75
campaign_429,creative_927,11,54.69,1.000,4.97
campaign_119,creative_318,2,54.61,1.000,27.30
campaign_565,creative_1317,2,54.60,1.000,27.30
campaign_187,creative_510,2,54.59,0.500,27.30
campaign_373,creative_874,1,54.59,1.000,54.59
campaign_571,creative_1332,1,54.59,1.000,54.59
campaign_245,creative_593,10,54.54,0.900,5.45
campaign_149,creative_385,2,54.48,1.000,27.24
campaign_221,creative_563,2,54.36,1.000,27.18
campaign_8,creative_25,3,54.23,1.000,18.08
campaign_116,creative_307,2,54.17,1.000,27.08
campaign_375,creative_876,2,54.17,1.000,27.08
campaign_261,creative_630,8,54.04,1.000,6.75
campaign_560,creative_1294,1,53.91,1.000,53.91
campaign_56,creative_160,6,53.91,1.000,8.98
campaign_440,creative_1025,1,53.91,1.000,53.91
campaign_346,creative_816,5,53.88,1.000,10.78
campaign_496,creative_1128,3,53.79,1.000,17.93
campaign_275,creative_653,1,53.73,1.000,53.73
campaign_71,creative_204,1,53.73,1.000,53.73
campaign_520,creative_1183,16,53.68,1.000,3.35
campaign_23,creative_58,15,53.65,1.000,3.58
campaign_296,creative_698,2,53.64,1.000,26.82
campaign_493,creative_1112,2,53.62,1.000,26.81
campaign_475,creative_1101,3,53.55,1.000,17.85
campaign_184,creative_503,8,53.51,1.000,6.69
campaign_307,creative_708,1,53.48,1.000,53.48
campaign_332,creative_790,18,53.45,1.000,2.97
campaign_190,creative_522,1,53.45,1.000,53.45
campaign_299,creative_708,3,53.42,1.000,17.81
campaign_498,creative_1131,5,53.20,0.800,10.64
campaign_498,creative_1137,4,53.20,1.000,13.30
campaign_152,creative_379,2,53.08,1.000,26.54
campaign_295,creative_695,2,53.01,1.000,26.51
campaign_364,creative_865,22,52.96,0.955,2.41
campaign_278,creative_661,2,52.96,1.000,26.48
campaign_199,creative_428,6,52.95,1.000,8.82
campaign_356,creative_843,1,52.93,1.000,52.93
campaign_189,creative_520,2,52.73,1.000,26.36
campaign_8,creative_23,2,52.58,1.000,26.29
campaign_324,creative_772,1,52.51,1.000,52.51
campaign_338,creative_746,22,52.48,1.000,2.39
campaign_77,creative_229,9,52.44,1.000,5.83
campaign_67,creative_198,1,52.35,1.000,52.35
campaign_250,creative_601,39,52.29,0.974,1.34
campaign_512,creative_1154,22,52.28,1.000,2.38
campaign_96,creative_269,1,52.23,1.000,52.23
campaign_557,creative_1285,1,52.23,1.000,52.23
campaign_449,creative_335,2,52.16,1.000,26.08
campaign_543,creative_1232,1,52.09,1.000,52.09
campaign_119,creative_317,2,51.97,1.000,25.98
campaign_470,creative_1088,1,51.96,1.000,51.96
campaign_521,creative_623,1,51.88,1.000,51.88
campaign_154,creative_409,2,51.75,1.000,25.87
campaign_2,creative_4,2,51.56,1.000,25.78
campaign_448,creative_327,2,51.56,1.000,25.78
campaign_538,creative_1220,2,51.56,1.000,25.78
campaign_191,creative_339,2,51.56,1.000,25.78
campaign_179,creative_487,6,51.45,1.000,8.57
campaign_470,creative_1067,4,51.27,1.000,12.82
campaign_325,creative_774,3,51.26,1.000,17.09
campaign_586,creative_1353,2,51.25,1.000,25.62
campaign_498,creative_1135,25,51.17,0.960,2.05
campaign_551,creative_1266,1,51.12,1.000,51.12
campaign_508,creative_1163,65,51.06,0.985,0.79
campaign_79,creative_225,6,50.91,1.000,8.48
campaign_174,creative_477,8,50.87,0.750,6.36
campaign_183,creative_501,6,50.78,1.000,8.46
campaign_242,creative_583,1,50.77,1.000,50.77
campaign_499,creative_1140,1,50.77,1.000,50.77
campaign_392,creative_913,1,50.59,1.000,50.59
campaign_259,creative_624,2,50.59,1.000,25.30
campaign_236,creative_586,11,50.56,0.909,4.60
campaign_233,creative_573,11,50.55,0.909,4.60
campaign_539,creative_1222,3,50.54,1.000,16.85
campaign_421,creative_960,1,50.50,1.000,50.50
campaign_516,creative_1170,11,50.46,0.909,4.59
campaign_246,creative_598,63,50.43,0.968,0.80
campaign_296,creative_701,1,50.41,1.000,50.41
campaign_555,creative_1280,1,50.41,1.000,50.41
campaign_139,creative_351,1,50.41,1.000,50.41
campaign_271,creative_643,1,50.41,1.000,50.41
campaign_542,creative_1230,1,50.41,1.000,50.41
campaign_455,creative_1041,1,50.41,1.000,50.41
campaign_202,creative_520,1,50.41,1.000,50.41
campaign_557,creative_1268,1,50.41,1.000,50.41
campaign_36,creative_106,1,50.41,1.000,50.41
campaign_63,creative_175,1,50.41,1.000,50.41
campaign_567,creative_1320,1,50.41,1.000,50.41
campaign_152,creative_386,1,50.41,1.000,50.41
campaign_182,creative_497,9,50.33,1.000,5.59
campaign_205,creative_324,6,50.18,1.000,8.36
campaign_430,creative_970,2,50.04,1.000,25.02
campaign_245,creative_584,114,49.94,0.974,0.44
campaign_263,creative_633,2,49.92,1.000,24.96
campaign_165,creative_445,1,49.86,1.000,49.86
campaign_10,creative_28,1,49.86,1.000,49.86
campaign_504,creative_1147,11,49.78,1.000,4.53
campaign_508,creative_1162,12,49.78,1.000,4.15
campaign_311,creative_737,2,49.67,1.000,24.83
campaign_495,creative_1125,2,49.67,1.000,24.83
campaign_501,creative_1143,2,49.66,1.000,24.83
campaign_77,creative_230,2,49.62,1.000,24.81
campaign_318,creative_752,5,49.46,1.000,9.89
campaign_548,creative_1253,4,49.45,1.000,12.36
campaign_462,creative_324,7,49.31,1.000,7.04
campaign_518,creative_1174,31,49.29,1.000,1.59
campaign_459,creative_1050,3,48.96,1.000,16.32
campaign_241,creative_593,3,48.95,1.000,16.32
campaign_249,creative_604,17,48.81,1.000,2.87
campaign_249,creative_602,18,48.77,0.944,2.71
campaign_432,creative_985,4,48.64,0.667,12.16
campaign_152,creative_377,3,48.61,1.000,16.20
campaign_173,creative_474,1,48.60,1.000,48.60
campaign_156,creative_390,1,48.60,1.000,48.60
campaign_428,creative_967,1,48.60,1.000,48.60
campaign_250,creative_604,68,48.42,0.956,0.71
campaign_59,creative_182,2,48.40,1.000,24.20
campaign_222,creative_563,2,48.40,1.000,24.20
campaign_519,creative_1181,15,48.21,1.000,3.21
campaign_195,creative_339,2,48.09,0.500,24.04
campaign_236,creative_585,54,48.04,0.926,0.89
campaign_38,creative_120,1,47.99,1.000,47.99
campaign_304,creative_728,1,47.95,1.000,47.95
campaign_307,creative_731,1,47.95,1.000,47.95
campaign_318,creative_758,1,47.95,1.000,47.95
campaign_77,creative_227,1,47.95,1.000,47.95
campaign_307,creative_466,1,47.92,1.000,47.92
campaign_353,creative_832,1,47.92,1.000,47.92
campaign_506,creative_1158,12,47.78,1.000,3.98
campaign_290,creative_683,1,47.59,1.000,47.59
campaign_152,creative_381,1,47.59,1.000,47.59
campaign_455,creative_325,1,47.59,1.000,47.59
campaign_246,creative_595,8,47.53,1.000,5.94
campaign_281,creative_672,2,47.45,1.000,23.72
campaign_491,creative_1070,1,47.45,1.000,47.45
campaign_203,creative_339,5,47.44,1.000,9.49
campaign_321,creative_761,3,47.28,1.000,15.76
campaign_52,creative_154,3,47.25,1.000,15.75
campaign_470,creative_1089,1,47.18,1.000,47.18
campaign_474,creative_1097,1,47.18,1.000,47.18
campaign_473,creative_1095,1,47.18,1.000,47.18
campaign_490,creative_1071,1,47.18,1.000,47.18
campaign_471,creative_1069,1,47.18,1.000,47.18
campaign_471,creative_1091,1,47.18,1.000,47.18
campaign_450,creative_335,3,47.14,1.000,15.71
campaign_24,creative_60,16,47.08,1.000,2.94
campaign_87,creative_262,1,47.06,1.000,47.06
campaign_410,creative_937,2,47.06,1.000,23.53
campaign_100,creative_138,2,47.04,1.000,23.52
campaign_311,creative_738,1,47.04,1.000,47.04
campaign_439,creative_1023,1,46.94,1.000,46.94
campaign_65,creative_197,1,46.89,1.000,46.89
campaign_505,creative_1152,97,46.85,0.938,0.48
campaign_586,creative_1352,1,46.84,1.000,46.84
campaign_505,creative_1154,18,46.83,1.000,2.60
campaign_245,creative_592,1,46.81,1.000,46.81
campaign_301,creative_713,2,46.81,1.000,23.40
campaign_279,creative_665,3,46.80,1.000,15.60
campaign_310,creative_735,2,46.73,1.000,23.36
campaign_498,creative_1132,11,46.63,0.909,4.24
campaign_182,creative_464,5,46.62,0.800,9.32
campaign_449,creative_1035,2,46.61,1.000,23.31
campaign_509,creative_1163,15,46.57,1.000,3.10
campaign_533,creative_1214,2,46.52,1.000,23.26
campaign_260,creative_629,2,46.34,1.000,23.17
campaign_498,creative_1138,16,46.25,0.875,2.89
campaign_304,creative_729,2,46.12,1.000,23.06
campaign_354,creative_836,2,46.12,1.000,23.06
campaign_249,creative_601,16,46.01,1.000,2.88
campaign_399,creative_919,1,46.00,1.000,46.00
campaign_405,creative_928,1,46.00,1.000,46.00
campaign_272,creative_646,8,45.96,1.000,5.75
campaign_319,creative_759,1,45.96,1.000,45.96
campaign_225,creative_574,14,45.77,1.000,3.27
campaign_191,creative_524,2,45.65,1.000,22.82
campaign_334,creative_511,5,45.64,0.800,9.13
campaign_514,creative_1152,18,45.64,1.000,2.54
campaign_24,creative_66,7,45.64,0.286,6.52
campaign_330,creative_499,2,45.64,1.000,22.82
campaign_127,creative_340,3,45.64,0.667,15.21
campaign_172,creative_467,2,45.64,1.000,22.82
campaign_97,creative_69,2,45.64,1.000,22.82
campaign_275,creative_652,2,45.64,1.000,22.82
campaign_23,creative_59,2,45.64,1.000,22.82
campaign_434,creative_988,2,45.64,1.000,22.82
campaign_124,creative_332,2,45.64,1.000,22.82
campaign_492,creative_1124,10,45.63,1.000,4.56
campaign_557,creative_1275,2,45.51,1.000,22.76
campaign_409,creative_935,5,45.50,1.000,9.10
campaign_454,creative_325,2,45.49,1.000,22.74
campaign_237,creative_587,14,45.48,1.000,3.25
campaign_587,creative_1355,1,45.42,1.000,45.42
campaign_409,creative_934,2,45.41,1.000,22.71
campaign_360,creative_857,5,45.24,1.000,9.05
campaign_273,creative_649,1,45.22,1.000,45.22
campaign_98,creative_257,1,45.22,1.000,45.22
campaign_74,creative_214,1,45.22,1.000,45.22
campaign_153,creative_408,1,45.22,1.000,45.22
campaign_272,creative_650,1,45.22,1.000,45.22
campaign_65,creative_195,2,45.20,1.000,22.60
campaign_560,creative_1293,3,45.14,1.000,15.05
campaign_334,creative_794,11,45.12,0.818,4.10
campaign_416,creative_947,5,45.02,1.000,9.00
campaign_79,creative_239,1,45.01,1.000,45.01
campaign_575,creative_1336,1,45.01,1.000,45.01
campaign_241,creative_584,44,44.96,1.000,1.02
campaign_381,creative_884,2,44.95,1.000,22.48
campaign_232,creative_572,14,44.88,1.000,3.21
campaign_451,creative_1042,1,44.83,1.000,44.83
campaign_411,creative_939,1,44.83,1.000,44.83
campaign_301,creative_715,2,44.80,1.000,22.40
campaign_184,creative_502,1,44.80,1.000,44.80
campaign_322,creative_768,1,44.80,1.000,44.80
campaign_347,creative_497,1,44.80,1.000,44.80
campaign_347,creative_816,1,44.80,1.000,44.80
campaign_174,creative_475,1,44.80,1.000,44.80
campaign_431,creative_973,2,44.75,1.000,22.37
campaign_418,creative_910,2,44.75,1.000,22.37
campaign_278,creative_662,1,44.69,1.000,44.69
campaign_286,creative_677,3,44.67,1.000,14.89
campaign_157,creative_425,1,44.66,1.000,44.66
campaign_505,creative_1151,20,44.63,1.000,2.23
campaign_153,creative_403,1,44.63,1.000,44.63
campaign_189,creative_339,1,44.63,1.000,44.63
campaign_451,creative_1041,1,44.63,1.000,44.63
campaign_353,creative_838,5,44.61,1.000,8.92
campaign_256,creative_613,2,44.61,1.000,22.31
campaign_258,creative_619,1,44.61,1.000,44.61
campaign_543,creative_1233,1,44.53,1.000,44.53
campaign_560,creative_1296,11,44.50,1.000,4.05
campaign_280,creative_671,1,44.48,1.000,44.48
campaign_585,creative_1349,1,44.45,1.000,44.45
campaign_335,creative_454,1,44.41,1.000,44.41
campaign_307,creative_502,1,44.38,1.000,44.38
campaign_4,creative_11,2,44.32,1.000,22.16
campaign_128,creative_335,2,44.32,1.000,22.16
campaign_487,creative_1118,5,44.32,1.000,8.86
campaign_221,creative_564,2,44.32,1.000,22.16
campaign_257,creative_614,1,44.30,1.000,44.30
campaign_320,creative_763,2,44.29,1.000,22.14
campaign_8,creative_24,1,44.28,1.000,44.28
campaign_416,creative_950,5,44.24,1.000,8.85
campaign_485,creative_1116,1,44.20,1.000,44.20
campaign_21,creative_47,1,44.10,1.000,44.10
campaign_512,creative_1155,2,43.91,1.000,21.96
campaign_409,creative_933,1,43.85,1.000,43.85
campaign_457,creative_337,1,43.85,1.000,43.85
campaign_349,creative_821,8,43.79,1.000,5.47
campaign_330,creative_784,3,43.74,1.000,14.58
campaign_509,creative_1146,14,43.69,1.000,3.12
campaign_14,creative_33,2,43.67,1.000,21.84
campaign_198,creative_534,1,43.65,1.000,43.65
campaign_358,creative_850,1,43.63,1.000,43.63
campaign_372,creative_872,2,43.60,1.000,21.80
campaign_350,creative_829,2,43.60,1.000,21.80
campaign_566,creative_1319,1,43.56,1.000,43.56
campaign_574,creative_1335,1,43.56,1.000,43.56
campaign_432,creative_987,1,43.56,1.000,43.56
campaign_465,creative_1063,1,43.56,1.000,43.56
campaign_52,creative_155,1,43.56,1.000,43.56
campaign_196,creative_529,1,43.56,1.000,43.56
campaign_533,creative_1215,1,43.56,1.000,43.56
campaign_291,creative_684,1,43.56,1.000,43.56
campaign_570,creative_1313,1,43.56,1.000,43.56
campaign_297,creative_644,1,43.47,1.000,43.47
campaign_115,creative_299,2,43.45,1.000,21.72
campaign_203,creative_520,3,43.39,1.000,14.46
campaign_293,creative_691,1,43.38,1.000,43.38
campaign_260,creative_628,3,43.33,1.000,14.44
campaign_353,creative_833,5,43.32,1.000,8.66
campaign_456,creative_325,5,43.22,1.000,8.64
campaign_62,creative_188,1,43.16,1.000,43.16
campaign_327,creative_787,11,43.11,1.000,3.92
campaign_438,creative_990,1,43.09,1.000,43.09
campaign_422,creative_963,1,43.09,1.000,43.09
campaign_328,creative_454,5,43.00,1.000,8.60
campaign_465,creative_1065,1,42.97,1.000,42.97
campaign_317,creative_753,4,42.95,1.000,10.74
campaign_279,creative_669,4,42.92,1.000,10.73
campaign_299,creative_466,5,42.88,1.000,8.58
campaign_462,creative_1059,1,42.82,1.000,42.82
campaign_456,creative_330,1,42.82,1.000,42.82
campaign_498,creative_1133,11,42.80,0.909,3.89
campaign_153,creative_407,4,42.80,1.000,10.70
campaign_506,creative_1159,2,42.75,1.000,21.38
campaign_234,creative_575,2,42.75,1.000,21.38
campaign_74,creative_219,2,42.75,1.000,21.38
campaign_246,creative_596,2,42.75,1.000,21.38
campaign_498,creative_1136,2,42.75,1.000,21.38
campaign_230,creative_579,2,42.75,1.000,21.38
campaign_508,creative_1161,2,42.75,1.000,21.38
campaign_233,creative_571,2,42.75,1.000,21.38
campaign_511,creative_1165,2,42.75,1.000,21.38
campaign_503,creative_1146,3,42.75,0.667,14.25
campaign_150,creative_384,1,42.56,1.000,42.56
campaign_325,creative_773,4,42.54,1.000,10.64
campaign_552,creative_443,4,42.47,1.000,10.62
campaign_117,creative_308,2,42.47,1.000,21.23
campaign_517,creative_1173,12,42.42,1.000,3.53
campaign_422,creative_962,5,42.31,1.000,8.46
campaign_541,creative_1226,3,42.26,1.000,14.09
campaign_76,creative_223,3,42.25,1.000,14.08
campaign_155,creative_416,3,42.12,1.000,14.04
campaign_63,creative_179,2,42.10,1.000,21.05
campaign_472,creative_1093,10,42.06,1.000,4.21
campaign_560,creative_1291,1,42.04,1.000,42.04
campaign_48,creative_142,1,42.03,1.000,42.03
campaign_50,creative_150,1,42.03,1.000,42.03
campaign_557,creative_1282,1,42.01,1.000,42.01
campaign_403,creative_925,1,42.01,1.000,42.01
campaign_416,creative_949,1,41.95,1.000,41.95
campaign_155,creative_415,2,41.92,1.000,20.96
campaign_334,creative_792,2,41.83,1.000,20.92
campaign_332,creative_780,4,41.77,1.000,10.44
campaign_545,creative_1238,1,41.76,1.000,41.76
campaign_320,creative_764,3,41.51,1.000,13.84
campaign_77,creative_231,7,41.42,1.000,5.92
campaign_306,creative_710,1,41.41,1.000,41.41
campaign_376,creative_877,1,41.41,1.000,41.41
campaign_350,creative_826,1,41.41,1.000,41.41
campaign_419,creative_956,2,41.40,1.000,20.70
campaign_5,creative_4,2,41.37,1.000,20.69
campaign_545,creative_1249,2,41.32,1.000,20.66
campaign_201,creative_520,2,41.22,1.000,20.61
campaign_436,creative_1001,2,41.22,1.000,20.61
campaign_263,creative_634,3,41.14,1.000,13.71
campaign_364,creative_860,2,41.14,1.000,20.57
campaign_246,creative_597,15,41.05,1.000,2.74
campaign_232,creative_570,2,40.94,1.000,20.47
campaign_515,creative_1167,4,40.94,0.500,10.23
campaign_236,creative_584,12,40.75,1.000,3.40
campaign_85,creative_260,1,40.73,1.000,40.73
campaign_16,creative_39,6,40.73,1.000,6.79
campaign_7,creative_17,1,40.73,1.000,40.73
campaign_40,creative_124,1,40.73,1.000,40.73
campaign_36,creative_105,1,40.73,1.000,40.73
campaign_486,creative_1117,1,40.57,1.000,40.57
campaign_541,creative_1228,3,40.56,1.000,13.52
campaign_7,creative_19,2,40.54,1.000,20.27
campaign_254,creative_609,10,40.46,1.000,4.05
campaign_65,creative_194,1,40.39,1.000,40.39
campaign_366,creative_864,2,40.33,1.000,20.16
campaign_156,creative_367,1,40.14,1.000,40.14
campaign_304,creative_727,9,40.08,1.000,4.45
campaign_77,creative_228,5,40.07,1.000,8.01
campaign_333,creative_791,1,40.03,1.000,40.03
campaign_11,creative_29,1,39.98,1.000,39.98
campaign_464,creative_1062,1,39.98,1.000,39.98
campaign_328,creative_509,3,39.93,1.000,13.31
campaign_244,creative_592,2,39.80,1.000,19.90
campaign_514,creative_1155,2,39.80,1.000,19.90
campaign_70,creative_204,2,39.80,1.000,19.90
campaign_249,creative_600,2,39.73,1.000,19.86
campaign_81,creative_241,6,39.72,1.000,6.62
campaign_137,creative_326,2,39.72,1.000,19.86
campaign_358,creative_856,7,39.69,1.000,5.67
campaign_541,creative_1227,2,39.60,1.000,19.80
campaign_63,creative_178,2,39.49,1.000,19.75
campaign_509,creative_1162,1,39.38,1.000,39.38
campaign_59,creative_179,2,39.32,1.000,19.66
campaign_547,creative_1253,2,39.29,1.000,19.64
campaign_385,creative_895,4,39.29,1.000,9.82
campaign_498,creative_1139,6,39.19,0.667,6.53
campaign_505,creative_1155,4,39.19,1.000,9.80
campaign_173,creative_473,1,39.14,1.000,39.14
campaign_318,creative_756,1,39.14,1.000,39.14
campaign_547,creative_1256,1,39.14,1.000,39.14
campaign_7,creative_6,3,39.08,1.000,13.03
campaign_355,creative_842,1,39.07,1.000,39.07
campaign_62,creative_190,2,38.98,1.000,19.49
campaign_30,creative_87,2,38.91,1.000,19.45
campaign_154,creative_414,2,38.82,1.000,19.41
campaign_446,creative_1033,1,38.59,1.000,38.59
campaign_235,creative_579,16,38.41,1.000,2.40
campaign_539,creative_1223,4,38.37,1.000,9.59
campaign_296,creative_699,1,38.26,1.000,38.26
campaign_412,creative_914,6,38.26,1.000,6.38
campaign_228,creative_577,1,38.21,1.000,38.21
campaign_454,creative_343,1,38.21,1.000,38.21
campaign_155,creative_418,1,38.20,1.000,38.20
campaign_152,creative_371,1,38.20,1.000,38.20
campaign_494,creative_1097,1,38.13,1.000,38.13
campaign_467,creative_1072,1,38.13,1.000,38.13
campaign_270,creative_639,1,38.13,1.000,38.13
campaign_437,creative_1011,2,38.07,1.000,19.03
campaign_36,creative_79,2,38.07,1.000,19.03
campaign_518,creative_1175,5,38.04,1.000,7.61
campaign_327,creative_781,2,38.03,1.000,19.01
campaign_184,creative_504,2,38.03,1.000,19.01
campaign_328,creative_498,2,38.03,1.000,19.01
campaign_334,creative_793,2,38.03,1.000,19.01
campaign_184,creative_506,4,38.03,1.000,9.51
campaign_194,creative_332,10,37.90,0.600,3.79
campaign_250,creative_603,13,37.88,1.000,2.91
campaign_347,creative_794,2,37.87,1.000,18.94
campaign_203,creative_525,2,37.84,1.000,18.92
campaign_56,creative_156,5,37.81,1.000,7.56
campaign_473,creative_1096,1,37.74,1.000,37.74
campaign_313,creative_742,3,37.73,1.000,12.58
campaign_547,creative_1252,1,37.66,1.000,37.66
campaign_325,creative_776,1,37.66,1.000,37.66
campaign_325,creative_775,1,37.66,1.000,37.66
campaign_178,creative_485,2,37.63,1.000,18.82
campaign_66,creative_198,2,37.63,1.000,18.82
campaign_299,creative_710,5,37.62,1.000,7.52
campaign_393,creative_904,1,37.34,1.000,37.34
campaign_430,creative_972,1,37.34,1.000,37.34
campaign_386,creative_896,1,37.34,1.000,37.34
campaign_327,creative_788,1,37.31,1.000,37.31
campaign_22,creative_52,1,37.31,1.000,37.31
campaign_394,creative_901,2,37.30,1.000,18.65
campaign_291,creative_685,1,37.27,1.000,37.27
campaign_515,creative_1166,4,37.21,1.000,9.30
campaign_377,creative_878,3,37.20,1.000,12.40
campaign_312,creative_741,2,37.13,1.000,18.57
campaign_437,creative_1012,1,37.09,1.000,37.09
campaign_277,creative_660,1,37.09,1.000,37.09
campaign_278,creative_664,1,37.06,1.000,37.06
campaign_506,creative_1156,6,37.01,1.000,6.17
campaign_80,creative_232,4,37.01,1.000,9.25
campaign_369,creative_817,1,36.93,1.000,36.93
campaign_437,creative_1015,3,36.91,1.000,12.30
campaign_509,creative_1164,6,36.86,1.000,6.14
campaign_582,creative_1345,1,36.79,1.000,36.79
campaign_321,creative_766,4,36.69,1.000,9.17
campaign_502,creative_1144,1,36.67,1.000,36.67
campaign_309,creative_734,1,36.63,1.000,36.63
campaign_299,creative_709,1,36.63,1.000,36.63
campaign_235,creative_582,9,36.58,0.889,4.06
campaign_498,creative_1134,6,36.49,1.000,6.08
campaign_121,creative_308,4,36.48,1.000,9.12
campaign_463,creative_1060,1,36.40,1.000,36.40
campaign_57,creative_169,1,36.40,1.000,36.40
campaign_521,creative_622,1,36.37,1.000,36.37
campaign_364,creative_867,2,36.36,1.000,18.18
campaign_271,creative_640,2,36.34,1.000,18.17
campaign_536,creative_1217,1,36.30,1.000,36.30
campaign_465,creative_1064,1,36.30,1.000,36.30
campaign_569,creative_1328,1,36.30,1.000,36.30
campaign_547,creative_1254,4,36.22,1.000,9.05
campaign_8,creative_22,2,36.19,1.000,18.10
campaign_354,creative_841,1,36.17,1.000,36.17
campaign_532,creative_567,1,36.06,1.000,36.06
campaign_283,creative_651,1,35.90,1.000,35.90
campaign_80,creative_231,2,35.87,1.000,17.93
campaign_207,creative_527,1,35.85,1.000,35.85
campaign_581,creative_1345,1,35.80,1.000,35.80
campaign_201,creative_525,1,35.78,1.000,35.78
campaign_80,creative_227,2,35.76,1.000,17.88
campaign_120,creative_320,1,35.73,1.000,35.73
campaign_306,creative_731,1,35.73,1.000,35.73
campaign_62,creative_186,8,35.70,1.000,4.46
campaign_252,creative_606,2,35.62,1.000,17.81
campaign_236,creative_583,4,35.62,1.000,8.91
campaign_145,creative_375,2,35.62,1.000,17.81
campaign_242,creative_585,2,35.62,1.000,17.81
campaign_250,creative_599,2,35.62,1.000,17.81
campaign_545,creative_1248,1,35.58,1.000,35.58
campaign_200,creative_519,1,35.58,1.000,35.58
campaign_213,creative_546,1,35.56,1.000,35.56
campaign_63,creative_183,5,35.55,1.000,7.11
campaign_133,creative_348,1,35.51,1.000,35.51
campaign_1,creative_2,2,35.48,1.000,17.74
campaign_21,creative_51,2,35.37,1.000,17.69
campaign_63,creative_173,4,35.37,1.000,8.84
campaign_354,creative_834,5,35.30,1.000,7.06
campaign_74,creative_222,1,35.25,1.000,35.25
campaign_295,creative_697,1,35.25,1.000,35.25
campaign_74,creative_215,1,35.25,1.000,35.25
campaign_540,creative_1222,1,35.18,1.000,35.18
campaign_517,creative_1172,6,35.12,1.000,5.85
campaign_518,creative_1178,3,35.12,1.000,11.71
campaign_336,creative_454,2,35.05,1.000,17.52
campaign_6,creative_15,1,34.92,1.000,34.92
campaign_542,creative_1226,1,34.92,1.000,34.92
campaign_151,creative_384,1,34.92,1.000,34.92
campaign_570,creative_1311,1,34.92,1.000,34.92
campaign_452,creative_330,1,34.92,1.000,34.92
campaign_540,creative_1224,1,34.92,1.000,34.92
campaign_275,creative_655,1,34.84,1.000,34.84
campaign_569,creative_1327,1,34.84,1.000,34.84
campaign_36,creative_107,1,34.84,1.000,34.84
campaign_191,creative_519,1,34.84,1.000,34.84
campaign_570,creative_1318,1,34.84,1.000,34.84
campaign_68,creative_200,1,34.84,1.000,34.84
campaign_39,creative_122,1,34.84,1.000,34.84
campaign_138,creative_326,1,34.84,1.000,34.84
campaign_296,creative_700,1,34.84,1.000,34.84
campaign_271,creative_639,1,34.84,1.000,34.84
campaign_35,creative_103,1,34.84,1.000,34.84
campaign_75,creative_210,1,34.84,1.000,34.84
campaign_436,creative_1003,1,34.84,1.000,34.84
campaign_284,creative_676,1,34.84,1.000,34.84
campaign_71,creative_212,1,34.84,1.000,34.84
campaign_120,creative_321,1,34.79,1.000,34.79
campaign_514,creative_1165,1,34.74,1.000,34.74
campaign_299,creative_707,6,34.69,0.833,5.78
campaign_200,creative_324,1,34.43,1.000,34.43
campaign_56,creative_152,1,34.43,1.000,34.43
campaign_38,creative_116,1,34.43,1.000,34.43
campaign_156,creative_383,1,34.43,1.000,34.43
campaign_427,creative_966,1,34.36,1.000,34.36
campaign_424,creative_962,1,34.36,1.000,34.36
campaign_23,creative_57,6,34.36,1.000,5.73
campaign_318,creative_755,1,34.33,1.000,34.33
campaign_520,creative_1159,2,34.28,1.000,17.14
campaign_461,creative_335,1,34.12,1.000,34.12
campaign_158,creative_426,1,34.12,1.000,34.12
campaign_515,creative_1168,2,34.11,1.000,17.05
campaign_507,creative_1160,2,34.11,1.000,17.05
campaign_303,creative_722,1,34.00,1.000,34.00
campaign_170,creative_460,1,34.00,1.000,34.00
campaign_351,creative_829,1,33.68,1.000,33.68
campaign_486,creative_1067,1,33.63,1.000,33.63
campaign_297,creative_678,2,33.61,1.000,16.80
campaign_588,creative_1358,2,33.56,1.000,16.78
campaign_537,creative_1219,6,33.56,1.000,5.59
campaign_49,creative_144,1,33.44,1.000,33.44
campaign_459,creative_1048,3,33.35,1.000,11.12
campaign_547,creative_1255,2,33.33,1.000,16.67
campaign_510,creative_1161,3,33.32,1.000,11.11
campaign_445,creative_1031,3,33.28,1.000,11.09
campaign_413,creative_943,1,33.10,1.000,33.10
campaign_290,creative_678,1,33.10,1.000,33.10
campaign_398,creative_917,1,33.10,1.000,33.10
campaign_5,creative_14,1,32.97,1.000,32.97
campaign_263,creative_635,2,32.95,1.000,16.47
campaign_491,creative_1123,1,32.64,1.000,32.64
campaign_197,creative_326,1,32.57,1.000,32.57
campaign_191,creative_343,1,32.57,1.000,32.57
campaign_441,creative_1029,1,32.57,1.000,32.57
campaign_205,creative_521,1,32.57,1.000,32.57
campaign_450,creative_1035,1,32.53,1.000,32.53
campaign_477,creative_1104,4,32.35,1.000,8.09
campaign_238,creative_589,2,32.33,1.000,16.17
campaign_81,creative_243,5,32.28,1.000,6.46
campaign_392,creative_914,1,32.24,1.000,32.24
campaign_456,creative_343,1,32.22,1.000,32.22
campaign_462,creative_1035,4,32.20,1.000,8.05
campaign_405,creative_926,3,32.15,1.000,10.72
campaign_230,creative_576,1,32.09,1.000,32.09
campaign_520,creative_1182,1,31.82,1.000,31.82
campaign_346,creative_809,5,31.48,1.000,6.30
campaign_208,creative_541,1,31.41,1.000,31.41
campaign_339,creative_502,1,31.05,1.000,31.05
campaign_275,creative_654,1,31.05,1.000,31.05
campaign_347,creative_804,5,30.98,1.000,6.20
campaign_439,creative_1024,2,30.94,0.500,15.47
campaign_71,creative_206,1,30.94,1.000,30.94
campaign_390,creative_911,1,30.76,1.000,30.76
campaign_303,creative_723,5,30.70,1.000,6.14
campaign_56,creative_154,1,30.57,1.000,30.57
campaign_471,creative_1090,1,30.55,1.000,30.55
campaign_471,creative_1092,2,30.55,1.000,15.28
campaign_286,creative_679,3,30.42,1.000,10.14
campaign_303,creative_725,3,30.35,1.000,10.12
campaign_7,creative_18,2,30.13,1.000,15.07
campaign_320,creative_761,1,29.98,1.000,29.98
campaign_76,creative_226,1,29.98,1.000,29.98
campaign_325,creative_779,1,29.88,1.000,29.88
campaign_413,creative_941,1,29.81,1.000,29.81
campaign_30,creative_88,1,29.81,1.000,29.81
campaign_139,creative_353,1,29.62,1.000,29.62
campaign_33,creative_90,1,29.56,1.000,29.56
campaign_359,creative_851,3,29.54,1.000,9.85
campaign_35,creative_104,2,29.38,1.000,14.69
campaign_201,creative_330,3,29.35,1.000,9.78
campaign_518,creative_1177,2,29.30,1.000,14.65
campaign_179,creative_486,5,29.15,1.000,5.83
campaign_530,creative_1208,1,29.09,1.000,29.09
campaign_257,creative_618,1,29.09,1.000,29.09
campaign_227,creative_576,1,29.05,1.000,29.05
campaign_360,creative_855,1,28.93,1.000,28.93
campaign_196,creative_530,1,28.93,1.000,28.93
campaign_42,creative_134,1,28.84,1.000,28.84
campaign_358,creative_855,1,28.84,1.000,28.84
campaign_41,creative_132,1,28.84,1.000,28.84
campaign_301,creative_714,1,28.83,1.000,28.83
campaign_443,creative_337,1,28.82,1.000,28.82
campaign_377,creative_860,3,28.80,1.000,9.60
campaign_588,creative_1356,3,28.76,1.000,9.59
campaign_265,creative_637,1,28.75,1.000,28.75
campaign_57,creative_164,1,28.74,1.000,28.74
campaign_303,creative_724,5,28.74,1.000,5.75
campaign_171,creative_461,1,28.73,1.000,28.73
campaign_413,creative_942,3,28.51,1.000,9.50
campaign_315,creative_747,1,28.29,1.000,28.29
campaign_339,creative_512,1,28.29,1.000,28.29
campaign_346,creative_804,5,28.28,1.000,5.66
campaign_250,creative_600,11,28.26,1.000,2.57
campaign_199,creative_535,1,28.20,1.000,28.20
campaign_360,creative_852,4,28.19,1.000,7.05
campaign_59,creative_176,1,27.93,1.000,27.93
campaign_421,creative_961,1,27.93,1.000,27.93
campaign_190,creative_339,1,27.93,1.000,27.93
campaign_200,creative_521,1,27.93,1.000,27.93
campaign_391,creative_912,1,27.93,1.000,27.93
campaign_201,creative_536,2,27.86,1.000,13.93
campaign_7,creative_9,1,27.71,1.000,27.71
campaign_453,creative_1041,1,27.71,1.000,27.71
campaign_320,creative_760,1,27.68,1.000,27.68
campaign_519,creative_1180,7,27.51,1.000,3.93
campaign_181,creative_454,1,27.50,1.000,27.50
campaign_559,creative_1288,1,27.08,1.000,27.08
campaign_369,creative_794,1,27.08,1.000,27.08
campaign_360,creative_851,3,27.00,1.000,9.00
campaign_41,creative_129,3,26.98,0.333,8.99
campaign_584,creative_1346,2,26.78,1.000,13.39
campaign_437,creative_1010,3,26.73,1.000,8.91
campaign_568,creative_1326,1,26.65,1.000,26.65
campaign_274,creative_639,1,26.48,1.000,26.48
campaign_497,creative_1076,1,26.37,1.000,26.37
campaign_153,creative_405,1,26.34,1.000,26.34
campaign_320,creative_762,1,26.30,1.000,26.30
campaign_21,creative_49,3,26.16,1.000,8.72
campaign_360,creative_856,6,26.11,1.000,4.35
campaign_588,creative_1357,2,26.11,1.000,13.05
campaign_437,creative_1019,5,26.05,1.000,5.21
campaign_358,creative_854,1,26.03,1.000,26.03
campaign_512,creative_1152,75,25.98,1.000,0.35
campaign_329,creative_454,1,25.78,1.000,25.78
campaign_86,creative_261,1,25.78,1.000,25.78
campaign_8,creative_26,1,25.78,1.000,25.78
campaign_441,creative_1030,1,25.78,1.000,25.78
campaign_70,creative_203,1,25.74,1.000,25.74
campaign_456,creative_1046,1,25.62,1.000,25.62
campaign_451,creative_1039,2,25.26,1.000,12.63
campaign_504,creative_1145,7,25.20,1.000,3.60
campaign_505,creative_1153,14,24.75,1.000,1.77
campaign_254,creative_608,2,24.57,1.000,12.29
campaign_244,creative_584,5,24.54,1.000,4.91
campaign_311,creative_733,5,24.22,1.000,4.84
campaign_56,creative_159,1,24.20,1.000,24.20
campaign_587,creative_1356,1,24.14,1.000,24.14
campaign_547,creative_1251,1,23.98,1.000,23.98
campaign_519,creative_1158,3,23.42,1.000,7.81
campaign_63,creative_181,3,23.34,1.000,7.78
campaign_454,creative_523,3,23.33,1.000,7.78
campaign_505,creative_1150,24,23.15,1.000,0.96
campaign_362,creative_859,1,23.06,1.000,23.06
campaign_353,creative_836,1,23.06,1.000,23.06
campaign_38,creative_117,1,23.02,1.000,23.02
campaign_20,creative_45,3,22.94,1.000,7.65
campaign_444,creative_344,1,22.86,1.000,22.86
campaign_347,creative_512,2,22.82,1.000,11.41
campaign_182,creative_456,1,22.82,1.000,22.82
campaign_349,creative_498,1,22.82,1.000,22.82
campaign_23,creative_56,1,22.82,1.000,22.82
campaign_364,creative_864,1,22.82,1.000,22.82
campaign_182,creative_498,1,22.82,1.000,22.82
campaign_347,creative_820,1,22.82,1.000,22.82
campaign_19,creative_44,1,22.82,1.000,22.82
campaign_549,creative_1259,1,22.82,1.000,22.82
campaign_328,creative_503,1,22.82,1.000,22.82
campaign_326,creative_780,1,22.82,1.000,22.82
campaign_377,creative_879,1,22.82,1.000,22.82
campaign_18,creative_41,2,22.82,1.000,11.41
campaign_334,creative_501,1,22.82,1.000,22.82
campaign_437,creative_1018,2,22.63,1.000,11.32
campaign_279,creative_667,1,22.37,1.000,22.37
campaign_520,creative_1157,4,22.21,1.000,5.55
campaign_541,creative_1229,1,22.16,1.000,22.16
campaign_514,creative_1151,4,22.01,1.000,5.50
campaign_179,creative_490,1,21.82,1.000,21.82
campaign_332,creative_508,1,21.82,1.000,21.82
campaign_179,creative_491,3,21.55,1.000,7.18
campaign_33,creative_91,1,21.43,1.000,21.43
campaign_243,creative_594,1,21.38,1.000,21.38
campaign_249,creative_603,1,21.38,1.000,21.38
campaign_12,creative_30,1,21.38,1.000,21.38
campaign_519,creative_1156,2,21.31,1.000,10.65
campaign_195,creative_522,1,20.96,1.000,20.96
campaign_186,creative_511,2,20.92,1.000,10.46
campaign_327,creative_782,1,20.64,1.000,20.64
campaign_55,creative_163,1,20.47,1.000,20.47
campaign_245,creative_585,1,20.47,1.000,20.47
campaign_253,creative_607,1,20.47,1.000,20.47
campaign_179,creative_492,3,20.28,1.000,6.76
campaign_151,creative_371,1,20.05,1.000,20.05
campaign_437,creative_988,1,20.05,1.000,20.05
campaign_518,creative_1176,4,19.88,1.000,4.97
campaign_231,creative_576,1,19.85,1.000,19.85
campaign_253,creative_578,1,19.85,1.000,19.85
campaign_30,creative_85,1,19.85,1.000,19.85
campaign_500,creative_1142,1,19.85,1.000,19.85
campaign_204,creative_519,1,19.80,1.000,19.80
campaign_203,creative_327,1,19.71,1.000,19.71
campaign_245,creative_594,2,19.59,1.000,9.80
campaign_254,creative_607,4,19.47,1.000,4.87
campaign_500,creative_1141,1,19.40,1.000,19.40
campaign_360,creative_853,1,19.01,1.000,19.01
campaign_24,creative_62,1,19.01,1.000,19.01
campaign_377,creative_828,1,19.01,1.000,19.01
campaign_21,creative_46,2,19.01,1.000,9.51
campaign_365,creative_865,1,19.01,1.000,19.01
campaign_437,creative_1016,1,19.01,1.000,19.01
campaign_340,creative_806,1,19.01,1.000,19.01
campaign_332,creative_497,2,19.01,1.000,9.51
campaign_24,creative_64,1,19.01,1.000,19.01
campaign_174,creative_472,1,19.01,1.000,19.01
campaign_172,creative_468,2,19.01,1.000,9.51
campaign_340,creative_807,1,19.01,1.000,19.01
campaign_179,creative_488,1,19.01,1.000,19.01
campaign_172,creative_469,1,19.01,1.000,19.01
campaign_341,creative_808,1,18.18,1.000,18.18
campaign_174,creative_479,1,18.18,1.000,18.18
campaign_364,creative_861,1,18.18,1.000,18.18
campaign_511,creative_1153,1,17.81,1.000,17.81
campaign_74,creative_218,1,17.81,1.000,17.81
campaign_229,creative_578,1,17.81,1.000,17.81
campaign_559,creative_1290,1,17.81,1.000,17.81
campaign_70,creative_206,1,17.81,1.000,17.81
campaign_504,creative_1149,1,17.81,1.000,17.81
campaign_512,creative_1165,1,17.81,1.000,17.81
campaign_295,creative_694,1,17.05,1.000,17.05
campaign_519,creative_1179,1,17.05,1.000,17.05
campaign_248,creative_599,1,16.17,1.000,16.17
campaign_321,creative_745,1,15.93,1.000,15.93
campaign_154,creative_411,1,15.72,1.000,15.72
campaign_459,creative_1054,1,15.72,1.000,15.72
campaign_552,creative_442,1,15.40,1.000,15.40
campaign_439,creative_1021,3,2.20,0.500,0.73
campaign_222,creative_566,1,0.00,0.000,0.00
campaign_544,creative_1236,1,0.00,0.000,0.00
campaign_163,creative_437,2,0.00,0.000,0.00
campaign_219,creative_558,1,0.00,0.000,0.00
campaign_578,creative_1339,1,0.00,0.000,0.00
campaign_404,creative_926,4,0.00,0.000,0.00
campaign_94,creative_255,1,0.00,0.000,0.00
campaign_129,creative_344,1,0.00,0.000,0.00
campaign_420,creative_958,1,0.00,0.000,0.00
campaign_60,creative_184,1,0.00,0.000,0.00
campaign_352,creative_830,1,0.00,0.000,0.00
campaign_579,creative_1341,1,0.00,0.000,0.00
campaign_310,creative_737,1,0.00,0.000,0.00
campaign_561,creative_1297,1,0.00,0.000,0.00
campaign_102,creative_71,1,0.00,0.000,0.00
campaign_129,creative_343,1,0.00,0.000,0.00
campaign_407,creative_928,1,0.00,0.000,0.00
campaign_570,creative_1307,1,0.00,0.000,0.00
campaign_132,creative_345,1,0.00,0.000,0.00
campaign_162,creative_435,1,0.00,0.000,0.00
campaign_32,creative_89,1,0.00,0.000,0.00
campaign_460,creative_520,1,0.00,0.000,0.00
campaign_165,creative_446,1,0.00,0.000,0.00
campaign_190,creative_523,1,0.00,0.000,0.00
campaign_129,creative_338,2,0.00,0.000,0.00
campaign_564,creative_1311,1,0.00,0.000,0.00
campaign_115,creative_302,2,0.00,0.000,0.00
campaign_127,creative_338,1,0.00,0.000,0.00
campaign_97,creative_138,1,0.00,0.000,0.00
campaign_576,creative_1337,1,0.00,0.000,0.00
campaign_127,creative_342,1,0.00,0.000,0.00
campaign_16,creative_35,2,0.00,0.000,0.00
campaign_129,creative_336,1,0.00,0.000,0.00
campaign_24,creative_68,2,0.00,0.000,0.00
campaign_368,creative_829,1,0.00,0.000,0.00
campaign_166,creative_448,1,0.00,0.000,0.00
campaign_3,creative_9,1,0.00,0.000,0.00
campaign_126,creative_338,1,0.00,0.000,0.00
campaign_2,creative_3,1,0.00,0.000,0.00
campaign_544,creative_1238,1,0.00,0.000,0.00
campaign_102,creative_273,1,0.00,0.000,0.00
campaign_122,creative_326,1,0.00,0.000,0.00
campaign_171,creative_462,1,0.00,0.000,0.00
campaign_579,creative_1342,1,0.00,0.000,0.00
campaign_577,creative_1338,2,0.00,0.000,0.00
campaign_24,creative_67,1,0.00,0.000,0.00
campaign_433,creative_974,1,0.00,0.000,0.00
campaign_434,creative_992,1,0.00,0.000,0.00
campaign_132,creative_335,1,0.00,0.000,0.00
campaign_434,creative_990,1,0.00,0.000,0.00
campaign_147,creative_369,1,0.00,0.000,0.00
campaign_544,creative_1237,1,0.00,0.000,0.00
campaign_115,creative_300,1,0.00,0.000,0.00
campaign_13,creative_32,1,0.00,0.000,0.00
campaign_544,creative_1234,1,0.00,0.000,0.00
campaign_132,creative_337,1,0.00,0.000,0.00
campaign_288,creative_682,1,0.00,0.000,0.00
campaign_126,creative_339,1,0.00,0.000,0.00
