acquisition_date,timestamp,source,campaign,creative,payments_0d,payments_3d,payments_7d,ltv_0d,ltv_3d,ltv_7d
10-04-26,10-04-26 8:55,fb,campaign_1,creative_1,0,2,2,0,20.42886888,20.42886888
10-04-26,10-04-26 8:55,fb,campaign_1,creative_2,0,1,1,0,17.74133951,17.74133951
10-04-26,10-04-26 8:55,fb,campaign_1,creative_3,0,1,1,0,32.82133619,32.82133619
10-04-26,10-04-26 8:55,fb,campaign_1,creative_1,0,1,1,0,34.84238827,34.84238827
10-04-26,10-04-26 8:55,fb,campaign_2,creative_4,0,1,1,0,25.77881991,25.77881991
10-04-26,10-04-26 8:55,fb,campaign_2,creative_1,0,1,1,0,42.02769601,42.02769601
10-04-26,10-04-26 8:55,fb,campaign_2,creative_3,1,0,0,0,0,0
10-04-26,10-04-26 8:55,fb,campaign_2,creative_1,0,1,1,0,97.91679962,97.91679962
10-04-26,10-04-26 8:55,fb,campaign_2,creative_5,0,1,1,0,57.54519972,57.54519972
10-04-26,10-04-26 8:55,fb,campaign_3,creative_6,1,1,1,0,28.9676651,28.9676651
10-04-26,10-04-26 8:55,fb,campaign_3,creative_7,0,1,1,0,34.84238827,34.84238827
10-04-26,10-04-26 8:55,fb,campaign_3,creative_8,0,1,1,0,71.3165444,71.3165444
10-04-26,10-04-26 8:55,fb,campaign_3,creative_9,1,0,0,0,0,0
10-04-26,10-04-26 8:55,fb,campaign_3,creative_6,1,0,0,0,0,0
10-04-26,10-04-26 8:55,fb,campaign_4,creative_6,0,1,1,0,83.93388521,83.93388521
10-04-26,10-04-26 8:55,fb,campaign_4,creative_10,0,1,1,0,56.81281768,56.81281768
10-04-26,10-04-26 8:55,fb,campaign_4,creative_10,0,1,1,0,27.92863761,27.92863761
10-04-26,10-04-26 8:55,fb,campaign_4,creative_6,0,1,1,0,27.92863761,27.92863761
10-04-26,10-04-26 8:55,fb,campaign_4,creative_6,0,1,1,0,32.57493349,32.57493349
10-04-26,10-04-26 8:55,fb,campaign_4,creative_11,0,1,1,0,22.15865032,22.15865032
10-04-26,10-04-26 8:55,fb,campaign_5,creative_5,0,1,3,0,24.28802269,44.54323943
10-04-26,10-04-26 8:55,fb,campaign_5,creative_12,1,2,5,0,46.35147047,47.96102125
10-04-26,10-04-26 8:55,fb,campaign_5,creative_13,0,1,1,0,55.45951128,55.45951128
10-04-26,10-04-26 8:55,fb,campaign_5,creative_14,0,0,1,0,0,32.97026972
10-04-26,10-04-26 8:55,fb,campaign_5,creative_1,0,1,4,0,49.86447148,51.53576291
10-04-26,10-04-26 8:55,fb,campaign_5,creative_4,0,0,2,0,0,41.37175664
10-04-26,10-04-26 8:55,fb,campaign_5,creative_3,0,1,2,0,25.77881991,30.34917777
10-04-26,10-04-26 8:55,fb,campaign_6,creative_15,0,0,1,0,0,34.91953563
10-04-26,10-04-26 8:55,fb,campaign_7,creative_10,1,1,3,0,71.3165444,61.40347913
10-04-26,10-04-26 8:55,fb,campaign_7,creative_16,0,0,1,0,0,62.13562266
10-04-26,10-04-26 8:55,fb,campaign_7,creative_9,0,0,1,0,0,27.70524614
10-04-26,10-04-26 8:55,fb,campaign_7,creative_17,0,0,1,0,0,40.72885927
10-04-26,10-04-26 8:55,fb,campaign_7,creative_18,0,0,2,0,0,30.13407506
10-04-26,10-04-26 8:55,fb,campaign_7,creative_19,0,0,2,0,0,40.53516907
10-04-26,10-04-26 8:55,fb,campaign_7,creative_20,0,1,1,0,35.58130154,35.58130154
10-04-26,10-04-26 8:55,fb,campaign_7,creative_7,0,4,6,0,29.82910423,30.34790713
10-04-26,10-04-26 8:55,fb,campaign_7,creative_6,0,0,3,0,0,39.0815183
10-04-26,10-04-26 8:55,fb,campaign_7,creative_21,0,0,2,0,0,102.3432614
10-04-26,10-04-26 8:55,fb,campaign_8,creative_22,0,0,2,0,0,36.19379755
10-04-26,10-04-26 8:55,fb,campaign_8,creative_23,0,0,2,0,0,52.57772468
10-04-26,10-04-26 8:55,fb,campaign_8,creative_24,0,0,1,0,0,44.27750589
10-04-26,10-04-26 8:55,fb,campaign_8,creative_25,0,0,3,0,0,54.23427134
10-04-26,10-04-26 8:55,fb,campaign_8,creative_26,0,0,1,0,0,25.77881991
10-04-26,10-04-26 8:55,fb,campaign_9,creative_27,0,0,1,0,0,57.24941842
10-04-26,10-04-26 8:55,fb,campaign_10,creative_28,0,0,1,0,0,49.86447148
10-04-26,10-04-26 8:55,fb,campaign_11,creative_29,0,0,1,0,0,39.97893123
10-04-26,10-04-26 8:55,fb,campaign_12,creative_30,0,0,1,0,0,21.37723977
10-04-26,10-04-26 8:55,fb,campaign_12,creative_31,0,0,1,0,0,79.66511801
10-04-26,10-04-26 8:55,fb,campaign_13,creative_32,1,0,0,0,0,0
10-04-26,10-04-26 8:55,fb,campaign_14,creative_33,0,1,1,0,21.83622498,21.83622498
10-04-26,10-04-26 8:55,fb,campaign_15,creative_34,1,2,2,0,28.19077445,28.19077445
10-04-26,10-04-26 8:55,fb,campaign_15,creative_35,0,1,1,0,36.63117875,36.63117875
10-04-26,10-04-26 8:55,fb,campaign_16,creative_36,1,3,3,0,33.89296231,33.89296231
10-04-26,10-04-26 8:55,fb,campaign_16,creative_37,0,1,1,0,28.83247326,28.83247326
10-04-26,10-04-26 8:55,fb,campaign_16,creative_38,0,1,1,0,37.30529708,37.30529708
10-04-26,10-04-26 8:55,fb,campaign_16,creative_36,2,0,0,0,0,0
10-04-26,10-04-26 8:55,fb,campaign_16,creative_39,0,3,3,0,20.36266006,20.36266006
10-04-26,10-04-26 8:55,fb,campaign_16,creative_34,1,4,4,0,31.87510195,31.87510195
10-04-26,10-04-26 8:55,fb,campaign_16,creative_35,2,0,0,0,0,0
10-04-26,10-04-26 8:55,fb,campaign_16,creative_34,0,3,3,0,26.82847247,26.82847247
10-04-26,10-04-26 8:55,fb,campaign_17,creative_40,0,0,1,0,0,56.6170119
10-04-26,10-04-26 8:55,fb,campaign_18,creative_41,0,0,2,0,0,22.82047089
10-04-26,10-04-26 8:55,fb,campaign_19,creative_42,0,1,3,0,44.79656262,30.88097427
10-04-26,10-04-26 8:55,fb,campaign_19,creative_43,0,1,2,0,19.01388692,19.01388692
10-04-26,10-04-26 8:55,fb,campaign_19,creative_33,0,3,15,0,23.05397073,33.05960504
10-04-26,10-04-26 8:55,fb,campaign_19,creative_43,0,0,2,0,0,46.54206027
10-04-26,10-04-26 8:55,fb,campaign_19,creative_44,0,0,1,0,0,22.82047089
10-04-26,10-04-26 8:55,fb,campaign_19,creative_33,0,5,17,0,24.19480254,32.8177781
10-04-26,10-04-26 8:55,fb,campaign_19,creative_42,0,0,8,0,0,26.33982819
10-04-26,10-04-26 8:55,fb,campaign_20,creative_45,0,0,3,0,0,22.93693072
10-04-26,10-04-26 8:55,fb,campaign_21,creative_46,0,0,2,0,0,19.01388692
10-04-26,10-04-26 8:55,fb,campaign_21,creative_47,0,0,1,0,0,44.10367101
10-04-26,10-04-26 8:55,fb,campaign_21,creative_48,0,2,8,0,27.6283491,27.88770055
10-04-26,10-04-26 8:55,fb,campaign_21,creative_49,0,0,3,0,0,26.16073704
10-04-26,10-04-26 8:55,fb,campaign_21,creative_50,0,2,8,0,33.442989,26.34135301
10-04-26,10-04-26 8:55,fb,campaign_21,creative_51,0,0,2,0,0,35.37095333
10-04-26,10-04-26 8:55,fb,campaign_22,creative_52,0,0,1,0,0,37.30529708
10-04-26,10-04-26 8:55,fb,campaign_23,creative_53,0,2,8,0,18.5960491,26.72035227
10-04-26,10-04-26 8:55,fb,campaign_23,creative_54,0,4,8,0,30.4072883,31.67250499
10-04-26,10-04-26 8:55,fb,campaign_23,creative_55,0,0,1,0,0,19.01388692
10-04-26,10-04-26 8:55,fb,campaign_23,creative_54,0,5,7,0,29.35133768,27.48537574
10-04-26,10-04-26 8:55,fb,campaign_23,creative_55,0,2,3,0,34.81809844,39.18587755
10-04-26,10-04-26 8:55,fb,campaign_23,creative_56,0,0,1,0,0,22.82047089
10-04-26,10-04-26 8:55,fb,campaign_23,creative_57,0,0,6,0,0,34.35836966
10-04-26,10-04-26 8:55,fb,campaign_23,creative_58,0,3,12,0,26.18123823,27.47094681
10-04-26,10-04-26 8:55,fb,campaign_23,creative_53,0,1,1,0,19.01388692,19.01388692
10-04-26,10-04-26 8:55,fb,campaign_23,creative_59,0,1,1,0,22.82047089,22.82047089
10-04-26,10-04-26 8:55,fb,campaign_24,creative_60,0,1,15,0,17.20114148,29.8779064
10-04-26,10-04-26 8:55,fb,campaign_24,creative_61,0,13,21,0,31.74959407,30.6074951
10-04-26,10-04-26 8:55,fb,campaign_24,creative_62,0,0,1,0,0,19.01388692
10-04-26,10-04-26 8:55,fb,campaign_24,creative_63,0,0,1,0,0,54.85988588
10-04-26,10-04-26 8:55,fb,campaign_24,creative_64,0,0,1,0,0,19.01388692
10-04-26,10-04-26 8:55,fb,campaign_24,creative_65,1,15,20,0,33.65610254,34.59917501
10-04-26,10-04-26 8:55,fb,campaign_24,creative_66,5,1,1,0,22.82047089,22.82047089
10-04-26,10-04-26 8:55,fb,campaign_24,creative_67,1,0,0,0,0,0
10-04-26,10-04-26 8:55,fb,campaign_24,creative_68,2,0,0,0,0,0
10-04-26,10-04-26 8:55,fb,campaign_25,creative_69,0,1,1,0,28.83247326,28.83247326
10-04-26,10-04-26 8:55,fb,campaign_25,creative_70,1,15,15,0,28.18495652,28.18495652
10-04-26,10-04-26 8:55,fb,campaign_25,creative_71,0,3,3,0,37.79309538,37.79309538
10-04-26,10-04-26 8:55,fb,campaign_26,creative_72,0,1,1,0,71.3165444,71.3165444
10-04-26,10-04-26 8:55,fb,campaign_27,creative_73,0,1,1,0,53.9850412,53.9850412
10-04-26,10-04-26 8:55,fb,campaign_27,creative_74,0,1,1,0,34.84238827,34.84238827
10-04-26,10-04-26 8:55,fb,campaign_27,creative_75,2,6,6,0,32.71197476,32.71197476
10-04-26,10-04-26 8:55,fb,campaign_27,creative_76,0,1,1,0,44.48412475,44.48412475
10-04-26,10-04-26 8:55,fb,campaign_28,creative_77,0,2,2,0,57.54519972,57.54519972
10-04-26,10-04-26 8:55,fb,campaign_28,creative_78,0,4,4,0,51.09937632,51.09937632
10-04-26,10-04-26 8:55,fb,campaign_28,creative_78,1,3,3,0,55.26969965,55.26969965
10-04-26,10-04-26 8:55,fb,campaign_28,creative_78,0,2,2,0,40.91246074,40.91246074
10-04-26,10-04-26 8:55,fb,campaign_28,creative_78,0,1,1,0,50.41488718,50.41488718
10-04-26,10-04-26 8:55,fb,campaign_28,creative_79,0,1,1,0,37.091978,37.091978
10-04-26,10-04-26 8:55,fb,campaign_28,creative_80,0,1,1,0,40.54910088,40.54910088
10-04-26,10-04-26 8:55,fb,campaign_29,creative_81,1,0,0,0,0,0
10-04-26,10-04-26 8:55,fb,campaign_29,creative_81,0,1,1,0,43.56388721,43.56388721
10-04-26,10-04-26 8:55,fb,campaign_29,creative_82,0,1,1,0,70.1596125,70.1596125
10-04-26,10-04-26 8:55,fb,campaign_29,creative_83,0,1,1,0,45.69929234,45.69929234
10-04-26,10-04-26 8:55,fb,campaign_30,creative_81,0,1,8,0,69.03949841,48.03103104
10-04-26,10-04-26 8:55,fb,campaign_30,creative_81,0,1,6,0,34.84238827,39.39503468
10-04-26,10-04-26 8:55,fb,campaign_30,creative_83,0,0,2,0,0,48.55327048
10-04-26,10-04-26 8:55,fb,campaign_30,creative_81,0,1,4,0,55.78135025,38.240605
10-04-26,10-04-26 8:55,fb,campaign_30,creative_84,0,0,2,0,0,60.84613889
10-04-26,10-04-26 8:55,fb,campaign_30,creative_85,0,0,1,0,0,19.85057154
10-04-26,10-04-26 8:55,fb,campaign_30,creative_86,0,0,1,0,0,58.54487152
10-04-26,10-04-26 8:55,fb,campaign_30,creative_87,0,0,2,0,0,38.90844124
10-04-26,10-04-26 8:55,fb,campaign_30,creative_83,0,1,4,0,50.41488718,57.99484707
10-04-26,10-04-26 8:55,fb,campaign_30,creative_88,0,0,1,0,0,29.80691013
10-04-26,10-04-26 8:55,fb,campaign_31,creative_83,0,2,2,0,47.70405452,47.70405452
10-04-26,10-04-26 8:55,fb,campaign_32,creative_81,1,1,1,0,43.56388721,43.56388721
10-04-26,10-04-26 8:55,fb,campaign_32,creative_89,1,0,0,0,0,0
10-04-26,10-04-26 8:55,fb,campaign_32,creative_83,0,1,1,0,50.41488718,50.41488718
10-04-26,10-04-26 8:55,fb,campaign_32,creative_81,1,0,0,0,0,0
10-04-26,10-04-26 8:55,fb,campaign_33,creative_90,0,0,1,0,0,29.55838829
10-04-26,10-04-26 8:55,fb,campaign_33,creative_91,0,0,1,0,0,21.43420855
10-04-26,10-04-26 8:55,fb,campaign_34,creative_92,0,0,1,0,0,81.71737732
10-04-26,10-04-26 8:55,fb,campaign_34,creative_93,0,0,1,0,0,87.00090529
10-04-26,10-04-26 8:55,fb,campaign_34,creative_94,0,1,1,0,34.84238827,34.84238827
10-04-26,10-04-26 8:55,fb,campaign_35,creative_95,0,2,2,0,52.67935731,52.67935731
10-04-26,10-04-26 8:55,fb,campaign_35,creative_96,0,2,2,0,53.69911406,53.69911406
10-04-26,10-04-26 8:55,fb,campaign_35,creative_96,0,1,2,0,56.05748414,42.77926771
10-04-26,10-04-26 8:55,fb,campaign_35,creative_97,0,1,1,0,46.22146438,46.22146438
10-04-26,10-04-26 8:55,fb,campaign_35,creative_98,0,1,1,0,34.84238827,34.84238827
10-04-26,10-04-26 8:55,fb,campaign_35,creative_96,0,5,5,0,41.6875587,41.6875587
10-04-26,10-04-26 8:55,fb,campaign_35,creative_99,0,1,2,0,65.32983188,55.04147615
10-04-26,10-04-26 8:55,fb,campaign_35,creative_96,0,3,8,0,58.78423903,52.08801508
10-04-26,10-04-26 8:55,fb,campaign_35,creative_96,0,8,11,0,38.59801466,39.82241585
10-04-26,10-04-26 8:55,fb,campaign_35,creative_100,0,2,3,0,50.28964402,60.49210797
10-04-26,10-04-26 8:55,fb,campaign_35,creative_101,1,0,0,0,0,0
10-04-26,10-04-26 8:55,fb,campaign_35,creative_100,0,2,2,0,27.09138499,27.09138499
10-04-26,10-04-26 8:55,fb,campaign_35,creative_102,0,1,1,0,32.82133619,32.82133619
10-04-26,10-04-26 8:55,fb,campaign_35,creative_95,0,4,4,0,39.28244378,39.28244378
10-04-26,10-04-26 8:55,fb,campaign_35,creative_99,0,0,1,0,0,50.41488718
10-04-26,10-04-26 8:55,fb,campaign_35,creative_98,0,1,1,0,104.2257563,104.2257563
10-04-26,10-04-26 8:55,fb,campaign_35,creative_100,0,2,2,0,46.03612991,46.03612991
10-04-26,10-04-26 8:55,fb,campaign_35,creative_101,0,0,1,0,0,55.45951128
10-04-26,10-04-26 8:55,fb,campaign_35,creative_97,0,2,2,0,25.2829561,25.2829561
10-04-26,10-04-26 8:55,fb,campaign_35,creative_95,0,2,4,0,42.09762995,42.62990907
10-04-26,10-04-26 8:55,fb,campaign_35,creative_96,1,0,0,0,0,0
10-04-26,10-04-26 8:55,fb,campaign_35,creative_100,0,2,4,0,28.2140416,32.49449162
10-04-26,10-04-26 8:55,fb,campaign_35,creative_101,0,1,1,0,37.30529708,37.30529708
10-04-26,10-04-26 8:55,fb,campaign_35,creative_100,0,1,4,0,55.45951128,44.91434692
10-04-26,10-04-26 8:55,fb,campaign_35,creative_95,0,0,1,0,0,38.26103427
10-04-26,10-04-26 8:55,fb,campaign_35,creative_103,0,0,1,0,0,34.84238827
10-04-26,10-04-26 8:55,fb,campaign_35,creative_97,0,1,1,0,49.18573872,49.18573872
10-04-26,10-04-26 8:55,fb,campaign_35,creative_96,2,0,0,0,0,0
10-04-26,10-04-26 8:55,fb,campaign_35,creative_97,0,1,2,0,48.4447997,48.52116399
10-04-26,10-04-26 8:55,fb,campaign_35,creative_104,0,0,2,0,0,29.38331304
10-04-26,10-04-26 8:55,fb,campaign_36,creative_105,0,0,1,0,0,40.72885927
10-04-26,10-04-26 8:55,fb,campaign_36,creative_106,0,0,1,0,0,50.41488718
10-04-26,10-04-26 8:55,fb,campaign_36,creative_78,0,2,5,0,39.20313774,43.76557924
10-04-26,10-04-26 8:55,fb,campaign_36,creative_79,0,0,2,0,0,38.06941035
10-04-26,10-04-26 8:55,fb,campaign_36,creative_107,0,0,1,0,0,34.84238827
10-04-26,10-04-26 8:55,fb,campaign_37,creative_87,0,1,5,0,44.48412475,54.01480133
10-04-26,10-04-26 8:55,fb,campaign_37,creative_81,1,7,17,0,56.20545214,48.99343184
10-04-26,10-04-26 8:55,fb,campaign_37,creative_85,0,1,4,0,84.33516326,64.52812117
10-04-26,10-04-26 8:55,fb,campaign_37,creative_88,1,0,1,0,0,71.3165444
10-04-26,10-04-26 8:55,fb,campaign_37,creative_84,0,1,3,0,59.9166201,50.42374189
10-04-26,10-04-26 8:55,fb,campaign_37,creative_83,1,3,8,0,41.40247128,46.41861443
10-04-26,10-04-26 8:55,fb,campaign_38,creative_108,0,3,3,0,38.84628217,38.84628217
10-04-26,10-04-26 8:55,fb,campaign_38,creative_109,0,1,1,0,27.4881497,27.4881497
10-04-26,10-04-26 8:55,fb,campaign_38,creative_110,0,0,1,0,0,26.50708084
10-04-26,10-04-26 8:55,fb,campaign_38,creative_109,0,0,2,0,0,47.65967897
10-04-26,10-04-26 8:55,fb,campaign_38,creative_108,1,0,0,0,0,0
10-04-26,10-04-26 8:55,fb,campaign_38,creative_111,0,6,12,0,48.85144186,45.87722355
10-04-26,10-04-26 8:55,fb,campaign_38,creative_109,0,0,1,0,0,28.17711401
10-04-26,10-04-26 8:55,fb,campaign_38,creative_111,0,3,3,0,36.63036441,36.63036441
10-04-26,10-04-26 8:55,fb,campaign_38,creative_112,0,2,2,0,33.48864261,33.48864261
10-04-26,10-04-26 8:55,fb,campaign_38,creative_113,0,0,1,0,0,32.58296734
10-04-26,10-04-26 8:55,fb,campaign_38,creative_114,0,0,1,0,0,25.17684932
10-04-26,10-04-26 8:55,fb,campaign_38,creative_111,0,7,14,0,45.60349775,44.44974753
10-04-26,10-04-26 8:55,fb,campaign_38,creative_111,1,2,6,0,49.14152931,56.18002063
10-04-26,10-04-26 8:55,fb,campaign_38,creative_111,1,0,0,0,0,0
10-04-26,10-04-26 8:55,fb,campaign_38,creative_115,0,1,1,0,54.24877583,54.24877583
10-04-26,10-04-26 8:55,fb,campaign_38,creative_116,0,0,1,0,0,34.4267
10-04-26,10-04-26 8:55,fb,campaign_38,creative_115,0,1,1,0,62.92535852,62.92535852
10-04-26,10-04-26 8:55,fb,campaign_38,creative_117,0,0,1,0,0,23.01909008
10-04-26,10-04-26 8:55,fb,campaign_38,creative_118,0,0,1,0,0,32.8070761
10-04-26,10-04-26 8:55,fb,campaign_38,creative_110,0,5,12,0,36.86299569,45.49137309
10-04-26,10-04-26 8:55,fb,campaign_38,creative_119,0,0,1,0,0,88.44900036
10-04-26,10-04-26 8:55,fb,campaign_38,creative_118,0,1,7,0,35.25369705,32.4147811
10-04-26,10-04-26 8:55,fb,campaign_38,creative_109,0,1,3,0,52.23018399,33.13209416
10-04-26,10-04-26 8:55,fb,campaign_38,creative_110,0,0,2,0,0,56.26067937
10-04-26,10-04-26 8:55,fb,campaign_38,creative_112,1,0,0,0,0,0
10-04-26,10-04-26 8:55,fb,campaign_38,creative_115,0,0,2,0,0,41.82770556
10-04-26,10-04-26 8:55,fb,campaign_38,creative_113,1,3,4,0,62.98872412,66.0158993
10-04-26,10-04-26 8:55,fb,campaign_38,creative_111,0,2,2,0,44.7766559,44.7766559
10-04-26,10-04-26 8:55,fb,campaign_38,creative_112,0,0,2,0,0,39.94113767
10-04-26,10-04-26 8:55,fb,campaign_38,creative_113,0,1,2,0,17.36969877,26.88589568
10-04-26,10-04-26 8:55,fb,campaign_38,creative_114,0,1,1,0,73.42145366,73.42145366
10-04-26,10-04-26 8:55,fb,campaign_38,creative_113,0,4,4,0,37.61814048,37.61814048
10-04-26,10-04-26 8:55,fb,campaign_38,creative_113,0,7,7,0,42.42876557,42.42876557
10-04-26,10-04-26 8:55,fb,campaign_38,creative_110,0,1,2,0,71.93346803,73.91513202
10-04-26,10-04-26 8:55,fb,campaign_38,creative_111,1,4,4,0,52.22774232,52.22774232
10-04-26,10-04-26 8:55,fb,campaign_38,creative_108,2,2,2,0,41.54267005,41.54267005
10-04-26,10-04-26 8:55,fb,campaign_38,creative_112,0,0,2,0,0,32.31868225
10-04-26,10-04-26 8:55,fb,campaign_38,creative_110,0,0,2,0,0,50.41488718
10-04-26,10-04-26 8:55,fb,campaign_38,creative_110,1,0,0,0,0,0
10-04-26,10-04-26 8:55,fb,campaign_38,creative_112,0,1,2,0,19.66218778,20.8863015
10-04-26,10-04-26 8:55,fb,campaign_38,creative_119,1,0,3,0,0,36.0175687
10-04-26,10-04-26 8:55,fb,campaign_38,creative_111,0,2,2,0,33.13271808,33.13271808
10-04-26,10-04-26 8:55,fb,campaign_38,creative_120,0,0,1,0,0,47.98736916
10-04-26,10-04-26 8:55,fb,campaign_38,creative_118,0,1,1,0,70.64613931,70.64613931
10-04-26,10-04-26 8:55,fb,campaign_39,creative_121,0,0,1,0,0,64.63868246
10-04-26,10-04-26 8:55,fb,campaign_39,creative_122,0,0,1,0,0,34.84238827
10-04-26,10-04-26 8:55,fb,campaign_39,creative_123,0,1,1,0,46.11355694,46.11355694
10-04-26,10-04-26 8:55,fb,campaign_40,creative_75,0,1,1,0,64.16082799,64.16082799
10-04-26,10-04-26 8:55,fb,campaign_40,creative_124,0,0,1,0,0,40.72885927
10-04-26,10-04-26 8:55,fb,campaign_41,creative_125,0,0,1,0,0,56.03655156
10-04-26,10-04-26 8:55,fb,campaign_41,creative_126,0,3,6,0,44.02606384,38.93837012
10-04-26,10-04-26 8:55,fb,campaign_41,creative_127,0,1,2,0,64.77242888,65.60681527
10-04-26,10-04-26 8:55,fb,campaign_41,creative_128,0,2,3,0,30.94529267,34.43451534
10-04-26,10-04-26 8:55,fb,campaign_41,creative_129,2,0,1,0,0,26.97708621
10-04-26,10-04-26 8:55,fb,campaign_41,creative_130,0,1,2,0,32.16595465,30.73178204
10-04-26,10-04-26 8:55,fb,campaign_41,creative_131,0,7,17,0,36.30703246,35.7412674
10-04-26,10-04-26 8:55,fb,campaign_41,creative_132,0,0,1,0,0,28.83819399
10-04-26,10-04-26 8:55,fb,campaign_42,creative_42,1,2,3,0,50.38723129,45.61040943
10-04-26,10-04-26 8:55,fb,campaign_42,creative_133,0,1,2,0,36.08265643,36.06971107
10-04-26,10-04-26 8:55,fb,campaign_42,creative_134,0,0,1,0,0,28.83819399
10-04-26,10-04-26 8:55,fb,campaign_42,creative_135,0,1,2,0,36.00203371,32.64982157
10-04-26,10-04-26 8:55,fb,campaign_42,creative_136,0,1,2,0,56.65535299,56.65535299
10-04-26,10-04-26 8:55,fb,campaign_42,creative_33,1,10,19,0,45.47273038,45.28564037
10-04-26,10-04-26 8:55,fb,campaign_42,creative_43,0,1,1,0,88.5258,88.5258
10-04-26,10-04-26 8:55,fb,campaign_43,creative_137,0,0,1,0,0,68.67860055
10-04-26,10-04-26 8:55,fb,campaign_44,creative_53,0,7,9,0,40.95957698,47.62111759
10-04-26,10-04-26 8:55,fb,campaign_44,creative_44,0,1,2,0,36.00203371,42.29978099
10-04-26,10-04-26 8:55,fb,campaign_44,creative_58,0,1,1,0,73.96956391,73.96956391
10-04-26,10-04-26 8:55,fb,campaign_44,creative_55,0,1,1,0,73.96956391,73.96956391
10-04-26,10-04-26 8:55,fb,campaign_44,creative_59,0,2,2,0,69.82575758,69.82575758
10-04-26,10-04-26 8:55,fb,campaign_44,creative_138,0,1,2,0,62.36932862,55.16160842
10-04-26,10-04-26 8:55,fb,campaign_44,creative_54,0,10,15,0,54.25094217,47.39512309
10-04-26,10-04-26 8:55,fb,campaign_44,creative_57,0,1,3,0,28.9241689,31.21868027
10-04-26,10-04-26 8:55,fb,campaign_45,creative_139,0,1,1,0,59.7192964,59.7192964
10-04-26,10-04-26 8:55,fb,campaign_45,creative_70,0,2,2,0,49.73605967,49.73605967
10-04-26,10-04-26 8:55,fb,campaign_45,creative_140,2,2,2,0,50.17454421,50.17454421
10-04-26,10-04-26 8:55,fb,campaign_46,creative_141,0,0,1,0,0,57.91274303
10-04-26,10-04-26 8:55,fb,campaign_46,creative_142,0,0,1,0,0,73.97632442
10-04-26,10-04-26 8:55,fb,campaign_47,creative_143,0,1,1,0,116.8910097,116.8910097
10-04-26,10-04-26 8:55,fb,campaign_48,creative_142,0,0,1,0,0,42.03346978
10-04-26,10-04-26 8:55,fb,campaign_49,creative_144,0,0,1,0,0,33.44445615
10-04-26,10-04-26 8:55,fb,campaign_49,creative_145,0,1,1,0,54.93006403,54.93006403
10-04-26,10-04-26 8:55,fb,campaign_49,creative_143,0,0,1,0,0,57.91274303
10-04-26,10-04-26 8:55,fb,campaign_49,creative_146,0,0,1,0,0,57.91274303
10-04-26,10-04-26 8:55,fb,campaign_49,creative_147,0,1,2,0,33.44445615,45.67859959
10-04-26,10-04-26 8:55,fb,campaign_50,creative_148,0,0,1,0,0,57.91274303
10-04-26,10-04-26 8:55,fb,campaign_50,creative_149,0,0,1,0,0,57.91274303
10-04-26,10-04-26 8:55,fb,campaign_50,creative_150,0,0,1,0,0,42.03346978
10-04-26,10-04-26 8:55,fb,campaign_51,creative_151,0,0,1,0,0,73.97632442
10-04-26,10-04-26 8:55,fb,campaign_52,creative_152,0,0,3,0,0,61.38264691
10-04-26,10-04-26 8:55,fb,campaign_52,creative_153,0,0,1,0,0,44.73138142
10-04-26,10-04-26 8:55,fb,campaign_52,creative_154,0,0,3,0,0,47.24663946
10-04-26,10-04-26 8:55,fb,campaign_52,creative_153,0,0,2,0,0,60.56572078
10-04-26,10-04-26 8:55,fb,campaign_52,creative_155,0,0,1,0,0,43.56388721
10-04-26,10-04-26 8:55,fb,campaign_52,creative_156,0,0,3,0,0,56.78384336
10-04-26,10-04-26 8:55,fb,campaign_52,creative_152,0,0,3,0,0,36.6894912
10-04-26,10-04-26 8:55,fb,campaign_52,creative_157,0,0,1,0,0,30.17758508
10-04-26,10-04-26 8:55,fb,campaign_52,creative_158,0,1,1,0,50.41488718,50.41488718
10-04-26,10-04-26 8:55,fb,campaign_52,creative_159,0,0,6,0,0,58.73142332
10-04-26,10-04-26 8:55,fb,campaign_52,creative_160,0,0,5,0,0,47.36837924
10-04-26,10-04-26 8:55,fb,campaign_52,creative_159,0,0,1,0,0,9.853398807
10-04-26,10-04-26 8:55,fb,campaign_52,creative_158,0,0,1,0,0,60.56572078
10-04-26,10-04-26 8:55,fb,campaign_52,creative_160,0,0,1,0,0,43.56388721
10-04-26,10-04-26 8:55,fb,campaign_52,creative_157,0,2,11,0,56.12124388,60.56775579
10-04-26,10-04-26 8:55,fb,campaign_52,creative_153,0,0,1,0,0,71.3165444
10-04-26,10-04-26 8:55,fb,campaign_52,creative_156,0,1,7,0,61.90845754,50.04979709
10-04-26,10-04-26 8:55,fb,campaign_52,creative_153,0,0,3,0,0,42.38543178
10-04-26,10-04-26 8:55,fb,campaign_52,creative_161,0,2,3,0,51.05437936,45.54376063
10-04-26,10-04-26 8:55,fb,campaign_52,creative_152,0,0,1,0,0,34.84238827
10-04-26,10-04-26 8:55,fb,campaign_53,creative_158,0,1,2,0,73.97632442,51.82891407
10-04-26,10-04-26 8:55,fb,campaign_53,creative_156,0,1,1,0,40.54910088,40.54910088
10-04-26,10-04-26 8:55,fb,campaign_53,creative_160,0,1,1,0,44.82687265,44.82687265
10-04-26,10-04-26 8:55,fb,campaign_53,creative_155,0,1,1,0,51.67272146,51.67272146
10-04-26,10-04-26 8:55,fb,campaign_53,creative_160,0,5,7,0,53.00911298,50.55679905
10-04-26,10-04-26 8:55,fb,campaign_53,creative_152,0,0,1,0,0,29.55484791
10-04-26,10-04-26 8:55,fb,campaign_53,creative_152,0,0,2,0,0,46.19560587
10-04-26,10-04-26 8:55,fb,campaign_53,creative_152,0,0,1,0,0,17.05404207
10-04-26,10-04-26 8:55,fb,campaign_53,creative_154,0,0,5,0,0,57.28704715
10-04-26,10-04-26 8:55,fb,campaign_53,creative_153,0,0,1,0,0,34.91953563
10-04-26,10-04-26 8:55,fb,campaign_53,creative_153,0,2,2,0,42.62863772,42.62863772
10-04-26,10-04-26 8:55,fb,campaign_53,creative_155,0,0,1,0,0,37.30572735
10-04-26,10-04-26 8:55,fb,campaign_53,creative_155,0,1,1,0,75.896796,75.896796
10-04-26,10-04-26 8:55,fb,campaign_53,creative_156,0,0,2,0,0,34.98738402
10-04-26,10-04-26 8:55,fb,campaign_53,creative_153,0,5,8,0,61.95905974,59.19019321
10-04-26,10-04-26 8:55,fb,campaign_53,creative_156,0,1,1,0,50.41488718,50.41488718
10-04-26,10-04-26 8:55,fb,campaign_54,creative_157,1,4,4,0,38.6190287,38.6190287
10-04-26,10-04-26 8:55,fb,campaign_54,creative_157,2,0,0,0,0,0
10-04-26,10-04-26 8:55,fb,campaign_54,creative_157,0,5,5,0,35.23915655,35.23915655
10-04-26,10-04-26 8:55,fb,campaign_54,creative_159,0,3,3,0,50.37287332,50.37287332
10-04-26,10-04-26 8:55,fb,campaign_55,creative_162,0,3,4,0,51.66126949,48.01894662
10-04-26,10-04-26 8:55,fb,campaign_55,creative_163,0,0,1,0,0,20.4682647
10-04-26,10-04-26 8:55,fb,campaign_55,creative_164,0,1,2,0,26.36418175,26.50245178
10-04-26,10-04-26 8:55,fb,campaign_55,creative_165,0,2,4,0,42.57775522,43.92750959
10-04-26,10-04-26 8:55,fb,campaign_55,creative_166,0,0,1,0,0,51.80295656
10-04-26,10-04-26 8:55,fb,campaign_55,creative_167,0,1,1,0,24.79231484,24.79231484
10-04-26,10-04-26 8:55,fb,campaign_55,creative_165,0,10,12,0,48.76569979,47.46027842
10-04-26,10-04-26 8:55,fb,campaign_55,creative_167,0,0,1,0,0,41.43928533
10-04-26,10-04-26 8:55,fb,campaign_55,creative_165,0,0,1,0,0,29.91602632
10-04-26,10-04-26 8:55,fb,campaign_55,creative_164,0,1,1,0,75.02387261,75.02387261
10-04-26,10-04-26 8:55,fb,campaign_55,creative_166,0,1,1,0,42.01465401,42.01465401
10-04-26,10-04-26 8:55,fb,campaign_55,creative_168,1,1,1,0,50.41488718,50.41488718
10-04-26,10-04-26 8:55,fb,campaign_55,creative_165,0,0,1,0,0,28.11672869
10-04-26,10-04-26 8:55,fb,campaign_55,creative_162,0,1,2,0,41.52564716,36.01043905
10-04-26,10-04-26 8:55,fb,campaign_55,creative_162,0,0,1,0,0,42.97146025
10-04-26,10-04-26 8:55,fb,campaign_56,creative_160,0,0,6,0,0,53.90569746
10-04-26,10-04-26 8:55,fb,campaign_56,creative_152,0,0,1,0,0,34.4267
10-04-26,10-04-26 8:55,fb,campaign_56,creative_154,0,0,1,0,0,30.57367854
10-04-26,10-04-26 8:55,fb,campaign_56,creative_156,0,0,5,0,0,37.8078114
10-04-26,10-04-26 8:55,fb,campaign_56,creative_159,0,0,1,0,0,24.2020051
10-04-26,10-04-26 8:55,fb,campaign_57,creative_169,0,0,1,0,0,36.4020926
10-04-26,10-04-26 8:55,fb,campaign_57,creative_164,0,0,1,0,0,28.73574862
10-04-26,10-04-26 8:55,fb,campaign_58,creative_170,0,1,1,0,37.2093352,37.2093352
10-04-26,10-04-26 8:55,fb,campaign_58,creative_171,1,2,2,0,47.0162217,47.0162217
10-04-26,10-04-26 8:55,fb,campaign_58,creative_172,0,1,2,0,36.8647494,29.84261014
10-04-26,10-04-26 8:55,fb,campaign_59,creative_173,0,5,5,0,39.89972794,39.89972794
10-04-26,10-04-26 8:55,fb,campaign_59,creative_174,0,1,2,0,63.6684391,53.61616315
10-04-26,10-04-26 8:55,fb,campaign_59,creative_175,0,1,1,0,58.56948942,58.56948942
10-04-26,10-04-26 8:55,fb,campaign_59,creative_176,0,0,1,0,0,27.92863761
10-04-26,10-04-26 8:55,fb,campaign_59,creative_177,0,0,1,0,0,71.3165444
10-04-26,10-04-26 8:55,fb,campaign_59,creative_178,0,1,1,0,31.82016609,31.82016609
10-04-26,10-04-26 8:55,fb,campaign_59,creative_179,0,1,1,0,19.66218778,19.66218778
10-04-26,10-04-26 8:55,fb,campaign_59,creative_180,0,1,1,0,45.21781436,45.21781436
10-04-26,10-04-26 8:55,fb,campaign_59,creative_181,0,3,3,0,33.11001329,33.11001329
10-04-26,10-04-26 8:55,fb,campaign_59,creative_173,0,1,2,0,78.57738374,68.07234902
10-04-26,10-04-26 8:55,fb,campaign_59,creative_181,0,1,1,0,54.24877583,54.24877583
10-04-26,10-04-26 8:55,fb,campaign_59,creative_181,0,5,7,0,59.71670639,55.01409167
10-04-26,10-04-26 8:55,fb,campaign_59,creative_182,0,1,1,0,24.2020051,24.2020051
10-04-26,10-04-26 8:55,fb,campaign_59,creative_174,0,1,1,0,21.37723977,21.37723977
10-04-26,10-04-26 8:55,fb,campaign_60,creative_181,0,3,4,0,35.10244628,48.93961952
10-04-26,10-04-26 8:55,fb,campaign_60,creative_182,0,1,1,0,73.42145366,73.42145366
10-04-26,10-04-26 8:55,fb,campaign_60,creative_176,0,1,1,0,34.91953563,34.91953563
10-04-26,10-04-26 8:55,fb,campaign_60,creative_173,0,2,2,0,47.82740705,47.82740705
10-04-26,10-04-26 8:55,fb,campaign_60,creative_182,0,1,2,0,40.77861252,37.81050039
10-04-26,10-04-26 8:55,fb,campaign_60,creative_174,0,1,1,0,72.21102932,72.21102932
10-04-26,10-04-26 8:55,fb,campaign_60,creative_176,0,2,2,0,32.7080334,32.7080334
10-04-26,10-04-26 8:55,fb,campaign_60,creative_181,3,17,20,0,52.22196571,51.21269155
10-04-26,10-04-26 8:55,fb,campaign_60,creative_175,0,3,3,0,47.00044031,47.00044031
10-04-26,10-04-26 8:55,fb,campaign_60,creative_175,0,3,3,0,59.76373869,59.76373869
10-04-26,10-04-26 8:55,fb,campaign_60,creative_181,0,1,1,0,34.84238827,34.84238827
10-04-26,10-04-26 8:55,fb,campaign_60,creative_182,0,4,4,0,59.42817261,59.42817261
10-04-26,10-04-26 8:55,fb,campaign_60,creative_183,0,1,1,0,34.84238827,34.84238827
10-04-26,10-04-26 8:55,fb,campaign_60,creative_173,0,1,2,0,36.37887457,39.3372998
10-04-26,10-04-26 8:55,fb,campaign_60,creative_184,1,0,0,0,0,0
10-04-26,10-04-26 8:55,fb,campaign_60,creative_174,0,0,1,0,0,78.57738374
10-04-26,10-04-26 8:55,fb,campaign_60,creative_173,1,0,2,0,0,53.07946633
10-04-26,10-04-26 8:55,fb,campaign_60,creative_183,0,1,1,0,67.4252734,67.4252734
10-04-26,10-04-26 8:55,fb,campaign_61,creative_185,0,1,1,0,80.19170297,80.19170297
10-04-26,10-04-26 8:55,fb,campaign_62,creative_186,0,0,8,0,0,35.70419053
10-04-26,10-04-26 8:55,fb,campaign_62,creative_187,0,2,2,0,35.96718313,35.96718313
10-04-26,10-04-26 8:55,fb,campaign_62,creative_188,0,0,1,0,0,43.16395574
10-04-26,10-04-26 8:55,fb,campaign_62,creative_189,1,10,10,0,43.67728661,43.67728661
10-04-26,10-04-26 8:55,fb,campaign_62,creative_190,0,0,2,0,0,38.97864115
10-04-26,10-04-26 8:55,fb,campaign_62,creative_191,0,2,11,0,35.62565017,54.63242962
10-04-26,10-04-26 8:55,fb,campaign_63,creative_181,0,0,3,0,0,23.34341086
10-04-26,10-04-26 8:55,fb,campaign_63,creative_179,0,0,2,0,0,42.10391213
10-04-26,10-04-26 8:55,fb,campaign_63,creative_174,0,1,12,0,34.84238827,49.37345919
10-04-26,10-04-26 8:55,fb,campaign_63,creative_175,0,0,1,0,0,50.41488718
10-04-26,10-04-26 8:55,fb,campaign_63,creative_173,0,0,4,0,0,35.37131736
10-04-26,10-04-26 8:55,fb,campaign_63,creative_192,0,1,1,0,34.84238827,34.84238827
10-04-26,10-04-26 8:55,fb,campaign_63,creative_182,0,1,2,0,43.56388721,43.56388721
10-04-26,10-04-26 8:55,fb,campaign_63,creative_183,0,0,5,0,0,35.55319394
10-04-26,10-04-26 8:55,fb,campaign_63,creative_177,0,1,1,0,50.41488718,50.41488718
10-04-26,10-04-26 8:55,fb,campaign_63,creative_178,0,0,2,0,0,39.49390167
10-04-26,10-04-26 8:55,fb,campaign_63,creative_180,0,3,4,0,61.1394552,55.43020538
10-04-26,10-04-26 8:55,fb,campaign_64,creative_193,0,1,1,0,60.56572078,60.56572078
10-04-26,10-04-26 8:55,fb,campaign_65,creative_194,0,0,1,0,0,40.38977041
10-04-26,10-04-26 8:55,fb,campaign_65,creative_195,0,0,2,0,0,45.19690921
10-04-26,10-04-26 8:55,fb,campaign_65,creative_196,0,3,6,0,47.44810631,40.9551615
10-04-26,10-04-26 8:55,fb,campaign_65,creative_197,0,0,1,0,0,46.88528549
10-04-26,10-04-26 8:55,fb,campaign_66,creative_198,0,1,1,0,18.81617337,18.81617337
10-04-26,10-04-26 8:55,fb,campaign_66,creative_199,0,1,1,0,28.19589985,28.19589985
10-04-26,10-04-26 8:55,fb,campaign_67,creative_198,0,0,1,0,0,52.35095678
10-04-26,10-04-26 8:55,fb,campaign_68,creative_200,0,0,1,0,0,34.84238827
10-04-26,10-04-26 8:55,fb,campaign_69,creative_201,0,0,1,0,0,71.3165444
10-04-26,10-04-26 8:55,fb,campaign_70,creative_202,0,1,3,0,38.67870085,31.68218926
10-04-26,10-04-26 8:55,fb,campaign_70,creative_203,0,0,1,0,0,25.74158128
10-04-26,10-04-26 8:55,fb,campaign_70,creative_204,0,1,1,0,19.89970662,19.89970662
10-04-26,10-04-26 8:55,fb,campaign_70,creative_205,0,3,9,0,37.68911099,37.79842318
10-04-26,10-04-26 8:55,fb,campaign_70,creative_206,0,0,1,0,0,17.81139494
10-04-26,10-04-26 8:55,fb,campaign_71,creative_205,0,1,1,0,55.45951128,55.45951128
10-04-26,10-04-26 8:55,fb,campaign_71,creative_207,0,0,1,0,0,71.3165444
10-04-26,10-04-26 8:55,fb,campaign_71,creative_208,1,0,1,0,0,63.18168619
10-04-26,10-04-26 8:55,fb,campaign_71,creative_206,0,0,1,0,0,30.93846552
10-04-26,10-04-26 8:55,fb,campaign_71,creative_209,0,1,8,0,31.82016609,49.38063323
10-04-26,10-04-26 8:55,fb,campaign_71,creative_210,0,0,1,0,0,17.81139494
10-04-26,10-04-26 8:55,fb,campaign_71,creative_211,0,1,1,0,74.07023362,74.07023362
10-04-26,10-04-26 8:55,fb,campaign_71,creative_209,0,0,7,0,0,54.29014943
10-04-26,10-04-26 8:55,fb,campaign_71,creative_210,0,0,1,0,0,34.84238827
10-04-26,10-04-26 8:55,fb,campaign_71,creative_203,0,1,3,0,37.30572735,49.08184681
10-04-26,10-04-26 8:55,fb,campaign_71,creative_205,0,1,2,0,56.81281768,50.78296905
10-04-26,10-04-26 8:55,fb,campaign_71,creative_209,0,2,9,0,76.08540478,61.12854295
10-04-26,10-04-26 8:55,fb,campaign_71,creative_210,0,2,2,0,38.36789747,38.36789747
10-04-26,10-04-26 8:55,fb,campaign_71,creative_209,0,2,11,0,41.65598014,53.95189111
10-04-26,10-04-26 8:55,fb,campaign_71,creative_203,0,5,7,0,36.79667522,39.10831619
10-04-26,10-04-26 8:55,fb,campaign_71,creative_203,0,3,7,0,36.73242727,42.79773789
10-04-26,10-04-26 8:55,fb,campaign_71,creative_207,0,1,1,0,47.12377832,47.12377832
10-04-26,10-04-26 8:55,fb,campaign_71,creative_212,0,0,1,0,0,34.84238827
10-04-26,10-04-26 8:55,fb,campaign_71,creative_204,0,0,1,0,0,53.7277707
10-04-26,10-04-26 8:55,fb,campaign_71,creative_210,0,1,2,0,30.93846552,26.3451045
10-04-26,10-04-26 8:55,fb,campaign_71,creative_208,1,1,4,0,37.30572735,38.75781351
10-04-26,10-04-26 8:55,fb,campaign_71,creative_209,0,0,1,0,0,43.56388721
10-04-26,10-04-26 8:55,fb,campaign_71,creative_208,1,1,2,0,56.89792751,45.87015789
10-04-26,10-04-26 8:55,fb,campaign_71,creative_203,1,2,8,0,46.93191202,50.93662339
10-04-26,10-04-26 8:55,fb,campaign_71,creative_210,0,2,4,0,39.79775434,49.04097653
10-04-26,10-04-26 8:55,fb,campaign_71,creative_203,1,1,4,0,44.38346523,39.25823339
10-04-26,10-04-26 8:55,fb,campaign_72,creative_208,0,0,1,0,0,59.64033515
10-04-26,10-04-26 8:55,fb,campaign_72,creative_209,0,0,1,0,0,95.12239298
10-04-26,10-04-26 8:55,fb,campaign_72,creative_209,0,0,1,0,0,50.41488718
10-04-26,10-04-26 8:55,fb,campaign_73,creative_213,0,1,1,0,33.14214488,33.14214488
10-04-26,10-04-26 8:55,fb,campaign_74,creative_214,0,0,1,0,0,45.21781436
10-04-26,10-04-26 8:55,fb,campaign_74,creative_215,0,0,1,0,0,35.25369705
10-04-26,10-04-26 8:55,fb,campaign_74,creative_216,0,0,1,0,0,50.41488718
10-04-26,10-04-26 8:55,fb,campaign_74,creative_217,0,0,13,0,0,54.57015311
10-04-26,10-04-26 8:55,fb,campaign_74,creative_218,0,0,1,0,0,17.81139494
10-04-26,10-04-26 8:55,fb,campaign_74,creative_219,0,1,1,0,21.37723977,21.37723977
10-04-26,10-04-26 8:55,fb,campaign_74,creative_213,0,1,2,0,32.10367663,62.0379072
10-04-26,10-04-26 8:55,fb,campaign_74,creative_220,1,0,1,0,0,77.72960388
10-04-26,10-04-26 8:55,fb,campaign_74,creative_221,0,4,8,0,58.10300094,45.64706074
10-04-26,10-04-26 8:55,fb,campaign_74,creative_221,1,4,8,0,34.7919724,38.14287486
10-04-26,10-04-26 8:55,fb,campaign_74,creative_213,0,3,4,0,59.81990576,50.62651503
10-04-26,10-04-26 8:55,fb,campaign_74,creative_213,0,1,2,0,44.48412475,39.77381549
10-04-26,10-04-26 8:55,fb,campaign_74,creative_216,0,0,1,0,0,19.70624756
10-04-26,10-04-26 8:55,fb,campaign_74,creative_217,0,3,12,0,34.68452365,48.97557017
10-04-26,10-04-26 8:55,fb,campaign_74,creative_222,0,0,1,0,0,35.25369705
10-04-26,10-04-26 8:55,fb,campaign_75,creative_210,0,0,1,0,0,34.84238827
10-04-26,10-04-26 8:55,fb,campaign_76,creative_223,0,0,3,0,0,42.24789798
10-04-26,10-04-26 8:55,fb,campaign_76,creative_224,0,4,11,0,65.27255833,46.7359764
10-04-26,10-04-26 8:55,fb,campaign_76,creative_225,0,1,23,0,29.62304539,41.3088828
10-04-26,10-04-26 8:55,fb,campaign_76,creative_226,0,0,1,0,0,29.98205771
10-04-26,10-04-26 8:55,fb,campaign_77,creative_227,0,0,1,0,0,47.95388822
10-04-26,10-04-26 8:55,fb,campaign_77,creative_228,0,0,5,0,0,40.06675136
10-04-26,10-04-26 8:55,fb,campaign_77,creative_229,0,0,9,0,0,52.43505389
10-04-26,10-04-26 8:55,fb,campaign_77,creative_230,0,0,2,0,0,49.61677393
10-04-26,10-04-26 8:55,fb,campaign_77,creative_231,0,0,7,0,0,41.42115354
10-04-26,10-04-26 8:55,fb,campaign_77,creative_232,0,0,1,0,0,59.43594915
10-04-26,10-04-26 8:55,fb,campaign_78,creative_233,0,1,2,0,89.91179801,61.03887633
10-04-26,10-04-26 8:55,fb,campaign_78,creative_234,0,1,7,0,48.59752827,54.28131159
10-04-26,10-04-26 8:55,fb,campaign_78,creative_235,0,1,1,0,67.9186313,67.9186313
10-04-26,10-04-26 8:55,fb,campaign_78,creative_236,0,3,17,0,41.22490911,44.96699473
10-04-26,10-04-26 8:55,fb,campaign_78,creative_237,0,1,4,0,63.24659161,60.8513036
10-04-26,10-04-26 8:55,fb,campaign_79,creative_225,0,0,6,0,0,50.90772667
10-04-26,10-04-26 8:55,fb,campaign_79,creative_238,0,1,5,0,27.92863761,30.35205728
10-04-26,10-04-26 8:55,fb,campaign_79,creative_239,0,0,1,0,0,45.01133979
10-04-26,10-04-26 8:55,fb,campaign_80,creative_232,0,0,4,0,0,37.01484604
10-04-26,10-04-26 8:55,fb,campaign_80,creative_240,0,0,1,0,0,62.84094058
10-04-26,10-04-26 8:55,fb,campaign_80,creative_229,0,3,22,0,40.99469304,42.72589823
10-04-26,10-04-26 8:55,fb,campaign_80,creative_231,0,0,2,0,0,35.86707259
10-04-26,10-04-26 8:55,fb,campaign_80,creative_227,0,0,2,0,0,35.75700611
10-04-26,10-04-26 8:55,fb,campaign_81,creative_241,0,0,6,0,0,39.72355878
10-04-26,10-04-26 8:55,fb,campaign_81,creative_242,0,1,6,0,32.24703928,35.91918341
10-04-26,10-04-26 8:55,fb,campaign_81,creative_243,0,0,5,0,0,32.27840235
10-04-26,10-04-26 8:55,fb,campaign_81,creative_244,0,1,5,0,45.48293202,38.38640676
10-04-26,10-04-26 8:55,fb,campaign_82,creative_245,0,1,1,0,37.65659003,37.65659003
10-04-26,10-04-26 8:55,fb,campaign_82,creative_246,0,1,1,0,62.84094058,62.84094058
10-04-26,10-04-26 8:55,fb,campaign_82,creative_247,0,1,1,0,33.86339866,33.86339866
10-04-26,10-04-26 8:55,fb,campaign_83,creative_248,0,2,2,0,66.35344707,66.35344707
10-04-26,10-04-26 8:55,fb,campaign_83,creative_249,0,1,1,0,74.07023362,74.07023362
10-04-26,10-04-26 8:55,fb,campaign_83,creative_249,0,3,3,0,56.3405194,56.3405194
10-04-26,10-04-26 8:55,fb,campaign_83,creative_250,0,2,2,0,65.21601628,65.21601628
10-04-26,10-04-26 8:55,fb,campaign_83,creative_249,0,1,1,0,59.24135802,59.24135802
10-04-26,10-04-26 8:55,fb,campaign_83,creative_251,0,1,1,0,67.76208788,67.76208788
10-04-26,10-04-26 8:55,fb,campaign_83,creative_251,0,1,1,0,59.24135802,59.24135802
10-04-26,10-04-26 8:55,fb,campaign_83,creative_252,0,1,1,0,70.1596125,70.1596125
10-04-26,10-04-26 8:55,fb,campaign_83,creative_248,0,1,1,0,74.07023362,74.07023362
10-04-26,10-04-26 8:55,fb,campaign_83,creative_252,1,0,0,0,0,0
10-04-26,10-04-26 8:55,fb,campaign_83,creative_248,0,1,1,0,69.92426565,69.92426565
10-04-26,10-04-26 8:55,fb,campaign_84,creative_253,0,1,1,0,54.59049868,54.59049868
10-04-26,10-04-26 8:55,fb,campaign_84,creative_254,0,1,1,0,74.07023362,74.07023362
10-04-26,10-04-26 8:55,fb,campaign_84,creative_255,1,1,1,0,90.1357651,90.1357651
10-04-26,10-04-26 8:55,fb,campaign_84,creative_256,0,1,1,0,62.66994468,62.66994468
10-04-26,10-04-26 8:55,fb,campaign_84,creative_256,0,1,1,0,59.24135802,59.24135802
10-04-26,10-04-26 8:55,fb,campaign_84,creative_257,0,1,1,0,81.78011574,81.78011574
10-04-26,10-04-26 8:55,fb,campaign_84,creative_255,0,1,1,0,68.67860055,68.67860055
10-04-26,10-04-26 8:55,fb,campaign_84,creative_253,0,2,2,0,56.91592835,56.91592835
10-04-26,10-04-26 8:55,fb,campaign_84,creative_257,0,1,1,0,74.07023362,74.07023362
10-04-26,10-04-26 8:55,fb,campaign_84,creative_258,0,1,1,0,70.1596125,70.1596125
10-04-26,10-04-26 8:55,fb,campaign_84,creative_253,1,0,0,0,0,0
10-04-26,10-04-26 8:55,fb,campaign_84,creative_256,0,2,2,0,54.75981482,54.75981482
10-04-26,10-04-26 8:55,fb,campaign_84,creative_255,0,2,2,0,64.34560851,64.34560851
10-04-26,10-04-26 8:55,fb,campaign_84,creative_255,0,1,1,0,62.66994468,62.66994468
10-04-26,10-04-26 8:55,fb,campaign_84,creative_259,0,2,2,0,74.07023362,74.07023362
10-04-26,10-04-26 8:55,fb,campaign_85,creative_260,0,0,1,0,0,40.72885927
10-04-26,10-04-26 8:55,fb,campaign_86,creative_261,0,0,1,0,0,25.77881991
10-04-26,10-04-26 8:55,fb,campaign_87,creative_262,0,0,1,0,0,47.06347926
10-04-26,10-04-26 8:55,fb,campaign_87,creative_248,1,13,54,0,60.57727129,58.68779682
10-04-26,10-04-26 8:55,fb,campaign_87,creative_249,0,0,7,0,0,61.70269345
10-04-26,10-04-26 8:55,fb,campaign_87,creative_251,0,2,7,0,49.89522945,59.7843854
10-04-26,10-04-26 8:55,fb,campaign_87,creative_263,0,0,1,0,0,59.24135802
10-04-26,10-04-26 8:55,fb,campaign_87,creative_250,1,16,38,0,68.66760232,67.23559162
10-04-26,10-04-26 8:55,fb,campaign_87,creative_264,0,5,11,0,67.61969395,66.16684041
10-04-26,10-04-26 8:55,fb,campaign_88,creative_34,0,0,1,0,0,70.03694946
10-04-26,10-04-26 8:55,fb,campaign_88,creative_35,0,0,1,0,0,74.07023362
10-04-26,10-04-26 8:55,fb,campaign_89,creative_45,0,0,4,0,0,64.98170001
10-04-26,10-04-26 8:55,fb,campaign_89,creative_265,0,0,1,0,0,86.42536998
10-04-26,10-04-26 8:55,fb,campaign_90,creative_39,1,3,3,0,64.18431656,64.18431656
10-04-26,10-04-26 8:55,fb,campaign_90,creative_36,0,2,2,0,66.65579582,66.65579582
10-04-26,10-04-26 8:55,fb,campaign_90,creative_45,0,1,1,0,67.76208788,67.76208788
10-04-26,10-04-26 8:55,fb,campaign_91,creative_254,0,1,6,0,57.24941842,61.87165747
10-04-26,10-04-26 8:55,fb,campaign_91,creative_255,0,0,2,0,0,64.33036615
10-04-26,10-04-26 8:55,fb,campaign_91,creative_258,0,0,2,0,0,80.17697367
10-04-26,10-04-26 8:55,fb,campaign_91,creative_257,0,0,4,0,0,63.89088688
10-04-26,10-04-26 8:55,fb,campaign_91,creative_256,0,1,9,0,51.12408613,61.31619725
10-04-26,10-04-26 8:55,fb,campaign_91,creative_266,0,0,2,0,0,63.95997929
10-04-26,10-04-26 8:55,fb,campaign_91,creative_253,0,0,2,0,0,66.50172204
10-04-26,10-04-26 8:55,fb,campaign_92,creative_51,0,1,1,0,54.59049868,54.59049868
10-04-26,10-04-26 8:55,fb,campaign_92,creative_50,1,3,3,0,62.50766365,62.50766365
10-04-26,10-04-26 8:55,fb,campaign_93,creative_60,0,1,1,0,67.76208788,67.76208788
10-04-26,10-04-26 8:55,fb,campaign_94,creative_255,1,0,0,0,0,0
10-04-26,10-04-26 8:55,fb,campaign_95,creative_249,0,0,3,0,0,62.63403011
10-04-26,10-04-26 8:55,fb,campaign_95,creative_267,0,2,5,0,65.65364289,66.31402351
10-04-26,10-04-26 8:55,fb,campaign_95,creative_268,0,0,1,0,0,68.77069961
10-04-26,10-04-26 8:55,fb,campaign_95,creative_251,0,5,9,0,63.73430631,61.30750023
10-04-26,10-04-26 8:55,fb,campaign_95,creative_248,0,1,16,0,59.24135802,69.58710725
10-04-26,10-04-26 8:55,fb,campaign_95,creative_263,0,3,5,0,68.25547659,60.75984635
10-04-26,10-04-26 8:55,fb,campaign_96,creative_269,0,0,1,0,0,52.23018399
10-04-26,10-04-26 8:55,fb,campaign_97,creative_62,0,1,1,0,70.1596125,70.1596125
10-04-26,10-04-26 8:55,fb,campaign_97,creative_138,1,0,0,0,0,0
10-04-26,10-04-26 8:55,fb,campaign_97,creative_69,0,1,1,0,22.82047089,22.82047089
10-04-26,10-04-26 8:55,fb,campaign_98,creative_257,0,0,1,0,0,45.21781436
10-04-26,10-04-26 8:55,fb,campaign_98,creative_266,0,0,6,0,0,68.20231403
10-04-26,10-04-26 8:55,fb,campaign_98,creative_258,0,0,1,0,0,55.06754747
10-04-26,10-04-26 8:55,fb,campaign_99,creative_270,0,0,2,0,0,66.02230172
10-04-26,10-04-26 8:55,fb,campaign_99,creative_48,0,5,9,0,56.88647386,62.87666934
10-04-26,10-04-26 8:55,fb,campaign_99,creative_271,0,4,5,0,63.77959055,65.83771916
10-04-26,10-04-26 8:55,fb,campaign_99,creative_272,0,0,1,0,0,59.24135802
10-04-26,10-04-26 8:55,fb,campaign_99,creative_51,0,5,10,0,66.98067343,66.92038482
10-04-26,10-04-26 8:55,fb,campaign_99,creative_50,0,0,4,0,0,62.14815949
10-04-26,10-04-26 8:55,fb,campaign_100,creative_57,0,0,2,0,0,66.26659814
10-04-26,10-04-26 8:55,fb,campaign_100,creative_56,0,0,2,0,0,61.3604634
10-04-26,10-04-26 8:55,fb,campaign_100,creative_53,0,1,2,0,74.07023362,66.65579582
10-04-26,10-04-26 8:55,fb,campaign_100,creative_59,0,0,1,0,0,75.6359999
10-04-26,10-04-26 8:55,fb,campaign_100,creative_138,0,0,2,0,0,47.04187314
10-04-26,10-04-26 8:55,fb,campaign_100,creative_44,0,0,1,0,0,86.28371372
10-04-26,10-04-26 8:55,fb,campaign_100,creative_54,0,0,3,0,0,61.33048973
10-04-26,10-04-26 8:55,fb,campaign_100,creative_58,0,1,2,0,54.59049868,61.63454961
10-04-26,10-04-26 8:55,fb,campaign_101,creative_134,0,0,3,0,0,74.34129734
10-04-26,10-04-26 8:55,fb,campaign_101,creative_33,0,1,8,0,74.07023362,71.51902254
10-04-26,10-04-26 8:55,fb,campaign_101,creative_59,0,0,1,0,0,108.0587542
10-04-26,10-04-26 8:55,fb,campaign_101,creative_133,0,0,1,0,0,73.76208605
10-04-26,10-04-26 8:55,fb,campaign_101,creative_42,0,0,6,0,0,60.61997465
10-04-26,10-04-26 8:55,fb,campaign_102,creative_70,0,6,6,0,67.30585503,67.30585503
10-04-26,10-04-26 8:55,fb,campaign_102,creative_140,2,2,2,0,56.91592835,56.91592835
10-04-26,10-04-26 8:55,fb,campaign_102,creative_71,1,0,0,0,0,0
10-04-26,10-04-26 8:55,fb,campaign_102,creative_69,0,2,2,0,60.1075722,60.1075722
10-04-26,10-04-26 8:55,fb,campaign_102,creative_273,1,0,0,0,0,0
10-04-26,10-04-26 8:55,fb,campaign_103,creative_65,0,5,5,0,64.24982493,64.24982493
10-04-26,10-04-26 8:55,fb,campaign_103,creative_62,0,0,7,0,0,66.00637976
10-04-26,10-04-26 8:55,fb,campaign_103,creative_66,0,6,9,0,65.74389029,62.36821707
10-04-26,10-04-26 8:55,fb,campaign_103,creative_68,1,2,6,0,57.0852445,67.26954321
10-04-26,10-04-26 8:55,fb,campaign_103,creative_61,0,5,10,0,71.07908707,66.73808366
10-04-26,10-04-26 8:55,fb,campaign_103,creative_274,0,0,1,0,0,62.66994468
10-04-26,10-04-26 8:55,fb,campaign_103,creative_60,0,1,6,0,68.67860055,69.69253302
10-04-26,10-04-26 8:55,fb,campaign_103,creative_275,0,0,2,0,0,72.36313189
10-04-26,10-04-26 8:55,fb,campaign_104,creative_45,0,1,1,0,74.07023362,74.07023362
10-04-26,10-04-26 8:55,fb,campaign_104,creative_276,1,1,1,0,67.76208788,67.76208788
10-04-26,10-04-26 8:55,fb,campaign_104,creative_249,0,1,1,0,74.07023362,74.07023362
10-04-26,10-04-26 8:55,fb,campaign_104,creative_36,0,1,1,0,59.24135802,59.24135802
10-04-26,10-04-26 8:55,fb,campaign_104,creative_39,0,1,1,0,54.59049868,54.59049868
10-04-26,10-04-26 8:55,fb,campaign_105,creative_277,0,0,1,0,0,72.21102932
10-04-26,10-04-26 8:55,fb,campaign_106,creative_278,0,5,5,0,39.86231367,39.86231367
10-04-26,10-04-26 8:55,fb,campaign_106,creative_279,0,6,8,0,34.4295478,35.27665707
10-04-26,10-04-26 8:55,fb,campaign_106,creative_280,0,1,1,0,70.24751292,70.24751292
10-04-26,10-04-26 8:55,fb,campaign_106,creative_281,0,1,1,0,28.79441935,28.79441935
10-04-26,10-04-26 8:55,fb,campaign_106,creative_282,3,11,11,0,41.25419273,41.25419273
10-04-26,10-04-26 8:55,fb,campaign_107,creative_278,0,0,1,0,0,59.4647155
10-04-26,10-04-26 8:55,fb,campaign_107,creative_279,0,2,2,0,60.95565135,60.95565135
10-04-26,10-04-26 8:55,fb,campaign_107,creative_283,0,0,1,0,0,68.67860055
10-04-26,10-04-26 8:55,fb,campaign_107,creative_280,0,3,5,0,57.2585914,60.18827957
10-04-26,10-04-26 8:55,fb,campaign_107,creative_282,0,0,11,0,0,63.26967246
10-04-26,10-04-26 8:55,fb,campaign_108,creative_279,0,0,5,0,0,63.18595853
10-04-26,10-04-26 8:55,fb,campaign_108,creative_282,0,4,6,0,64.44917811,65.18471735
10-04-26,10-04-26 8:55,fb,campaign_108,creative_280,0,2,3,0,64.63915374,63.98275072
10-04-26,10-04-26 8:55,fb,campaign_109,creative_284,1,9,13,0,62.60890776,62.31371242
10-04-26,10-04-26 8:55,fb,campaign_109,creative_285,0,1,1,0,74.07023362,74.07023362
10-04-26,10-04-26 8:55,fb,campaign_109,creative_286,0,1,1,0,37.091978,37.091978
10-04-26,10-04-26 8:55,fb,campaign_109,creative_287,0,3,12,0,61.33544443,61.68574271
10-04-26,10-04-26 8:55,fb,campaign_110,creative_288,0,0,1,0,0,74.07023362
10-04-26,10-04-26 8:55,fb,campaign_110,creative_289,0,0,2,0,0,70.91616075
10-04-26,10-04-26 8:55,fb,campaign_110,creative_290,0,0,1,0,0,74.07023362
10-04-26,10-04-26 8:55,fb,campaign_110,creative_291,0,0,1,0,0,59.24135802
10-04-26,10-04-26 8:55,fb,campaign_111,creative_292,0,3,20,0,66.28398757,67.30669681
10-04-26,10-04-26 8:55,fb,campaign_111,creative_293,0,2,2,0,57.0852445,57.0852445
10-04-26,10-04-26 8:55,fb,campaign_111,creative_294,0,1,1,0,59.24135802,59.24135802
10-04-26,10-04-26 8:55,fb,campaign_111,creative_295,0,0,1,0,0,59.24135802
10-04-26,10-04-26 8:55,fb,campaign_111,creative_296,1,1,2,0,62.66994468,60.95565135
10-04-26,10-04-26 8:55,fb,campaign_112,creative_295,0,1,1,0,54.92913097,54.92913097
10-04-26,10-04-26 8:55,fb,campaign_112,creative_292,1,6,6,0,55.54478213,55.54478213
10-04-26,10-04-26 8:55,fb,campaign_112,creative_294,0,1,1,0,67.76208788,67.76208788
10-04-26,10-04-26 8:55,fb,campaign_113,creative_297,0,0,2,0,0,60.95565135
10-04-26,10-04-26 8:55,fb,campaign_113,creative_298,0,8,24,0,59.3915267,61.09297518
10-04-26,10-04-26 8:55,fb,campaign_114,creative_298,0,8,19,0,63.69668212,64.45675335
10-04-26,10-04-26 8:55,fb,campaign_115,creative_299,0,1,1,0,21.72384795,21.72384795
10-04-26,10-04-26 8:55,fb,campaign_115,creative_300,1,0,0,0,0,0
10-04-26,10-04-26 8:55,fb,campaign_115,creative_301,0,1,1,0,41.89340668,41.89340668
10-04-26,10-04-26 8:55,fb,campaign_115,creative_302,2,0,0,0,0,0
10-04-26,10-04-26 8:55,fb,campaign_116,creative_303,0,1,1,0,99.40679339,99.40679339
10-04-26,10-04-26 8:55,fb,campaign_116,creative_304,0,3,3,0,52.09642855,52.09642855
10-04-26,10-04-26 8:55,fb,campaign_116,creative_305,0,1,1,0,27.92863761,27.92863761
10-04-26,10-04-26 8:55,fb,campaign_116,creative_304,1,0,0,0,0,0
10-04-26,10-04-26 8:55,fb,campaign_116,creative_304,0,2,2,0,46.2875039,46.2875039
10-04-26,10-04-26 8:55,fb,campaign_116,creative_304,1,3,3,0,31.23482492,31.23482492
10-04-26,10-04-26 8:55,fb,campaign_116,creative_306,0,1,1,0,42.71185201,42.71185201
10-04-26,10-04-26 8:55,fb,campaign_116,creative_306,0,1,1,0,36.80580922,36.80580922
10-04-26,10-04-26 8:55,fb,campaign_116,creative_307,0,1,1,0,27.0841831,27.0841831
10-04-26,10-04-26 8:55,fb,campaign_116,creative_305,0,1,1,0,73.42145366,73.42145366
10-04-26,10-04-26 8:55,fb,campaign_117,creative_308,0,1,1,0,21.23280528,21.23280528
10-04-26,10-04-26 8:55,fb,campaign_117,creative_309,0,1,1,0,37.51391442,37.51391442
10-04-26,10-04-26 8:55,fb,campaign_117,creative_310,0,1,1,0,47.58813508,47.58813508
10-04-26,10-04-26 8:55,fb,campaign_117,creative_311,0,1,1,0,31.41022473,31.41022473
10-04-26,10-04-26 8:55,fb,campaign_118,creative_312,0,0,1,0,0,62.36932862
10-04-26,10-04-26 8:55,fb,campaign_118,creative_313,0,0,1,0,0,69.01706904
10-04-26,10-04-26 8:55,fb,campaign_118,creative_312,0,2,3,0,34.23886924,31.4188528
10-04-26,10-04-26 8:55,fb,campaign_118,creative_313,0,0,1,0,0,27.92863761
10-04-26,10-04-26 8:55,fb,campaign_118,creative_314,1,4,40,0,39.23294083,52.23122499
10-04-26,10-04-26 8:55,fb,campaign_118,creative_315,0,0,4,0,0,48.65545006
10-04-26,10-04-26 8:55,fb,campaign_118,creative_315,0,3,14,0,42.23543701,45.99050989
10-04-26,10-04-26 8:55,fb,campaign_119,creative_316,0,0,1,0,0,71.3165444
10-04-26,10-04-26 8:55,fb,campaign_119,creative_317,0,0,2,0,0,51.96830234
10-04-26,10-04-26 8:55,fb,campaign_119,creative_318,0,0,2,0,0,54.60539233
10-04-26,10-04-26 8:55,fb,campaign_120,creative_319,0,2,15,0,43.06353631,48.7043704
10-04-26,10-04-26 8:55,fb,campaign_120,creative_320,0,0,1,0,0,35.72953624
10-04-26,10-04-26 8:55,fb,campaign_120,creative_321,0,0,1,0,0,34.7886
10-04-26,10-04-26 8:55,fb,campaign_120,creative_322,0,1,2,0,71.3165444,56.02270184
10-04-26,10-04-26 8:55,fb,campaign_121,creative_308,0,0,4,0,0,36.48302409
10-04-26,10-04-26 8:55,fb,campaign_121,creative_311,0,1,2,0,43.32352501,36.59239476
10-04-26,10-04-26 8:55,fb,campaign_121,creative_323,0,6,19,0,46.69605618,49.75091645
10-04-26,10-04-26 8:55,fb,campaign_122,creative_324,0,2,2,0,42.62863772,42.62863772
10-04-26,10-04-26 8:55,fb,campaign_122,creative_325,0,1,1,0,30.69648464,30.69648464
10-04-26,10-04-26 8:55,fb,campaign_122,creative_326,1,0,0,0,0,0
10-04-26,10-04-26 8:55,fb,campaign_122,creative_327,0,1,1,0,43.56388721,43.56388721
10-04-26,10-04-26 8:55,fb,campaign_122,creative_328,0,7,7,0,54.52169283,54.52169283
10-04-26,10-04-26 8:55,fb,campaign_122,creative_329,0,1,1,0,50.41488718,50.41488718
10-04-26,10-04-26 8:55,fb,campaign_122,creative_330,0,1,1,0,34.84238827,34.84238827
10-04-26,10-04-26 8:55,fb,campaign_123,creative_328,0,1,1,0,32.63822021,32.63822021
10-04-26,10-04-26 8:55,fb,campaign_123,creative_331,1,1,1,0,28.19589985,28.19589985
10-04-26,10-04-26 8:55,fb,campaign_123,creative_332,0,1,1,0,50.41488718,50.41488718
10-04-26,10-04-26 8:55,fb,campaign_123,creative_333,0,1,1,0,21.37723977,21.37723977
10-04-26,10-04-26 8:55,fb,campaign_123,creative_327,1,0,0,0,0,0
10-04-26,10-04-26 8:55,fb,campaign_123,creative_326,0,1,1,0,28.15581454,28.15581454
10-04-26,10-04-26 8:55,fb,campaign_123,creative_327,1,4,4,0,37.08542352,37.08542352
10-04-26,10-04-26 8:55,fb,campaign_123,creative_324,1,1,1,0,43.56388721,43.56388721
10-04-26,10-04-26 8:55,fb,campaign_123,creative_333,0,1,1,0,18.92087017,18.92087017
10-04-26,10-04-26 8:55,fb,campaign_123,creative_327,0,2,2,0,42.62863772,42.62863772
10-04-26,10-04-26 8:55,fb,campaign_123,creative_324,0,2,2,0,28.06226873,28.06226873
10-04-26,10-04-26 8:55,fb,campaign_123,creative_326,0,2,2,0,49.68875518,49.68875518
10-04-26,10-04-26 8:55,fb,campaign_123,creative_326,2,0,0,0,0,0
10-04-26,10-04-26 8:55,fb,campaign_124,creative_333,1,2,2,0,52.04901935,52.04901935
10-04-26,10-04-26 8:55,fb,campaign_124,creative_324,1,1,1,0,34.84238827,34.84238827
10-04-26,10-04-26 8:55,fb,campaign_124,creative_332,0,1,1,0,22.82047089,22.82047089
10-04-26,10-04-26 8:55,fb,campaign_124,creative_327,0,3,3,0,47.85184715,47.85184715
10-04-26,10-04-26 8:55,fb,campaign_124,creative_334,0,1,1,0,91.28727659,91.28727659
10-04-26,10-04-26 8:55,fb,campaign_124,creative_329,1,0,0,0,0,0
10-04-26,10-04-26 8:55,fb,campaign_124,creative_329,1,1,1,0,35.57839407,35.57839407
10-04-26,10-04-26 8:55,fb,campaign_124,creative_330,0,1,1,0,44.48412475,44.48412475
10-04-26,10-04-26 8:55,fb,campaign_124,creative_326,0,1,1,0,35.25369705,35.25369705
10-04-26,10-04-26 8:55,fb,campaign_124,creative_328,0,1,1,0,35.57839407,35.57839407
10-04-26,10-04-26 8:55,fb,campaign_124,creative_328,0,2,2,0,24.02937758,24.02937758
10-04-26,10-04-26 8:55,fb,campaign_124,creative_327,0,6,6,0,61.8727513,61.8727513
10-04-26,10-04-26 8:55,fb,campaign_124,creative_326,1,1,1,0,44.48412475,44.48412475
10-04-26,10-04-26 8:55,fb,campaign_124,creative_331,0,1,1,0,27.92863761,27.92863761
10-04-26,10-04-26 8:55,fb,campaign_125,creative_328,0,1,1,0,44.82687265,44.82687265
10-04-26,10-04-26 8:55,fb,campaign_125,creative_327,1,2,2,0,64.18589874,64.18589874
10-04-26,10-04-26 8:55,fb,campaign_125,creative_332,0,1,1,0,73.54892116,73.54892116
10-04-26,10-04-26 8:55,fb,campaign_125,creative_331,0,1,1,0,43.56388721,43.56388721
10-04-26,10-04-26 8:55,fb,campaign_125,creative_328,0,1,1,0,60.56572078,60.56572078
10-04-26,10-04-26 8:55,fb,campaign_125,creative_327,0,1,1,0,50.41488718,50.41488718
10-04-26,10-04-26 8:55,fb,campaign_125,creative_326,0,2,2,0,46.18647493,46.18647493
10-04-26,10-04-26 8:55,fb,campaign_125,creative_333,0,1,1,0,47.36622714,47.36622714
10-04-26,10-04-26 8:55,fb,campaign_125,creative_329,0,1,1,0,81.45693905,81.45693905
10-04-26,10-04-26 8:55,fb,campaign_125,creative_326,0,2,2,0,41.77116755,41.77116755
10-04-26,10-04-26 8:55,fb,campaign_126,creative_335,2,1,1,0,37.30572735,37.30572735
10-04-26,10-04-26 8:55,fb,campaign_126,creative_336,1,0,0,0,0,0
10-04-26,10-04-26 8:55,fb,campaign_126,creative_337,0,1,1,0,33.26497194,33.26497194
10-04-26,10-04-26 8:55,fb,campaign_126,creative_338,1,0,0,0,0,0
10-04-26,10-04-26 8:55,fb,campaign_126,creative_339,1,0,0,0,0,0
10-04-26,10-04-26 8:55,fb,campaign_126,creative_336,0,1,1,0,55.45951128,55.45951128
10-04-26,10-04-26 8:55,fb,campaign_126,creative_335,0,1,1,0,44.48412475,44.48412475
10-04-26,10-04-26 8:55,fb,campaign_127,creative_340,1,1,1,0,22.82047089,22.82047089
10-04-26,10-04-26 8:55,fb,campaign_127,creative_341,0,1,1,0,44.62857828,44.62857828
10-04-26,10-04-26 8:55,fb,campaign_127,creative_342,1,0,0,0,0,0
10-04-26,10-04-26 8:55,fb,campaign_127,creative_335,0,1,1,0,21.37723977,21.37723977
10-04-26,10-04-26 8:55,fb,campaign_127,creative_338,1,0,0,0,0,0
10-04-26,10-04-26 8:55,fb,campaign_127,creative_335,0,1,1,0,50.41488718,50.41488718
10-04-26,10-04-26 8:55,fb,campaign_127,creative_341,1,0,0,0,0,0
10-04-26,10-04-26 8:55,fb,campaign_128,creative_335,0,1,1,0,22.15865032,22.15865032
10-04-26,10-04-26 8:55,fb,campaign_128,creative_340,0,1,1,0,50.41488718,50.41488718
10-04-26,10-04-26 8:55,fb,campaign_128,creative_340,0,1,1,0,55.46561377,55.46561377
10-04-26,10-04-26 8:55,fb,campaign_129,creative_343,1,0,0,0,0,0
10-04-26,10-04-26 8:55,fb,campaign_129,creative_336,1,0,0,0,0,0
10-04-26,10-04-26 8:55,fb,campaign_129,creative_338,2,0,0,0,0,0
10-04-26,10-04-26 8:55,fb,campaign_129,creative_344,1,0,0,0,0,0
10-04-26,10-04-26 8:55,fb,campaign_130,creative_344,0,2,2,0,42.62863772,42.62863772
10-04-26,10-04-26 8:55,fb,campaign_130,creative_335,0,1,1,0,60.56572078,60.56572078
10-04-26,10-04-26 8:55,fb,campaign_130,creative_341,1,1,1,0,50.41488718,50.41488718
10-04-26,10-04-26 8:55,fb,campaign_130,creative_339,0,1,1,0,34.91953563,34.91953563
10-04-26,10-04-26 8:55,fb,campaign_130,creative_340,0,2,2,0,51.17412993,51.17412993
10-04-26,10-04-26 8:55,fb,campaign_130,creative_345,0,1,1,0,63.6684391,63.6684391
10-04-26,10-04-26 8:55,fb,campaign_130,creative_338,0,1,1,0,43.56388721,43.56388721
10-04-26,10-04-26 8:55,fb,campaign_130,creative_346,0,1,1,0,71.3165444,71.3165444
10-04-26,10-04-26 8:55,fb,campaign_131,creative_347,0,1,1,0,98.79789877,98.79789877
10-04-26,10-04-26 8:55,fb,campaign_131,creative_340,0,2,2,0,40.97025419,40.97025419
10-04-26,10-04-26 8:55,fb,campaign_131,creative_339,0,1,1,0,28.19589985,28.19589985
10-04-26,10-04-26 8:55,fb,campaign_131,creative_338,0,1,1,0,37.30572735,37.30572735
10-04-26,10-04-26 8:55,fb,campaign_131,creative_336,0,1,1,0,46.34644533,46.34644533
10-04-26,10-04-26 8:55,fb,campaign_132,creative_345,1,0,0,0,0,0
10-04-26,10-04-26 8:55,fb,campaign_132,creative_343,0,1,1,0,55.45951128,55.45951128
10-04-26,10-04-26 8:55,fb,campaign_132,creative_340,0,1,1,0,34.52252316,34.52252316
10-04-26,10-04-26 8:55,fb,campaign_132,creative_335,1,0,0,0,0,0
10-04-26,10-04-26 8:55,fb,campaign_132,creative_338,0,1,1,0,29.32005179,29.32005179
10-04-26,10-04-26 8:55,fb,campaign_132,creative_336,0,1,1,0,44.62857828,44.62857828
10-04-26,10-04-26 8:55,fb,campaign_132,creative_341,0,1,1,0,39.97893123,39.97893123
10-04-26,10-04-26 8:55,fb,campaign_132,creative_337,1,0,0,0,0,0
10-04-26,10-04-26 8:55,fb,campaign_133,creative_348,0,0,1,0,0,35.51452521
10-04-26,10-04-26 8:55,fb,campaign_134,creative_349,0,0,1,0,0,132.1744132
10-04-26,10-04-26 8:55,fb,campaign_135,creative_331,0,1,1,0,50.41488718,50.41488718
10-04-26,10-04-26 8:55,fb,campaign_136,creative_350,0,1,7,0,36.37887457,46.40050511
10-04-26,10-04-26 8:55,fb,campaign_136,creative_331,0,1,3,0,34.84238827,39.18152022
10-04-26,10-04-26 8:55,fb,campaign_136,creative_350,0,4,12,0,47.26748462,40.80875305
10-04-26,10-04-26 8:55,fb,campaign_136,creative_351,0,1,1,0,57.56731429,57.56731429
10-04-26,10-04-26 8:55,fb,campaign_136,creative_350,0,3,3,0,50.56982241,50.56982241
10-04-26,10-04-26 8:55,fb,campaign_136,creative_352,0,0,2,0,0,45.21905502
10-04-26,10-04-26 8:55,fb,campaign_136,creative_353,0,4,24,0,37.06234464,45.63980062
10-04-26,10-04-26 8:55,fb,campaign_136,creative_354,0,0,1,0,0,63.7991163
10-04-26,10-04-26 8:55,fb,campaign_136,creative_355,1,4,8,0,53.10147269,44.11879231
10-04-26,10-04-26 8:55,fb,campaign_136,creative_331,0,0,1,0,0,58.2915976
10-04-26,10-04-26 8:55,fb,campaign_136,creative_353,0,1,4,0,55.27431061,53.6364249
10-04-26,10-04-26 8:55,fb,campaign_136,creative_356,0,2,3,0,43.69595745,43.95867988
10-04-26,10-04-26 8:55,fb,campaign_136,creative_352,0,0,1,0,0,50.41488718
10-04-26,10-04-26 8:55,fb,campaign_136,creative_326,0,0,3,0,0,60.53524868
10-04-26,10-04-26 8:55,fb,campaign_136,creative_352,0,0,2,0,0,64.43648155
10-04-26,10-04-26 8:55,fb,campaign_136,creative_351,0,2,2,0,40.66254855,40.66254855
10-04-26,10-04-26 8:55,fb,campaign_136,creative_354,0,3,5,0,52.55339446,52.35474398
10-04-26,10-04-26 8:55,fb,campaign_136,creative_357,0,4,9,0,37.11373993,33.56328042
10-04-26,10-04-26 8:55,fb,campaign_137,creative_326,0,0,2,0,0,39.71912113
10-04-26,10-04-26 8:55,fb,campaign_137,creative_331,0,0,1,0,0,50.41488718
10-04-26,10-04-26 8:55,fb,campaign_137,creative_331,0,1,6,0,34.91953563,47.87710916
10-04-26,10-04-26 8:55,fb,campaign_137,creative_331,0,0,1,0,0,46.1265476
10-04-26,10-04-26 8:55,fb,campaign_137,creative_331,0,0,1,0,0,34.84238827
10-04-26,10-04-26 8:55,fb,campaign_137,creative_331,0,1,13,0,60.56572078,53.54339699
10-04-26,10-04-26 8:55,fb,campaign_137,creative_331,0,0,1,0,0,62.36932862
10-04-26,10-04-26 8:55,fb,campaign_137,creative_358,0,2,8,0,48.77083848,50.70271491
10-04-26,10-04-26 8:55,fb,campaign_137,creative_331,0,0,1,0,0,60.56572078
10-04-26,10-04-26 8:55,fb,campaign_137,creative_358,0,3,7,0,53.59552786,48.21048678
10-04-26,10-04-26 8:55,fb,campaign_137,creative_331,0,0,2,0,0,46.76489061
10-04-26,10-04-26 8:55,fb,campaign_137,creative_353,0,0,1,0,0,62.36932862
10-04-26,10-04-26 8:55,fb,campaign_138,creative_359,0,0,1,0,0,71.3165444
10-04-26,10-04-26 8:55,fb,campaign_138,creative_331,0,0,5,0,0,43.09998878
10-04-26,10-04-26 8:55,fb,campaign_138,creative_331,2,3,6,0,37.74955458,34.32261932
10-04-26,10-04-26 8:55,fb,campaign_138,creative_331,0,1,3,0,34.84238827,35.13931621
10-04-26,10-04-26 8:55,fb,campaign_138,creative_331,0,3,6,0,60.56572078,54.08022313
10-04-26,10-04-26 8:55,fb,campaign_138,creative_358,0,1,1,0,34.84238827,34.84238827
10-04-26,10-04-26 8:55,fb,campaign_138,creative_351,0,0,1,0,0,27.92863761
10-04-26,10-04-26 8:55,fb,campaign_138,creative_331,0,1,2,0,112.0202668,74.5561224
10-04-26,10-04-26 8:55,fb,campaign_138,creative_350,0,0,1,0,0,65.53971328
10-04-26,10-04-26 8:55,fb,campaign_138,creative_331,2,3,4,0,44.60250141,49.38091241
10-04-26,10-04-26 8:55,fb,campaign_138,creative_331,0,3,6,0,40.03322124,55.0708896
10-04-26,10-04-26 8:55,fb,campaign_138,creative_331,0,2,2,0,74.89137161,74.89137161
10-04-26,10-04-26 8:55,fb,campaign_138,creative_331,1,3,3,0,54.46724857,54.46724857
10-04-26,10-04-26 8:55,fb,campaign_138,creative_360,0,1,1,0,43.56388721,43.56388721
10-04-26,10-04-26 8:55,fb,campaign_138,creative_361,0,0,1,0,0,60.56572078
10-04-26,10-04-26 8:55,fb,campaign_138,creative_331,1,0,1,0,0,40.54910088
10-04-26,10-04-26 8:55,fb,campaign_138,creative_350,0,0,1,0,0,29.91602632
10-04-26,10-04-26 8:55,fb,campaign_138,creative_331,0,0,2,0,0,31.38551294
10-04-26,10-04-26 8:55,fb,campaign_138,creative_326,0,0,1,0,0,34.84238827
10-04-26,10-04-26 8:55,fb,campaign_138,creative_358,0,0,1,0,0,62.47900582
10-04-26,10-04-26 8:55,fb,campaign_138,creative_351,1,1,1,0,44.62857828,44.62857828
10-04-26,10-04-26 8:55,fb,campaign_138,creative_350,0,0,2,0,0,39.20313774
10-04-26,10-04-26 8:55,fb,campaign_138,creative_331,1,2,3,0,43.56388721,49.23116506
10-04-26,10-04-26 8:55,fb,campaign_138,creative_331,0,3,14,0,47.75030356,48.70267769
10-04-26,10-04-26 8:55,fb,campaign_138,creative_331,0,1,6,0,88.136398,66.09549162
10-04-26,10-04-26 8:55,fb,campaign_139,creative_359,0,2,7,0,67.53202142,55.40934155
10-04-26,10-04-26 8:55,fb,campaign_139,creative_331,0,1,5,0,34.52252316,44.68236068
10-04-26,10-04-26 8:55,fb,campaign_139,creative_362,0,5,7,0,39.92814705,37.49303393
10-04-26,10-04-26 8:55,fb,campaign_139,creative_350,0,2,2,0,36.4419695,36.4419695
10-04-26,10-04-26 8:55,fb,campaign_139,creative_358,0,1,1,0,71.3165444,71.3165444
10-04-26,10-04-26 8:55,fb,campaign_139,creative_350,0,0,9,0,0,57.60083348
10-04-26,10-04-26 8:55,fb,campaign_139,creative_353,0,0,1,0,0,29.62304539
10-04-26,10-04-26 8:55,fb,campaign_139,creative_361,0,1,1,0,71.3165444,71.3165444
10-04-26,10-04-26 8:55,fb,campaign_139,creative_363,0,2,2,0,41.85652831,41.85652831
10-04-26,10-04-26 8:55,fb,campaign_139,creative_326,0,1,1,0,36.54280017,36.54280017
10-04-26,10-04-26 8:55,fb,campaign_139,creative_331,0,1,1,0,78.57738374,78.57738374
10-04-26,10-04-26 8:55,fb,campaign_139,creative_351,0,0,1,0,0,50.41488718
10-04-26,10-04-26 8:55,fb,campaign_139,creative_331,3,4,4,0,42.79819062,42.79819062
10-04-26,10-04-26 8:55,fb,campaign_139,creative_331,0,1,1,0,60.56572078,60.56572078
10-04-26,10-04-26 8:55,fb,campaign_139,creative_358,1,0,0,0,0,0
10-04-26,10-04-26 8:55,fb,campaign_139,creative_331,0,2,2,0,50.94305821,50.94305821
10-04-26,10-04-26 8:55,fb,campaign_139,creative_331,0,1,1,0,29.32005179,29.32005179
10-04-26,10-04-26 8:55,fb,campaign_140,creative_331,0,8,11,0,54.4601836,53.78684533
10-04-26,10-04-26 8:55,fb,campaign_140,creative_359,0,1,3,0,32.57493349,41.22298184
10-04-26,10-04-26 8:55,fb,campaign_140,creative_331,2,12,17,0,49.03852646,48.12884717
10-04-26,10-04-26 8:55,fb,campaign_140,creative_352,7,3,4,0,40.92184178,37.13608631
10-04-26,10-04-26 8:55,fb,campaign_140,creative_331,0,1,1,0,81.98006481,81.98006481
10-04-26,10-04-26 8:55,fb,campaign_140,creative_360,0,0,1,0,0,67.8060767
10-04-26,10-04-26 8:55,fb,campaign_140,creative_350,0,3,7,0,57.18496046,48.19145556
10-04-26,10-04-26 8:55,fb,campaign_140,creative_350,0,0,2,0,0,58.68926923
10-04-26,10-04-26 8:55,fb,campaign_140,creative_331,0,0,14,0,0,55.11721169
10-04-26,10-04-26 8:55,fb,campaign_140,creative_351,0,0,1,0,0,57.54519972
10-04-26,10-04-26 8:55,fb,campaign_140,creative_331,0,0,1,0,0,43.56388721
10-04-26,10-04-26 8:55,fb,campaign_140,creative_331,0,2,9,0,55.93282264,55.84684596
10-04-26,10-04-26 8:55,fb,campaign_140,creative_331,0,4,7,0,42.044484,47.77883646
10-04-26,10-04-26 8:55,fb,campaign_140,creative_360,0,1,1,0,35.85252377,35.85252377
10-04-26,10-04-26 8:55,fb,campaign_140,creative_358,0,1,1,0,27.92863761,27.92863761
10-04-26,10-04-26 8:55,fb,campaign_140,creative_331,0,0,1,0,0,50.41488718
10-04-26,10-04-26 8:55,fb,campaign_140,creative_351,0,1,4,0,40.54910088,49.59518875
10-04-26,10-04-26 8:55,fb,campaign_141,creative_331,0,1,1,0,43.56388721,43.56388721
10-04-26,10-04-26 8:55,fb,campaign_141,creative_331,1,1,1,0,62.36932862,62.36932862
10-04-26,10-04-26 8:55,fb,campaign_141,creative_331,0,1,1,0,60.56572078,60.56572078
10-04-26,10-04-26 8:55,fb,campaign_141,creative_331,0,1,1,0,55.45951128,55.45951128
10-04-26,10-04-26 8:55,fb,campaign_141,creative_358,0,1,1,0,34.84238827,34.84238827
10-04-26,10-04-26 8:55,fb,campaign_141,creative_331,0,1,1,0,50.41488718,50.41488718
10-04-26,10-04-26 8:55,fb,campaign_141,creative_326,0,1,1,0,55.45951128,55.45951128
10-04-26,10-04-26 8:55,fb,campaign_141,creative_326,0,1,1,0,34.84238827,34.84238827
10-04-26,10-04-26 8:55,fb,campaign_141,creative_331,1,2,2,0,79.55086252,79.55086252
10-04-26,10-04-26 8:55,fb,campaign_141,creative_350,0,1,1,0,34.91953563,34.91953563
10-04-26,10-04-26 8:55,fb,campaign_142,creative_364,0,2,2,0,46.10643889,46.10643889
10-04-26,10-04-26 8:55,fb,campaign_142,creative_365,0,2,2,0,56.88780622,56.88780622
10-04-26,10-04-26 8:55,fb,campaign_142,creative_366,0,1,1,0,27.92863761,27.92863761
10-04-26,10-04-26 8:55,fb,campaign_142,creative_367,0,1,1,0,71.3165444,71.3165444
10-04-26,10-04-26 8:55,fb,campaign_142,creative_365,0,1,1,0,34.84238827,34.84238827
10-04-26,10-04-26 8:55,fb,campaign_142,creative_368,0,1,1,0,34.91953563,34.91953563
10-04-26,10-04-26 8:55,fb,campaign_142,creative_369,0,1,1,0,34.84238827,34.84238827
10-04-26,10-04-26 8:55,fb,campaign_142,creative_370,0,1,1,0,44.82687265,44.82687265
10-04-26,10-04-26 8:55,fb,campaign_142,creative_365,0,1,1,0,44.48412475,44.48412475
10-04-26,10-04-26 8:55,fb,campaign_142,creative_371,0,2,2,0,47.98074449,47.98074449
10-04-26,10-04-26 8:55,fb,campaign_142,creative_372,0,1,1,0,71.3165444,71.3165444
10-04-26,10-04-26 8:55,fb,campaign_142,creative_373,0,1,1,0,45.21781436,45.21781436
10-04-26,10-04-26 8:55,fb,campaign_143,creative_374,0,1,1,0,56.81281768,56.81281768
10-04-26,10-04-26 8:55,fb,campaign_143,creative_315,0,1,1,0,39.97893123,39.97893123
10-04-26,10-04-26 8:55,fb,campaign_143,creative_375,0,1,1,0,34.84238827,34.84238827
10-04-26,10-04-26 8:55,fb,campaign_143,creative_373,0,1,1,0,43.56388721,43.56388721
10-04-26,10-04-26 8:55,fb,campaign_143,creative_375,0,1,1,0,40.72885927,40.72885927
10-04-26,10-04-26 8:55,fb,campaign_143,creative_375,0,1,1,0,44.48412475,44.48412475
10-04-26,10-04-26 8:55,fb,campaign_143,creative_368,0,1,1,0,60.56572078,60.56572078
10-04-26,10-04-26 8:55,fb,campaign_143,creative_368,0,1,1,0,71.3165444,71.3165444
10-04-26,10-04-26 8:55,fb,campaign_143,creative_315,0,2,2,0,49.52836671,49.52836671
10-04-26,10-04-26 8:55,fb,campaign_143,creative_365,0,1,1,0,95.12239298,95.12239298
10-04-26,10-04-26 8:55,fb,campaign_143,creative_374,0,1,1,0,45.21781436,45.21781436
10-04-26,10-04-26 8:55,fb,campaign_144,creative_372,0,1,1,0,43.56388721,43.56388721
10-04-26,10-04-26 8:55,fb,campaign_144,creative_367,1,1,1,0,74.79385374,74.79385374
10-04-26,10-04-26 8:55,fb,campaign_144,creative_373,0,1,1,0,37.091978,37.091978
10-04-26,10-04-26 8:55,fb,campaign_144,creative_368,0,1,1,0,71.3165444,71.3165444
10-04-26,10-04-26 8:55,fb,campaign_144,creative_374,0,1,1,0,50.41488718,50.41488718
10-04-26,10-04-26 8:55,fb,campaign_144,creative_372,0,3,3,0,64.35001765,64.35001765
10-04-26,10-04-26 8:55,fb,campaign_144,creative_315,0,1,1,0,43.56388721,43.56388721
10-04-26,10-04-26 8:55,fb,campaign_144,creative_364,0,1,1,0,71.3165444,71.3165444
10-04-26,10-04-26 8:55,fb,campaign_144,creative_373,0,2,2,0,43.56388721,43.56388721
10-04-26,10-04-26 8:55,fb,campaign_145,creative_370,0,1,1,0,27.92863761,27.92863761
10-04-26,10-04-26 8:55,fb,campaign_145,creative_372,0,1,1,0,75.09742482,75.09742482
10-04-26,10-04-26 8:55,fb,campaign_145,creative_374,0,1,1,0,27.85173773,27.85173773
10-04-26,10-04-26 8:55,fb,campaign_145,creative_375,0,1,1,0,17.81139494,17.81139494
10-04-26,10-04-26 8:55,fb,campaign_146,creative_376,0,1,1,0,59.4647155,59.4647155
10-04-26,10-04-26 8:55,fb,campaign_147,creative_369,1,0,0,0,0,0
10-04-26,10-04-26 8:55,fb,campaign_148,creative_377,0,2,2,0,57.86562414,57.86562414
10-04-26,10-04-26 8:55,fb,campaign_148,creative_373,0,1,1,0,71.3165444,71.3165444
10-04-26,10-04-26 8:55,fb,campaign_148,creative_370,0,1,1,0,27.70524614,27.70524614
10-04-26,10-04-26 8:55,fb,campaign_148,creative_373,0,5,5,0,58.63054914,58.63054914
10-04-26,10-04-26 8:55,fb,campaign_148,creative_315,0,3,3,0,45.9939845,45.9939845
10-04-26,10-04-26 8:55,fb,campaign_148,creative_378,1,0,0,0,0,0
10-04-26,10-04-26 8:55,fb,campaign_148,creative_378,0,1,1,0,34.91953563,34.91953563
10-04-26,10-04-26 8:55,fb,campaign_148,creative_379,0,2,2,0,28.7758415,28.7758415
10-04-26,10-04-26 8:55,fb,campaign_148,creative_315,3,0,0,0,0,0
10-04-26,10-04-26 8:55,fb,campaign_148,creative_370,0,2,2,0,51.09567743,51.09567743
10-04-26,10-04-26 8:55,fb,campaign_148,creative_373,1,0,0,0,0,0
10-04-26,10-04-26 8:55,fb,campaign_148,creative_380,0,1,1,0,73.42145366,73.42145366
10-04-26,10-04-26 8:55,fb,campaign_149,creative_378,0,0,3,0,0,45.37179216
10-04-26,10-04-26 8:55,fb,campaign_149,creative_381,0,0,1,0,0,74.86784376
10-04-26,10-04-26 8:55,fb,campaign_149,creative_371,0,0,4,0,0,34.27027426
10-04-26,10-04-26 8:55,fb,campaign_149,creative_368,0,0,1,0,0,38.26796462
10-04-26,10-04-26 8:55,fb,campaign_149,creative_371,0,0,2,0,0,50.74687511
10-04-26,10-04-26 8:55,fb,campaign_149,creative_368,0,0,5,0,0,45.88633179
10-04-26,10-04-26 8:55,fb,campaign_149,creative_377,0,0,1,0,0,56.25897112
10-04-26,10-04-26 8:55,fb,campaign_149,creative_371,0,0,3,0,0,33.1325343
10-04-26,10-04-26 8:55,fb,campaign_149,creative_364,0,0,1,0,0,50.41488718
10-04-26,10-04-26 8:55,fb,campaign_149,creative_381,0,0,1,0,0,34.84238827
10-04-26,10-04-26 8:55,fb,campaign_149,creative_371,0,0,2,0,0,33.88509341
10-04-26,10-04-26 8:55,fb,campaign_149,creative_382,0,0,2,0,0,42.08796117
10-04-26,10-04-26 8:55,fb,campaign_149,creative_377,0,0,3,0,0,33.77896122
10-04-26,10-04-26 8:55,fb,campaign_149,creative_380,0,0,1,0,0,24.4679589
10-04-26,10-04-26 8:55,fb,campaign_149,creative_383,0,2,4,0,58.48645591,63.0961735
10-04-26,10-04-26 8:55,fb,campaign_149,creative_379,0,0,3,0,0,45.52575379
10-04-26,10-04-26 8:55,fb,campaign_149,creative_378,0,0,1,0,0,55.45951128
10-04-26,10-04-26 8:55,fb,campaign_149,creative_370,0,0,1,0,0,40.28338626
10-04-26,10-04-26 8:55,fb,campaign_149,creative_384,0,0,2,0,0,44.02400598
10-04-26,10-04-26 8:55,fb,campaign_149,creative_379,0,1,5,0,30.69648464,58.0275674
10-04-26,10-04-26 8:55,fb,campaign_149,creative_368,0,0,4,0,0,61.45292041
10-04-26,10-04-26 8:55,fb,campaign_149,creative_378,0,0,1,0,0,46.45949924
10-04-26,10-04-26 8:55,fb,campaign_149,creative_378,0,1,1,0,34.91953563,34.91953563
10-04-26,10-04-26 8:55,fb,campaign_149,creative_379,0,2,7,0,86.23705496,58.90349264
10-04-26,10-04-26 8:55,fb,campaign_149,creative_379,0,0,3,0,0,46.90428447
10-04-26,10-04-26 8:55,fb,campaign_149,creative_380,0,1,2,0,51.12408613,76.19589588
10-04-26,10-04-26 8:55,fb,campaign_149,creative_378,0,0,1,0,0,53.90710782
10-04-26,10-04-26 8:55,fb,campaign_149,creative_383,0,0,1,0,0,27.92863761
10-04-26,10-04-26 8:55,fb,campaign_149,creative_381,0,0,2,0,0,78.84749886
10-04-26,10-04-26 8:55,fb,campaign_149,creative_368,0,0,1,0,0,50.41488718
10-04-26,10-04-26 8:55,fb,campaign_149,creative_378,0,0,1,0,0,27.92863761
10-04-26,10-04-26 8:55,fb,campaign_149,creative_379,0,0,2,0,0,41.31438088
10-04-26,10-04-26 8:55,fb,campaign_149,creative_379,0,0,1,0,0,24.2020051
10-04-26,10-04-26 8:55,fb,campaign_149,creative_381,0,0,5,0,0,42.91859941
10-04-26,10-04-26 8:55,fb,campaign_149,creative_373,0,0,2,0,0,32.9831402
10-04-26,10-04-26 8:55,fb,campaign_149,creative_368,0,0,2,0,0,41.90327132
10-04-26,10-04-26 8:55,fb,campaign_149,creative_370,0,0,4,0,0,64.94098368
10-04-26,10-04-26 8:55,fb,campaign_149,creative_368,0,0,2,0,0,69.56131055
10-04-26,10-04-26 8:55,fb,campaign_149,creative_379,0,0,1,0,0,34.84238827
10-04-26,10-04-26 8:55,fb,campaign_149,creative_371,0,0,1,0,0,32.57493349
10-04-26,10-04-26 8:55,fb,campaign_149,creative_383,0,0,1,0,0,50.67799454
10-04-26,10-04-26 8:55,fb,campaign_149,creative_384,0,1,1,0,58.54487152,58.54487152
10-04-26,10-04-26 8:55,fb,campaign_149,creative_384,0,0,1,0,0,63.93263302
10-04-26,10-04-26 8:55,fb,campaign_149,creative_379,0,0,2,0,0,44.81022098
10-04-26,10-04-26 8:55,fb,campaign_149,creative_368,0,0,2,0,0,40.16545675
10-04-26,10-04-26 8:55,fb,campaign_149,creative_370,0,0,1,0,0,42.00775554
10-04-26,10-04-26 8:55,fb,campaign_149,creative_384,0,1,3,0,47.58813508,48.94443903
10-04-26,10-04-26 8:55,fb,campaign_149,creative_385,0,0,2,0,0,54.47987935
10-04-26,10-04-26 8:55,fb,campaign_149,creative_379,0,0,1,0,0,23.04634283
10-04-26,10-04-26 8:55,fb,campaign_149,creative_380,0,0,2,0,0,34.39896249
10-04-26,10-04-26 8:55,fb,campaign_149,creative_364,0,0,1,0,0,66.8078092
10-04-26,10-04-26 8:55,fb,campaign_149,creative_379,0,0,3,0,0,40.97978727
10-04-26,10-04-26 8:55,fb,campaign_149,creative_377,0,0,1,0,0,36.09941639
10-04-26,10-04-26 8:55,fb,campaign_149,creative_382,0,0,1,0,0,51.67272146
10-04-26,10-04-26 8:55,fb,campaign_149,creative_370,0,1,1,0,25.77881991,25.77881991
10-04-26,10-04-26 8:55,fb,campaign_149,creative_383,0,0,2,0,0,73.04828342
10-04-26,10-04-26 8:55,fb,campaign_149,creative_373,0,0,1,0,0,48.05870729
10-04-26,10-04-26 8:55,fb,campaign_149,creative_379,0,0,1,0,0,65.6678062
10-04-26,10-04-26 8:55,fb,campaign_149,creative_380,0,0,1,0,0,27.92863761
10-04-26,10-04-26 8:55,fb,campaign_149,creative_368,0,0,1,0,0,34.84238827
10-04-26,10-04-26 8:55,fb,campaign_149,creative_381,0,1,4,0,99.40679339,49.78362726
10-04-26,10-04-26 8:55,fb,campaign_149,creative_380,0,0,1,0,0,50.41488718
10-04-26,10-04-26 8:55,fb,campaign_149,creative_386,0,0,2,0,0,59.81684865
10-04-26,10-04-26 8:55,fb,campaign_149,creative_368,0,0,1,0,0,45.21781436
10-04-26,10-04-26 8:55,fb,campaign_149,creative_368,0,0,2,0,0,65.94113259
10-04-26,10-04-26 8:55,fb,campaign_149,creative_383,0,0,1,0,0,50.41488718
10-04-26,10-04-26 8:55,fb,campaign_149,creative_384,0,0,1,0,0,44.62857828
10-04-26,10-04-26 8:55,fb,campaign_149,creative_381,0,1,1,0,111.630978,111.630978
10-04-26,10-04-26 8:55,fb,campaign_149,creative_384,0,0,2,0,0,59.11048194
10-04-26,10-04-26 8:55,fb,campaign_149,creative_384,0,0,1,0,0,50.41488718
10-04-26,10-04-26 8:55,fb,campaign_149,creative_371,0,0,1,0,0,71.3165444
10-04-26,10-04-26 8:55,fb,campaign_149,creative_383,0,0,1,0,0,63.7991163
10-04-26,10-04-26 8:55,fb,campaign_149,creative_382,0,0,1,0,0,50.41488718
10-04-26,10-04-26 8:55,fb,campaign_150,creative_371,0,1,1,0,77.72960388,77.72960388
10-04-26,10-04-26 8:55,fb,campaign_150,creative_383,0,1,3,0,50.52578452,34.36509208
10-04-26,10-04-26 8:55,fb,campaign_150,creative_382,0,2,6,0,30.245435,39.09367308
10-04-26,10-04-26 8:55,fb,campaign_150,creative_384,0,0,1,0,0,42.56318542
10-04-26,10-04-26 8:55,fb,campaign_150,creative_381,0,1,1,0,57.41578464,57.41578464
10-04-26,10-04-26 8:55,fb,campaign_151,creative_387,0,0,1,0,0,50.41488718
10-04-26,10-04-26 8:55,fb,campaign_151,creative_369,0,0,5,0,0,42.03030784
10-04-26,10-04-26 8:55,fb,campaign_151,creative_388,0,0,3,0,0,47.93404899
10-04-26,10-04-26 8:55,fb,campaign_151,creative_374,0,0,2,0,0,54.47987935
10-04-26,10-04-26 8:55,fb,campaign_151,creative_372,0,0,5,0,0,38.65228832
10-04-26,10-04-26 8:55,fb,campaign_151,creative_389,0,1,1,0,41.59162324,41.59162324
10-04-26,10-04-26 8:55,fb,campaign_151,creative_369,0,1,2,0,39.97893123,59.63384443
10-04-26,10-04-26 8:55,fb,campaign_151,creative_374,0,0,2,0,0,66.89259511
10-04-26,10-04-26 8:55,fb,campaign_151,creative_369,0,1,1,0,34.84238827,34.84238827
10-04-26,10-04-26 8:55,fb,campaign_151,creative_388,0,0,1,0,0,34.84238827
10-04-26,10-04-26 8:55,fb,campaign_151,creative_381,0,0,1,0,0,50.41488718
10-04-26,10-04-26 8:55,fb,campaign_151,creative_369,0,0,4,0,0,66.05708834
10-04-26,10-04-26 8:55,fb,campaign_151,creative_389,0,1,1,0,44.31159066,44.31159066
10-04-26,10-04-26 8:55,fb,campaign_151,creative_372,0,2,3,0,58.93294847,62.69147282
10-04-26,10-04-26 8:55,fb,campaign_151,creative_390,0,0,2,0,0,48.9805673
10-04-26,10-04-26 8:55,fb,campaign_151,creative_367,0,1,3,0,34.84238827,58.87348189
10-04-26,10-04-26 8:55,fb,campaign_151,creative_391,0,0,1,0,0,60.56572078
10-04-26,10-04-26 8:55,fb,campaign_151,creative_369,0,0,1,0,0,34.84238827
10-04-26,10-04-26 8:55,fb,campaign_151,creative_392,0,0,2,0,0,45.57187323
10-04-26,10-04-26 8:55,fb,campaign_151,creative_393,0,0,1,0,0,50.85153311
10-04-26,10-04-26 8:55,fb,campaign_151,creative_390,0,0,1,0,0,43.56388721
10-04-26,10-04-26 8:55,fb,campaign_151,creative_388,0,0,1,0,0,39.12442159
10-04-26,10-04-26 8:55,fb,campaign_151,creative_394,0,0,1,0,0,126.3039058
10-04-26,10-04-26 8:55,fb,campaign_151,creative_395,0,1,1,0,29.91602632,29.91602632
10-04-26,10-04-26 8:55,fb,campaign_151,creative_369,0,0,2,0,0,42.39320036
10-04-26,10-04-26 8:55,fb,campaign_151,creative_389,0,0,1,0,0,50.69420176
10-04-26,10-04-26 8:55,fb,campaign_151,creative_307,0,0,2,0,0,47.18483982
10-04-26,10-04-26 8:55,fb,campaign_151,creative_391,0,0,1,0,0,67.85887664
10-04-26,10-04-26 8:55,fb,campaign_151,creative_391,0,1,2,0,68.885102,56.2244946
10-04-26,10-04-26 8:55,fb,campaign_151,creative_372,0,0,1,0,0,47.58813508
10-04-26,10-04-26 8:55,fb,campaign_151,creative_372,0,0,3,0,0,36.54315325
10-04-26,10-04-26 8:55,fb,campaign_151,creative_388,0,1,1,0,89.74073924,89.74073924
10-04-26,10-04-26 8:55,fb,campaign_151,creative_372,0,0,3,0,0,64.83733098
10-04-26,10-04-26 8:55,fb,campaign_151,creative_305,0,0,1,0,0,58.54487152
10-04-26,10-04-26 8:55,fb,campaign_151,creative_388,0,0,3,0,0,61.54994815
10-04-26,10-04-26 8:55,fb,campaign_151,creative_307,0,0,1,0,0,49.98617309
10-04-26,10-04-26 8:55,fb,campaign_151,creative_393,0,0,1,0,0,27.92863761
10-04-26,10-04-26 8:55,fb,campaign_151,creative_394,0,0,1,0,0,50.41488718
10-04-26,10-04-26 8:55,fb,campaign_151,creative_388,0,0,1,0,0,50.41488718
10-04-26,10-04-26 8:55,fb,campaign_151,creative_307,0,0,3,0,0,49.20886802
10-04-26,10-04-26 8:55,fb,campaign_151,creative_394,0,0,2,0,0,43.85488666
10-04-26,10-04-26 8:55,fb,campaign_151,creative_391,0,0,2,0,0,47.62087991
10-04-26,10-04-26 8:55,fb,campaign_151,creative_394,0,0,1,0,0,47.63930871
10-04-26,10-04-26 8:55,fb,campaign_151,creative_396,0,0,1,0,0,27.92863761
10-04-26,10-04-26 8:55,fb,campaign_151,creative_393,0,0,2,0,0,45.48199403
10-04-26,10-04-26 8:55,fb,campaign_151,creative_397,0,1,3,0,67.8060767,54.23502954
10-04-26,10-04-26 8:55,fb,campaign_151,creative_387,0,0,1,0,0,38.12858037
10-04-26,10-04-26 8:55,fb,campaign_151,creative_372,0,0,2,0,0,64.43087206
10-04-26,10-04-26 8:55,fb,campaign_151,creative_367,0,0,2,0,0,58.08694657
10-04-26,10-04-26 8:55,fb,campaign_151,creative_391,0,0,1,0,0,57.54519972
10-04-26,10-04-26 8:55,fb,campaign_151,creative_369,0,0,1,0,0,36.36941732
10-04-26,10-04-26 8:55,fb,campaign_151,creative_372,0,0,1,0,0,28.78106507
10-04-26,10-04-26 8:55,fb,campaign_151,creative_374,0,0,1,0,0,43.11489404
10-04-26,10-04-26 8:55,fb,campaign_151,creative_396,0,0,1,0,0,44.48412475
10-04-26,10-04-26 8:55,fb,campaign_151,creative_381,0,0,1,0,0,78.02950442
10-04-26,10-04-26 8:55,fb,campaign_151,creative_398,0,0,1,0,0,43.56388721
10-04-26,10-04-26 8:55,fb,campaign_151,creative_391,0,1,2,0,50.41488718,50.4573689
10-04-26,10-04-26 8:55,fb,campaign_151,creative_397,0,1,2,0,47.58813508,37.75838634
10-04-26,10-04-26 8:55,fb,campaign_151,creative_397,0,0,1,0,0,47.58813508
10-04-26,10-04-26 8:55,fb,campaign_151,creative_391,1,0,0,0,0,0
10-04-26,10-04-26 8:55,fb,campaign_151,creative_392,0,0,1,0,0,67.4252734
10-04-26,10-04-26 8:55,fb,campaign_151,creative_305,0,0,1,0,0,71.3165444
10-04-26,10-04-26 8:55,fb,campaign_151,creative_383,0,0,1,0,0,79.37805656
10-04-26,10-04-26 8:55,fb,campaign_151,creative_372,0,0,1,0,0,45.24078318
10-04-26,10-04-26 8:55,fb,campaign_151,creative_396,0,0,1,0,0,58.54487152
10-04-26,10-04-26 8:55,fb,campaign_151,creative_374,0,1,2,0,51.81314296,40.30003838
10-04-26,10-04-26 8:55,fb,campaign_151,creative_383,0,0,1,0,0,35.57839407
10-04-26,10-04-26 8:55,fb,campaign_151,creative_396,0,0,1,0,0,67.8060767
10-04-26,10-04-26 8:55,fb,campaign_151,creative_369,0,0,2,0,0,41.31110386
10-04-26,10-04-26 8:55,fb,campaign_151,creative_399,0,0,1,0,0,64.16082799
10-04-26,10-04-26 8:55,fb,campaign_151,creative_381,0,0,1,0,0,34.84238827
10-04-26,10-04-26 8:55,fb,campaign_151,creative_400,0,0,1,0,0,75.09742482
10-04-26,10-04-26 8:55,fb,campaign_151,creative_374,0,0,1,0,0,50.41488718
10-04-26,10-04-26 8:55,fb,campaign_151,creative_401,0,0,1,0,0,50.41488718
10-04-26,10-04-26 8:55,fb,campaign_151,creative_402,0,0,1,0,0,60.56572078
10-04-26,10-04-26 8:55,fb,campaign_151,creative_372,0,0,1,0,0,108.0587542
10-04-26,10-04-26 8:55,fb,campaign_151,creative_398,0,0,1,0,0,55.45951128
10-04-26,10-04-26 8:55,fb,campaign_151,creative_402,0,0,1,0,0,40.72885927
10-04-26,10-04-26 8:55,fb,campaign_151,creative_396,0,2,2,0,88.136398,88.136398
10-04-26,10-04-26 8:55,fb,campaign_151,creative_381,0,0,2,0,0,42.74467927
10-04-26,10-04-26 8:55,fb,campaign_151,creative_388,0,0,2,0,0,54.17758879
10-04-26,10-04-26 8:55,fb,campaign_151,creative_393,0,0,1,0,0,50.41488718
10-04-26,10-04-26 8:55,fb,campaign_151,creative_369,0,1,1,0,50.41488718,50.41488718
10-04-26,10-04-26 8:55,fb,campaign_151,creative_383,0,0,1,0,0,43.06177036
10-04-26,10-04-26 8:55,fb,campaign_151,creative_367,0,0,2,0,0,52.72024789
10-04-26,10-04-26 8:55,fb,campaign_151,creative_401,0,0,1,0,0,34.4267
10-04-26,10-04-26 8:55,fb,campaign_151,creative_392,0,0,1,0,0,53.90710782
10-04-26,10-04-26 8:55,fb,campaign_151,creative_369,0,1,2,0,34.4267,34.63454413
10-04-26,10-04-26 8:55,fb,campaign_151,creative_387,0,0,1,0,0,34.84238827
10-04-26,10-04-26 8:55,fb,campaign_151,creative_388,0,0,1,0,0,99.40679339
10-04-26,10-04-26 8:55,fb,campaign_151,creative_307,0,1,2,0,60.56572078,47.7426282
10-04-26,10-04-26 8:55,fb,campaign_151,creative_389,0,0,1,0,0,37.091978
10-04-26,10-04-26 8:55,fb,campaign_151,creative_384,0,0,1,0,0,34.91953563
10-04-26,10-04-26 8:55,fb,campaign_151,creative_395,0,0,1,0,0,50.41488718
10-04-26,10-04-26 8:55,fb,campaign_151,creative_394,0,0,2,0,0,44.39085079
10-04-26,10-04-26 8:55,fb,campaign_151,creative_395,0,0,3,0,0,56.17451073
10-04-26,10-04-26 8:55,fb,campaign_151,creative_367,0,1,1,0,35.85252377,35.85252377
10-04-26,10-04-26 8:55,fb,campaign_151,creative_388,1,0,0,0,0,0
10-04-26,10-04-26 8:55,fb,campaign_151,creative_389,0,0,2,0,0,35.60590279
10-04-26,10-04-26 8:55,fb,campaign_151,creative_305,0,0,2,0,0,37.95656084
10-04-26,10-04-26 8:55,fb,campaign_151,creative_391,0,0,1,0,0,40.54910088
10-04-26,10-04-26 8:55,fb,campaign_151,creative_374,0,0,2,0,0,34.25576545
10-04-26,10-04-26 8:55,fb,campaign_151,creative_367,0,0,1,0,0,34.84238827
10-04-26,10-04-26 8:55,fb,campaign_151,creative_390,0,0,1,0,0,26.48040842
10-04-26,10-04-26 8:55,fb,campaign_151,creative_393,0,0,3,0,0,54.94306531
10-04-26,10-04-26 8:55,fb,campaign_151,creative_389,0,0,2,0,0,62.51041313
10-04-26,10-04-26 8:55,fb,campaign_151,creative_371,0,0,1,0,0,20.0500634
10-04-26,10-04-26 8:55,fb,campaign_152,creative_379,0,0,2,0,0,53.07946633
10-04-26,10-04-26 8:55,fb,campaign_152,creative_377,0,0,3,0,0,48.60766541
10-04-26,10-04-26 8:55,fb,campaign_152,creative_364,0,0,3,0,0,47.47871463
10-04-26,10-04-26 8:55,fb,campaign_152,creative_373,0,1,1,0,38.26103427,38.26103427
10-04-26,10-04-26 8:55,fb,campaign_152,creative_371,0,0,1,0,0,38.20449696
10-04-26,10-04-26 8:55,fb,campaign_152,creative_380,0,0,2,0,0,61.00301996
10-04-26,10-04-26 8:55,fb,campaign_152,creative_364,0,0,2,0,0,50.48983592
10-04-26,10-04-26 8:55,fb,campaign_152,creative_315,0,1,1,0,66.89707621,66.89707621
10-04-26,10-04-26 8:55,fb,campaign_152,creative_373,0,0,1,0,0,37.091978
10-04-26,10-04-26 8:55,fb,campaign_152,creative_364,0,0,2,0,0,63.06483243
10-04-26,10-04-26 8:55,fb,campaign_152,creative_381,0,0,1,0,0,47.58813508
10-04-26,10-04-26 8:55,fb,campaign_152,creative_386,0,0,1,0,0,50.41488718
10-04-26,10-04-26 8:55,fb,campaign_153,creative_403,0,0,1,0,0,44.62857828
10-04-26,10-04-26 8:55,fb,campaign_153,creative_404,0,1,2,0,32.83683137,36.69296612
10-04-26,10-04-26 8:55,fb,campaign_153,creative_405,0,0,1,0,0,26.33995185
10-04-26,10-04-26 8:55,fb,campaign_153,creative_406,0,0,3,0,0,55.57999398
10-04-26,10-04-26 8:55,fb,campaign_153,creative_407,0,0,4,0,0,42.80288617
10-04-26,10-04-26 8:55,fb,campaign_153,creative_408,0,0,1,0,0,45.21781436
10-04-26,10-04-26 8:55,fb,campaign_154,creative_409,0,0,2,0,0,51.74576905
10-04-26,10-04-26 8:55,fb,campaign_154,creative_410,0,0,1,0,0,79.28875763
10-04-26,10-04-26 8:55,fb,campaign_154,creative_411,0,0,1,0,0,15.72209682
10-04-26,10-04-26 8:55,fb,campaign_154,creative_412,0,1,4,0,37.091978,45.72874356
10-04-26,10-04-26 8:55,fb,campaign_154,creative_413,0,0,3,0,0,63.84223746
10-04-26,10-04-26 8:55,fb,campaign_154,creative_414,0,0,2,0,0,38.82053944
10-04-26,10-04-26 8:55,fb,campaign_155,creative_415,0,1,1,0,20.96240062,20.96240062
10-04-26,10-04-26 8:55,fb,campaign_155,creative_416,0,0,3,0,0,42.11558357
10-04-26,10-04-26 8:55,fb,campaign_155,creative_417,0,2,3,0,97.80780163,80.14749197
10-04-26,10-04-26 8:55,fb,campaign_155,creative_418,0,0,1,0,0,38.1983081
10-04-26,10-04-26 8:55,fb,campaign_155,creative_419,0,0,1,0,0,71.3165444
10-04-26,10-04-26 8:55,fb,campaign_155,creative_420,0,4,4,0,46.74237843,46.74237843
10-04-26,10-04-26 8:55,fb,campaign_156,creative_421,0,0,3,0,0,45.76507219
10-04-26,10-04-26 8:55,fb,campaign_156,creative_366,0,0,1,0,0,21.37723977
10-04-26,10-04-26 8:55,fb,campaign_156,creative_375,0,0,2,0,0,61.1758613
10-04-26,10-04-26 8:55,fb,campaign_156,creative_422,0,0,1,0,0,25.06885273
10-04-26,10-04-26 8:55,fb,campaign_156,creative_396,0,0,2,0,0,57.24391499
10-04-26,10-04-26 8:55,fb,campaign_156,creative_397,0,0,1,0,0,44.75312042
10-04-26,10-04-26 8:55,fb,campaign_156,creative_397,0,0,6,0,0,43.33505678
10-04-26,10-04-26 8:55,fb,campaign_156,creative_375,0,1,4,0,71.95006835,39.83178535
10-04-26,10-04-26 8:55,fb,campaign_156,creative_388,0,2,6,0,20.19556334,27.43112838
10-04-26,10-04-26 8:55,fb,campaign_156,creative_422,0,0,2,0,0,27.38249447
10-04-26,10-04-26 8:55,fb,campaign_156,creative_383,0,0,1,0,0,34.4267
10-04-26,10-04-26 8:55,fb,campaign_156,creative_423,0,3,3,0,41.56598374,41.56598374
10-04-26,10-04-26 8:55,fb,campaign_156,creative_366,0,0,1,0,0,39.5731587
10-04-26,10-04-26 8:55,fb,campaign_156,creative_396,0,9,12,0,45.70709481,46.73933976
10-04-26,10-04-26 8:55,fb,campaign_156,creative_396,0,5,5,0,43.97750116,43.97750116
10-04-26,10-04-26 8:55,fb,campaign_156,creative_367,0,0,1,0,0,40.13964074
10-04-26,10-04-26 8:55,fb,campaign_156,creative_390,0,0,1,0,0,48.59752827
10-04-26,10-04-26 8:55,fb,campaign_156,creative_396,0,9,10,0,48.09561461,48.86418817
10-04-26,10-04-26 8:55,fb,campaign_156,creative_422,0,1,1,0,50.41488718,50.41488718
10-04-26,10-04-26 8:55,fb,campaign_156,creative_375,0,0,2,0,0,39.66325651
10-04-26,10-04-26 8:55,fb,campaign_156,creative_424,0,0,3,0,0,47.14782161
10-04-26,10-04-26 8:55,fb,campaign_156,creative_397,0,1,1,0,33.46051073,33.46051073
10-04-26,10-04-26 8:55,fb,campaign_156,creative_388,0,1,1,0,31.43624383,31.43624383
10-04-26,10-04-26 8:55,fb,campaign_156,creative_421,0,1,1,0,51.67272146,51.67272146
10-04-26,10-04-26 8:55,fb,campaign_156,creative_375,0,0,1,0,0,32.8970731
10-04-26,10-04-26 8:55,fb,campaign_156,creative_397,0,2,2,0,29.91945922,29.91945922
10-04-26,10-04-26 8:55,fb,campaign_156,creative_375,0,2,2,0,50.04940055,50.04940055
10-04-26,10-04-26 8:55,fb,campaign_156,creative_423,0,0,1,0,0,48.59752827
10-04-26,10-04-26 8:55,fb,campaign_156,creative_424,0,0,1,0,0,27.92863761
10-04-26,10-04-26 8:55,fb,campaign_157,creative_425,0,0,1,0,0,44.66049347
10-04-26,10-04-26 8:55,fb,campaign_158,creative_426,0,0,1,0,0,34.12187441
10-04-26,10-04-26 8:55,fb,campaign_159,creative_375,0,1,1,0,53.9850412,53.9850412
10-04-26,10-04-26 8:55,fb,campaign_160,creative_427,0,1,3,0,67.76208788,74.67514097
10-04-26,10-04-26 8:55,fb,campaign_160,creative_428,0,2,6,0,54.45631094,56.09605588
10-04-26,10-04-26 8:55,fb,campaign_160,creative_429,0,2,5,0,68.21601537,65.64131701
10-04-26,10-04-26 8:55,fb,campaign_160,creative_430,0,1,1,0,54.59049868,54.59049868
10-04-26,10-04-26 8:55,fb,campaign_161,creative_431,0,0,1,0,0,59.24135802
10-04-26,10-04-26 8:55,fb,campaign_161,creative_432,0,4,4,0,66.65579582,66.65579582
10-04-26,10-04-26 8:55,fb,campaign_161,creative_433,0,5,10,0,66.70224592,65.87710734
10-04-26,10-04-26 8:55,fb,campaign_161,creative_434,2,2,2,0,68.37008915,68.37008915
10-04-26,10-04-26 8:55,fb,campaign_162,creative_435,1,0,0,0,0,0
10-04-26,10-04-26 8:55,fb,campaign_162,creative_436,1,1,1,0,74.07023362,74.07023362
10-04-26,10-04-26 8:55,fb,campaign_163,creative_437,2,0,0,0,0,0
10-04-26,10-04-26 8:55,fb,campaign_163,creative_438,2,2,2,0,64.33036615,64.33036615
10-04-26,10-04-26 8:55,fb,campaign_164,creative_439,0,3,3,0,72.17030674,72.17030674
10-04-26,10-04-26 8:55,fb,campaign_164,creative_440,0,1,1,0,59.24135802,59.24135802
10-04-26,10-04-26 8:55,fb,campaign_165,creative_441,1,6,11,0,66.11387477,66.42509123
10-04-26,10-04-26 8:55,fb,campaign_165,creative_442,0,1,3,0,68.77069961,62.41780522
10-04-26,10-04-26 8:55,fb,campaign_165,creative_443,0,2,3,0,55.56592543,53.22376012
10-04-26,10-04-26 8:55,fb,campaign_165,creative_444,0,0,1,0,0,67.76208788
10-04-26,10-04-26 8:55,fb,campaign_165,creative_445,0,0,1,0,0,49.86447148
10-04-26,10-04-26 8:55,fb,campaign_165,creative_446,1,0,0,0,0,0
10-04-26,10-04-26 8:55,fb,campaign_166,creative_447,0,5,5,0,62.89285047,62.89285047
10-04-26,10-04-26 8:55,fb,campaign_166,creative_448,1,0,0,0,0,0
10-04-26,10-04-26 8:55,fb,campaign_166,creative_449,0,1,2,0,59.24135802,57.1220749
10-04-26,10-04-26 8:55,fb,campaign_166,creative_450,1,3,3,0,69.93892354,69.93892354
10-04-26,10-04-26 8:55,fb,campaign_167,creative_451,0,1,1,0,37.091978,37.091978
10-04-26,10-04-26 8:55,fb,campaign_167,creative_452,0,1,1,0,59.24135802,59.24135802
10-04-26,10-04-26 8:55,fb,campaign_167,creative_453,0,1,1,0,51.12408613,51.12408613
10-04-26,10-04-26 8:55,fb,campaign_168,creative_454,0,0,1,0,0,70.03694946
10-04-26,10-04-26 8:55,fb,campaign_169,creative_455,0,0,1,0,0,70.03694946
10-04-26,10-04-26 8:55,fb,campaign_170,creative_456,0,1,1,0,36.00203371,36.00203371
10-04-26,10-04-26 8:55,fb,campaign_170,creative_457,3,3,11,0,40.9225769,36.86305878
10-04-26,10-04-26 8:55,fb,campaign_170,creative_458,0,1,2,0,21.01989896,36.25292019
10-04-26,10-04-26 8:55,fb,campaign_170,creative_459,0,2,14,0,47.72671908,39.21476163
10-04-26,10-04-26 8:55,fb,campaign_170,creative_460,0,0,1,0,0,34.00437413
10-04-26,10-04-26 8:55,fb,campaign_171,creative_461,0,0,1,0,0,28.73453495
10-04-26,10-04-26 8:55,fb,campaign_171,creative_462,1,0,0,0,0,0
10-04-26,10-04-26 8:55,fb,campaign_171,creative_463,0,6,11,0,33.85892232,39.72494824
10-04-26,10-04-26 8:55,fb,campaign_171,creative_464,1,1,4,0,46.81572599,41.40070952
10-04-26,10-04-26 8:55,fb,campaign_171,creative_465,0,1,3,0,37.63209923,38.40673233
10-04-26,10-04-26 8:55,fb,campaign_171,creative_466,1,11,21,0,38.09192799,38.16104763
10-04-26,10-04-26 8:55,fb,campaign_172,creative_467,0,1,1,0,22.82047089,22.82047089
10-04-26,10-04-26 8:55,fb,campaign_172,creative_468,0,0,2,0,0,19.01388692
10-04-26,10-04-26 8:55,fb,campaign_172,creative_469,0,0,1,0,0,19.01388692
10-04-26,10-04-26 8:55,fb,campaign_173,creative_470,0,1,3,0,22.62237931,41.98314732
10-04-26,10-04-26 8:55,fb,campaign_173,creative_471,0,2,3,0,54.44548042,52.27079887
10-04-26,10-04-26 8:55,fb,campaign_173,creative_472,0,1,2,0,39.14000746,54.5928289
10-04-26,10-04-26 8:55,fb,campaign_173,creative_473,0,0,1,0,0,39.14000746
10-04-26,10-04-26 8:55,fb,campaign_173,creative_474,0,0,1,0,0,48.59752827
10-04-26,10-04-26 8:55,fb,campaign_173,creative_475,0,3,4,0,31.74939809,34.15671216
10-04-26,10-04-26 8:55,fb,campaign_173,creative_476,0,4,12,0,27.23062983,34.06414725
10-04-26,10-04-26 8:55,fb,campaign_173,creative_477,0,4,5,0,32.61722389,31.86027376
10-04-26,10-04-26 8:55,fb,campaign_173,creative_478,0,1,5,0,23.06020634,42.84051316
10-04-26,10-04-26 8:55,fb,campaign_174,creative_476,0,0,2,0,0,33.11902354
10-04-26,10-04-26 8:55,fb,campaign_174,creative_477,0,0,6,0,0,28.04496011
10-04-26,10-04-26 8:55,fb,campaign_174,creative_476,0,0,12,0,0,37.87659413
10-04-26,10-04-26 8:55,fb,campaign_174,creative_477,1,0,1,0,0,22.82047089
10-04-26,10-04-26 8:55,fb,campaign_174,creative_476,0,0,1,0,0,22.82047089
10-04-26,10-04-26 8:55,fb,campaign_174,creative_478,0,0,1,0,0,59.24135802
10-04-26,10-04-26 8:55,fb,campaign_174,creative_470,0,1,1,0,50.59107034,50.59107034
10-04-26,10-04-26 8:55,fb,campaign_174,creative_472,0,0,1,0,0,19.01388692
10-04-26,10-04-26 8:55,fb,campaign_174,creative_476,0,0,1,0,0,19.01388692
10-04-26,10-04-26 8:55,fb,campaign_174,creative_470,0,0,1,0,0,19.01388692
10-04-26,10-04-26 8:55,fb,campaign_174,creative_475,0,0,1,0,0,44.79656262
10-04-26,10-04-26 8:55,fb,campaign_174,creative_479,0,0,1,0,0,18.17821127
10-04-26,10-04-26 8:55,fb,campaign_175,creative_476,0,1,1,0,41.99791922,41.99791922
10-04-26,10-04-26 8:55,fb,campaign_176,creative_480,0,1,10,0,58.86995807,55.00226903
10-04-26,10-04-26 8:55,fb,campaign_176,creative_481,0,3,5,0,56.11572917,60.27012632
10-04-26,10-04-26 8:55,fb,campaign_176,creative_482,0,0,1,0,0,59.24135802
10-04-26,10-04-26 8:55,fb,campaign_176,creative_483,0,0,1,0,0,59.24135802
10-04-26,10-04-26 8:55,fb,campaign_177,creative_484,0,1,1,0,54.59049868,54.59049868
10-04-26,10-04-26 8:55,fb,campaign_178,creative_485,0,1,1,0,18.81617337,18.81617337
10-04-26,10-04-26 8:55,fb,campaign_179,creative_486,0,0,5,0,0,29.15074206
10-04-26,10-04-26 8:55,fb,campaign_179,creative_487,0,0,2,0,0,20.9171789
10-04-26,10-04-26 8:55,fb,campaign_179,creative_488,0,0,1,0,0,19.01388692
10-04-26,10-04-26 8:55,fb,campaign_179,creative_489,0,0,10,0,0,34.19241165
10-04-26,10-04-26 8:55,fb,campaign_179,creative_487,0,0,4,0,0,30.53086802
10-04-26,10-04-26 8:55,fb,campaign_179,creative_490,0,0,1,0,0,21.81749281
10-04-26,10-04-26 8:55,fb,campaign_179,creative_491,0,0,3,0,0,21.55160957
10-04-26,10-04-26 8:55,fb,campaign_179,creative_492,0,0,3,0,0,20.28274824
10-04-26,10-04-26 8:55,fb,campaign_179,creative_489,0,0,1,0,0,27.87990057
10-04-26,10-04-26 8:55,fb,campaign_180,creative_493,0,1,2,0,41.99791922,48.85164058
10-04-26,10-04-26 8:55,fb,campaign_180,creative_494,0,0,1,0,0,88.37211286
10-04-26,10-04-26 8:55,fb,campaign_180,creative_495,0,1,2,0,74.07023362,66.47009585
10-04-26,10-04-26 8:55,fb,campaign_180,creative_496,0,0,2,0,0,54.88000355
10-04-26,10-04-26 8:55,fb,campaign_180,creative_466,0,4,9,0,66.43488572,67.6569878
10-04-26,10-04-26 8:55,fb,campaign_181,creative_454,0,0,1,0,0,27.50478246
10-04-26,10-04-26 8:55,fb,campaign_182,creative_497,0,2,7,0,28.159592,22.17074322
10-04-26,10-04-26 8:55,fb,campaign_182,creative_498,0,0,1,0,0,22.82047089
10-04-26,10-04-26 8:55,fb,campaign_182,creative_463,0,1,4,0,37.30529708,25.49003144
10-04-26,10-04-26 8:55,fb,campaign_182,creative_499,2,2,3,0,48.44535226,49.93914017
10-04-26,10-04-26 8:55,fb,campaign_182,creative_456,0,0,1,0,0,22.82047089
10-04-26,10-04-26 8:55,fb,campaign_182,creative_466,0,6,9,0,31.05246237,31.39408737
10-04-26,10-04-26 8:55,fb,campaign_182,creative_464,1,1,3,0,19.01388692,27.60811215
10-04-26,10-04-26 8:55,fb,campaign_182,creative_500,0,1,2,0,37.30529708,37.30529708
10-04-26,10-04-26 8:55,fb,campaign_183,creative_499,0,0,1,0,0,62.66994468
10-04-26,10-04-26 8:55,fb,campaign_183,creative_463,0,0,1,0,0,74.07023362
10-04-26,10-04-26 8:55,fb,campaign_183,creative_501,0,0,6,0,0,50.78286757
10-04-26,10-04-26 8:55,fb,campaign_183,creative_466,0,0,2,0,0,86.629428
10-04-26,10-04-26 8:55,fb,campaign_184,creative_502,0,0,1,0,0,44.79656262
10-04-26,10-04-26 8:55,fb,campaign_184,creative_503,0,4,4,0,26.75423696,26.75423696
10-04-26,10-04-26 8:55,fb,campaign_184,creative_504,0,1,1,0,19.01388692,19.01388692
10-04-26,10-04-26 8:55,fb,campaign_184,creative_505,0,3,6,0,30.92960181,26.62488821
10-04-26,10-04-26 8:55,fb,campaign_184,creative_506,0,2,2,0,19.01388692,19.01388692
10-04-26,10-04-26 8:55,fb,campaign_185,creative_503,0,5,8,0,59.57949985,59.34567708
10-04-26,10-04-26 8:55,fb,campaign_185,creative_502,1,1,2,0,54.92913097,57.0852445
10-04-26,10-04-26 8:55,fb,campaign_185,creative_507,0,2,5,0,66.65579582,66.87705423
10-04-26,10-04-26 8:55,fb,campaign_185,creative_505,0,1,2,0,28.83819399,36.81737831
10-04-26,10-04-26 8:55,fb,campaign_186,creative_508,0,1,2,0,81.78011574,62.94189338
10-04-26,10-04-26 8:55,fb,campaign_186,creative_509,0,0,2,0,0,24.36121378
10-04-26,10-04-26 8:55,fb,campaign_186,creative_510,0,0,2,0,0,31.90522477
10-04-26,10-04-26 8:55,fb,campaign_186,creative_510,0,3,6,0,26.37988496,23.96574726
10-04-26,10-04-26 8:55,fb,campaign_186,creative_511,0,0,2,0,0,20.9171789
10-04-26,10-04-26 8:55,fb,campaign_186,creative_512,1,5,9,0,36.81637185,29.12281524
10-04-26,10-04-26 8:55,fb,campaign_186,creative_513,0,2,5,0,29.56139494,32.0477073
10-04-26,10-04-26 8:55,fb,campaign_186,creative_514,0,2,8,0,37.87359345,30.71773706
10-04-26,10-04-26 8:55,fb,campaign_186,creative_509,3,6,13,0,29.28157307,29.00479313
10-04-26,10-04-26 8:55,fb,campaign_186,creative_515,0,4,12,0,36.12023641,32.92266098
10-04-26,10-04-26 8:55,fb,campaign_186,creative_513,0,0,2,0,0,22.82047089
10-04-26,10-04-26 8:55,fb,campaign_186,creative_512,0,3,4,0,21.47810942,21.81369978
10-04-26,10-04-26 8:55,fb,campaign_186,creative_502,0,3,4,0,28.54264745,27.11210331
10-04-26,10-04-26 8:55,fb,campaign_186,creative_502,0,2,2,0,19.01388692,19.01388692
10-04-26,10-04-26 8:55,fb,campaign_187,creative_456,0,1,1,0,59.24135802,59.24135802
10-04-26,10-04-26 8:55,fb,campaign_187,creative_511,1,1,4,0,66.11058618,70.30057339
10-04-26,10-04-26 8:55,fb,campaign_187,creative_512,1,1,4,0,41.99791922,57.47500238
10-04-26,10-04-26 8:55,fb,campaign_187,creative_509,0,6,10,0,62.0814052,64.62684637
10-04-26,10-04-26 8:55,fb,campaign_187,creative_510,1,0,1,0,0,54.59049868
10-04-26,10-04-26 8:55,fb,campaign_188,creative_516,0,1,1,0,34.84238827,34.84238827
10-04-26,10-04-26 8:55,fb,campaign_188,creative_517,2,3,4,0,45.52185201,44.4054674
10-04-26,10-04-26 8:55,fb,campaign_188,creative_518,0,1,1,0,73.42145366,73.42145366
10-04-26,10-04-26 8:55,fb,campaign_189,creative_327,0,1,7,0,78.57738374,52.68525293
10-04-26,10-04-26 8:55,fb,campaign_189,creative_324,0,0,5,0,0,55.27235611
10-04-26,10-04-26 8:55,fb,campaign_189,creative_339,0,0,1,0,0,44.62857828
10-04-26,10-04-26 8:55,fb,campaign_189,creative_519,0,1,1,0,27.70524614,27.70524614
10-04-26,10-04-26 8:55,fb,campaign_189,creative_520,0,1,1,0,26.36418175,26.36418175
10-04-26,10-04-26 8:55,fb,campaign_189,creative_327,0,0,1,0,0,77.28260046
10-04-26,10-04-26 8:55,fb,campaign_189,creative_332,0,0,1,0,0,73.96956391
10-04-26,10-04-26 8:55,fb,campaign_189,creative_327,0,1,2,0,56.81281768,59.64591175
10-04-26,10-04-26 8:55,fb,campaign_189,creative_521,0,3,5,0,57.93971452,55.20612874
10-04-26,10-04-26 8:55,fb,campaign_189,creative_324,0,0,4,0,0,39.0509654
10-04-26,10-04-26 8:55,fb,campaign_190,creative_332,0,3,6,0,45.26190318,37.9715498
10-04-26,10-04-26 8:55,fb,campaign_190,creative_324,0,1,1,0,50.41488718,50.41488718
10-04-26,10-04-26 8:55,fb,campaign_190,creative_332,0,4,6,0,55.60237998,57.85607207
10-04-26,10-04-26 8:55,fb,campaign_190,creative_332,1,0,0,0,0,0
10-04-26,10-04-26 8:55,fb,campaign_190,creative_325,0,0,1,0,0,50.41488718
10-04-26,10-04-26 8:55,fb,campaign_190,creative_522,0,0,1,0,0,53.45256006
10-04-26,10-04-26 8:55,fb,campaign_190,creative_325,0,2,2,0,44.39085079,44.39085079
10-04-26,10-04-26 8:55,fb,campaign_190,creative_330,0,1,2,0,50.41488718,41.61811168
10-04-26,10-04-26 8:55,fb,campaign_190,creative_339,0,0,1,0,0,27.92863761
10-04-26,10-04-26 8:55,fb,campaign_190,creative_327,0,1,1,0,50.41488718,50.41488718
10-04-26,10-04-26 8:55,fb,campaign_190,creative_327,0,0,2,0,0,50.41488718
10-04-26,10-04-26 8:55,fb,campaign_190,creative_523,1,0,0,0,0,0
10-04-26,10-04-26 8:55,fb,campaign_190,creative_524,0,1,1,0,69.58252523,69.58252523
10-04-26,10-04-26 8:55,fb,campaign_190,creative_525,0,2,5,0,54.76119019,45.57843856
10-04-26,10-04-26 8:55,fb,campaign_190,creative_343,0,1,2,0,47.58813508,42.34005654
10-04-26,10-04-26 8:55,fb,campaign_190,creative_332,0,0,5,0,0,55.83103689
10-04-26,10-04-26 8:55,fb,campaign_190,creative_521,0,2,4,0,44.09623274,41.76247628
10-04-26,10-04-26 8:55,fb,campaign_190,creative_324,0,5,11,0,35.51741514,49.58937301
10-04-26,10-04-26 8:55,fb,campaign_190,creative_521,0,1,2,0,30.60712983,46.48822922
10-04-26,10-04-26 8:55,fb,campaign_190,creative_525,0,0,2,0,0,68.54494638
10-04-26,10-04-26 8:55,fb,campaign_190,creative_325,0,1,3,0,60.56572078,48.32268651
10-04-26,10-04-26 8:55,fb,campaign_191,creative_325,0,1,2,0,25.45678409,33.09282168
10-04-26,10-04-26 8:55,fb,campaign_191,creative_521,0,3,5,0,54.29329271,51.25324511
10-04-26,10-04-26 8:55,fb,campaign_191,creative_524,0,0,2,0,0,45.64510474
10-04-26,10-04-26 8:55,fb,campaign_191,creative_339,0,1,1,0,25.77881991,25.77881991
10-04-26,10-04-26 8:55,fb,campaign_191,creative_332,0,4,21,0,55.98391664,47.17419345
10-04-26,10-04-26 8:55,fb,campaign_191,creative_327,0,3,8,0,50.42953413,48.04475889
10-04-26,10-04-26 8:55,fb,campaign_191,creative_327,0,1,2,0,34.84238827,34.84238827
10-04-26,10-04-26 8:55,fb,campaign_191,creative_520,0,1,1,0,43.56388721,43.56388721
10-04-26,10-04-26 8:55,fb,campaign_191,creative_332,1,0,1,0,0,49.98617309
10-04-26,10-04-26 8:55,fb,campaign_191,creative_325,0,0,2,0,0,35.2051827
10-04-26,10-04-26 8:55,fb,campaign_191,creative_330,0,2,3,0,49.43839668,42.73228171
10-04-26,10-04-26 8:55,fb,campaign_191,creative_324,0,1,3,0,56.81281768,44.128985
10-04-26,10-04-26 8:55,fb,campaign_191,creative_325,0,0,1,0,0,37.091978
10-04-26,10-04-26 8:55,fb,campaign_191,creative_525,0,1,1,0,34.84238827,34.84238827
10-04-26,10-04-26 8:55,fb,campaign_191,creative_526,0,1,1,0,32.57493349,32.57493349
10-04-26,10-04-26 8:55,fb,campaign_191,creative_330,0,0,1,0,0,33.95789967
10-04-26,10-04-26 8:55,fb,campaign_191,creative_332,0,2,4,0,39.20313774,40.685294
10-04-26,10-04-26 8:55,fb,campaign_191,creative_521,0,2,6,0,30.96328568,32.4661144
10-04-26,10-04-26 8:55,fb,campaign_191,creative_343,0,0,1,0,0,32.57493349
10-04-26,10-04-26 8:55,fb,campaign_191,creative_523,1,1,2,0,47.58813508,45.57601114
10-04-26,10-04-26 8:55,fb,campaign_191,creative_327,0,0,2,0,0,57.4402158
10-04-26,10-04-26 8:55,fb,campaign_191,creative_519,0,0,1,0,0,34.84238827
10-04-26,10-04-26 8:55,fb,campaign_192,creative_332,0,0,2,0,0,44.64584228
10-04-26,10-04-26 8:55,fb,campaign_192,creative_332,0,1,2,0,56.81281768,53.61385243
10-04-26,10-04-26 8:55,fb,campaign_192,creative_524,0,0,1,0,0,32.57493349
10-04-26,10-04-26 8:55,fb,campaign_192,creative_332,1,1,2,0,32.57493349,46.57032714
10-04-26,10-04-26 8:55,fb,campaign_192,creative_519,0,0,1,0,0,60.56572078
10-04-26,10-04-26 8:55,fb,campaign_192,creative_519,0,0,1,0,0,49.98617309
10-04-26,10-04-26 8:55,fb,campaign_192,creative_343,0,0,1,0,0,34.84238827
10-04-26,10-04-26 8:55,fb,campaign_192,creative_324,0,5,9,0,61.50334273,61.0101866
10-04-26,10-04-26 8:55,fb,campaign_192,creative_327,1,1,2,0,29.22692426,43.01987097
10-04-26,10-04-26 8:55,fb,campaign_192,creative_325,0,0,1,0,0,53.9850412
10-04-26,10-04-26 8:55,fb,campaign_192,creative_330,0,0,1,0,0,60.56572078
10-04-26,10-04-26 8:55,fb,campaign_192,creative_524,0,0,2,0,0,38.09685354
10-04-26,10-04-26 8:55,fb,campaign_192,creative_327,1,6,8,0,53.78817936,55.55756346
10-04-26,10-04-26 8:55,fb,campaign_192,creative_325,0,0,1,0,0,40.54910088
10-04-26,10-04-26 8:55,fb,campaign_192,creative_524,0,1,1,0,22.15865032,22.15865032
10-04-26,10-04-26 8:55,fb,campaign_192,creative_523,0,0,1,0,0,57.54519972
10-04-26,10-04-26 8:55,fb,campaign_192,creative_330,0,1,4,0,40.54910088,45.53958257
10-04-26,10-04-26 8:55,fb,campaign_192,creative_520,0,1,2,0,40.72885927,36.48022506
10-04-26,10-04-26 8:55,fb,campaign_192,creative_343,0,0,1,0,0,37.091978
10-04-26,10-04-26 8:55,fb,campaign_192,creative_332,0,1,1,0,43.56388721,43.56388721
10-04-26,10-04-26 8:55,fb,campaign_192,creative_332,0,0,1,0,0,47.58813508
10-04-26,10-04-26 8:55,fb,campaign_192,creative_327,0,8,10,0,58.12679471,56.61291793
10-04-26,10-04-26 8:55,fb,campaign_192,creative_325,0,0,1,0,0,34.84238827
10-04-26,10-04-26 8:55,fb,campaign_192,creative_324,0,1,2,0,50.85153311,42.84696069
10-04-26,10-04-26 8:55,fb,campaign_192,creative_327,1,1,1,0,40.54910088,40.54910088
10-04-26,10-04-26 8:55,fb,campaign_192,creative_324,0,6,6,0,44.97041393,44.97041393
10-04-26,10-04-26 8:55,fb,campaign_192,creative_520,0,1,2,0,46.60797647,40.72518237
10-04-26,10-04-26 8:55,fb,campaign_193,creative_520,0,1,1,0,32.8970731,32.8970731
10-04-26,10-04-26 8:55,fb,campaign_193,creative_339,0,1,1,0,50.41488718,50.41488718
10-04-26,10-04-26 8:55,fb,campaign_193,creative_327,0,2,2,0,36.54280017,36.54280017
10-04-26,10-04-26 8:55,fb,campaign_193,creative_521,1,0,0,0,0,0
10-04-26,10-04-26 8:55,fb,campaign_193,creative_327,1,8,8,0,31.53261456,31.53261456
10-04-26,10-04-26 8:55,fb,campaign_193,creative_324,1,3,3,0,36.15595606,36.15595606
10-04-26,10-04-26 8:55,fb,campaign_193,creative_324,2,0,0,0,0,0
10-04-26,10-04-26 8:55,fb,campaign_193,creative_525,1,1,1,0,53.01975657,53.01975657
10-04-26,10-04-26 8:55,fb,campaign_193,creative_327,2,2,2,0,39.66325651,39.66325651
10-04-26,10-04-26 8:55,fb,campaign_193,creative_521,0,1,1,0,27.92863761,27.92863761
10-04-26,10-04-26 8:55,fb,campaign_193,creative_520,1,0,0,0,0,0
10-04-26,10-04-26 8:55,fb,campaign_193,creative_525,0,1,1,0,27.92863761,27.92863761
10-04-26,10-04-26 8:55,fb,campaign_193,creative_324,0,1,1,0,43.56388721,43.56388721
10-04-26,10-04-26 8:55,fb,campaign_193,creative_520,0,1,1,0,40.54910088,40.54910088
10-04-26,10-04-26 8:55,fb,campaign_194,creative_332,4,3,3,0,18.95166955,18.95166955
10-04-26,10-04-26 8:55,fb,campaign_194,creative_519,0,1,1,0,29.91602632,29.91602632
10-04-26,10-04-26 8:55,fb,campaign_194,creative_521,1,2,2,0,63.06483243,63.06483243
10-04-26,10-04-26 8:55,fb,campaign_194,creative_324,0,4,4,0,39.28304883,39.28304883
10-04-26,10-04-26 8:55,fb,campaign_194,creative_526,0,1,1,0,38.52291576,38.52291576
10-04-26,10-04-26 8:55,fb,campaign_194,creative_339,0,1,1,0,63.7991163,63.7991163
10-04-26,10-04-26 8:55,fb,campaign_195,creative_327,3,17,22,0,53.01818304,52.24110812
10-04-26,10-04-26 8:55,fb,campaign_195,creative_521,2,2,2,0,59.11048194,59.11048194
10-04-26,10-04-26 8:55,fb,campaign_195,creative_332,0,2,2,0,62.47900582,62.47900582
10-04-26,10-04-26 8:55,fb,campaign_195,creative_327,0,1,3,0,34.84238827,63.82687092
10-04-26,10-04-26 8:55,fb,campaign_195,creative_520,0,0,1,0,0,40.54910088
10-04-26,10-04-26 8:55,fb,campaign_195,creative_526,0,0,1,0,0,60.56572078
10-04-26,10-04-26 8:55,fb,campaign_195,creative_339,1,0,1,0,0,48.08910672
10-04-26,10-04-26 8:55,fb,campaign_195,creative_520,0,0,1,0,0,67.8060767
10-04-26,10-04-26 8:55,fb,campaign_195,creative_521,0,1,1,0,41.49456206,41.49456206
10-04-26,10-04-26 8:55,fb,campaign_195,creative_522,0,0,1,0,0,20.96240062
10-04-26,10-04-26 8:55,fb,campaign_195,creative_324,0,5,8,0,61.54790229,53.73962034
10-04-26,10-04-26 8:55,fb,campaign_195,creative_521,0,2,2,0,103.0995517,103.0995517
10-04-26,10-04-26 8:55,fb,campaign_195,creative_519,0,0,1,0,0,50.41488718
10-04-26,10-04-26 8:55,fb,campaign_195,creative_327,0,2,5,0,41.51411916,40.72161508
10-04-26,10-04-26 8:55,fb,campaign_195,creative_327,0,3,3,0,42.09311961,42.09311961
10-04-26,10-04-26 8:55,fb,campaign_195,creative_324,0,0,2,0,0,33.3936143
10-04-26,10-04-26 8:55,fb,campaign_195,creative_324,0,0,1,0,0,69.01706904
10-04-26,10-04-26 8:55,fb,campaign_195,creative_324,0,1,1,0,73.54892116,73.54892116
10-04-26,10-04-26 8:55,fb,campaign_195,creative_324,0,3,3,0,59.59730556,59.59730556
10-04-26,10-04-26 8:55,fb,campaign_195,creative_324,0,1,2,0,30.60712983,31.59103166
10-04-26,10-04-26 8:55,fb,campaign_195,creative_520,0,1,1,0,32.82133619,32.82133619
10-04-26,10-04-26 8:55,fb,campaign_195,creative_519,0,0,1,0,0,60.56572078
10-04-26,10-04-26 8:55,fb,campaign_196,creative_331,4,6,24,0,53.14842909,58.57460759
10-04-26,10-04-26 8:55,fb,campaign_196,creative_333,0,0,3,0,0,51.1679001
10-04-26,10-04-26 8:55,fb,campaign_196,creative_336,0,0,1,0,0,62.84094058
10-04-26,10-04-26 8:55,fb,campaign_196,creative_336,0,0,1,0,0,43.56388721
10-04-26,10-04-26 8:55,fb,campaign_196,creative_331,4,4,10,0,48.29917981,49.34512932
10-04-26,10-04-26 8:55,fb,campaign_196,creative_527,0,1,1,0,34.84238827,34.84238827
10-04-26,10-04-26 8:55,fb,campaign_196,creative_340,1,7,23,0,43.37711346,50.22170014
10-04-26,10-04-26 8:55,fb,campaign_196,creative_336,0,0,1,0,0,50.41488718
10-04-26,10-04-26 8:55,fb,campaign_196,creative_528,0,0,1,0,0,60.56572078
10-04-26,10-04-26 8:55,fb,campaign_196,creative_333,0,1,1,0,95.12239298,95.12239298
10-04-26,10-04-26 8:55,fb,campaign_196,creative_527,0,1,2,0,32.93318135,46.74945107
10-04-26,10-04-26 8:55,fb,campaign_196,creative_528,0,1,1,0,43.56388721,43.56388721
10-04-26,10-04-26 8:55,fb,campaign_196,creative_529,0,0,1,0,0,43.56388721
10-04-26,10-04-26 8:55,fb,campaign_196,creative_340,0,0,1,0,0,52.7681963
10-04-26,10-04-26 8:55,fb,campaign_196,creative_340,0,0,1,0,0,41.13163458
10-04-26,10-04-26 8:55,fb,campaign_196,creative_331,0,0,3,0,0,35.6179673
10-04-26,10-04-26 8:55,fb,campaign_196,creative_331,1,0,0,0,0,0
10-04-26,10-04-26 8:55,fb,campaign_196,creative_336,0,3,3,0,48.21802944,48.21802944
10-04-26,10-04-26 8:55,fb,campaign_196,creative_326,3,7,27,0,39.04989171,52.31701645
10-04-26,10-04-26 8:55,fb,campaign_196,creative_333,1,3,5,0,39.48797052,37.25779188
10-04-26,10-04-26 8:55,fb,campaign_196,creative_530,0,0,1,0,0,28.9298434
10-04-26,10-04-26 8:55,fb,campaign_197,creative_326,0,0,1,0,0,32.57493349
10-04-26,10-04-26 8:55,fb,campaign_198,creative_518,0,0,2,0,0,41.20599609
10-04-26,10-04-26 8:55,fb,campaign_198,creative_531,0,1,3,0,52.53567945,44.10651812
10-04-26,10-04-26 8:55,fb,campaign_198,creative_532,0,0,1,0,0,66.3177078
10-04-26,10-04-26 8:55,fb,campaign_198,creative_517,0,3,4,0,57.61121176,50.03168132
10-04-26,10-04-26 8:55,fb,campaign_198,creative_533,0,2,5,0,36.73338614,51.00262019
10-04-26,10-04-26 8:55,fb,campaign_198,creative_518,0,1,3,0,34.84238827,43.02957789
10-04-26,10-04-26 8:55,fb,campaign_198,creative_534,0,0,1,0,0,43.64856899
10-04-26,10-04-26 8:55,fb,campaign_199,creative_442,0,1,4,0,91.28727659,62.46400491
10-04-26,10-04-26 8:55,fb,campaign_199,creative_442,0,3,8,0,45.98230621,42.44859787
10-04-26,10-04-26 8:55,fb,campaign_199,creative_442,0,2,6,0,45.862204,38.44772835
10-04-26,10-04-26 8:55,fb,campaign_199,creative_441,0,8,13,0,55.03859244,48.1502154
10-04-26,10-04-26 8:55,fb,campaign_199,creative_427,0,2,4,0,27.33771306,29.628882
10-04-26,10-04-26 8:55,fb,campaign_199,creative_430,0,1,1,0,58.0266764,58.0266764
10-04-26,10-04-26 8:55,fb,campaign_199,creative_428,0,2,4,0,24.61781709,28.32906114
10-04-26,10-04-26 8:55,fb,campaign_199,creative_535,0,0,1,0,0,28.19589985
10-04-26,10-04-26 8:55,fb,campaign_200,creative_327,0,1,1,0,55.45951128,55.45951128
10-04-26,10-04-26 8:55,fb,campaign_200,creative_332,1,1,3,0,23.06020634,51.85800475
10-04-26,10-04-26 8:55,fb,campaign_200,creative_339,0,1,2,0,28.83247326,30.29252709
10-04-26,10-04-26 8:55,fb,campaign_200,creative_521,0,0,1,0,0,27.92863761
10-04-26,10-04-26 8:55,fb,campaign_200,creative_324,0,0,1,0,0,34.4267
10-04-26,10-04-26 8:55,fb,campaign_200,creative_519,0,0,1,0,0,35.57839407
10-04-26,10-04-26 8:55,fb,campaign_201,creative_523,0,3,5,0,42.75514246,46.08617822
10-04-26,10-04-26 8:55,fb,campaign_201,creative_525,0,0,1,0,0,35.77614991
10-04-26,10-04-26 8:55,fb,campaign_201,creative_521,0,0,1,0,0,27.29308999
10-04-26,10-04-26 8:55,fb,campaign_201,creative_520,0,0,2,0,0,41.21526167
10-04-26,10-04-26 8:55,fb,campaign_201,creative_332,0,4,14,0,45.4717666,44.70389361
10-04-26,10-04-26 8:55,fb,campaign_201,creative_324,0,1,1,0,35.57839407,35.57839407
10-04-26,10-04-26 8:55,fb,campaign_201,creative_524,0,0,1,0,0,99.40679339
10-04-26,10-04-26 8:55,fb,campaign_201,creative_343,0,2,6,0,34.24861745,30.586102
10-04-26,10-04-26 8:55,fb,campaign_201,creative_332,0,1,3,0,43.56388721,41.20880201
10-04-26,10-04-26 8:55,fb,campaign_201,creative_330,0,0,3,0,0,29.35161195
10-04-26,10-04-26 8:55,fb,campaign_201,creative_519,0,1,1,0,43.31906846,43.31906846
10-04-26,10-04-26 8:55,fb,campaign_201,creative_526,0,2,7,0,27.69080695,29.70154325
10-04-26,10-04-26 8:55,fb,campaign_201,creative_327,0,8,30,0,51.65954702,51.77340016
10-04-26,10-04-26 8:55,fb,campaign_201,creative_521,0,0,1,0,0,44.48412475
10-04-26,10-04-26 8:55,fb,campaign_201,creative_536,0,0,2,0,0,27.86098088
10-04-26,10-04-26 8:55,fb,campaign_201,creative_523,1,0,0,0,0,0
10-04-26,10-04-26 8:55,fb,campaign_202,creative_327,0,0,13,0,0,47.85821372
10-04-26,10-04-26 8:55,fb,campaign_202,creative_332,0,2,2,0,45.72431139,45.72431139
10-04-26,10-04-26 8:55,fb,campaign_202,creative_521,0,0,1,0,0,37.091978
10-04-26,10-04-26 8:55,fb,campaign_202,creative_525,0,1,2,0,71.3165444,53.07946633
10-04-26,10-04-26 8:55,fb,campaign_202,creative_332,0,1,1,0,71.79047802,71.79047802
10-04-26,10-04-26 8:55,fb,campaign_202,creative_536,0,1,2,0,85.05710945,85.05710945
10-04-26,10-04-26 8:55,fb,campaign_202,creative_327,0,13,15,0,45.44345931,44.00717854
10-04-26,10-04-26 8:55,fb,campaign_202,creative_524,0,0,2,0,0,51.84030741
10-04-26,10-04-26 8:55,fb,campaign_202,creative_325,0,0,1,0,0,59.63836635
10-04-26,10-04-26 8:55,fb,campaign_202,creative_327,2,4,5,0,51.99682376,54.4296246
10-04-26,10-04-26 8:55,fb,campaign_202,creative_327,0,1,24,0,63.6684391,47.21578514
10-04-26,10-04-26 8:55,fb,campaign_202,creative_520,0,0,1,0,0,50.41488718
10-04-26,10-04-26 8:55,fb,campaign_202,creative_330,0,1,1,0,60.56572078,60.56572078
10-04-26,10-04-26 8:55,fb,campaign_202,creative_521,0,0,1,0,0,32.82133619
10-04-26,10-04-26 8:55,fb,campaign_202,creative_327,0,6,8,0,44.09021789,50.64055785
10-04-26,10-04-26 8:55,fb,campaign_202,creative_327,0,1,7,0,43.56388721,35.08217819
10-04-26,10-04-26 8:55,fb,campaign_202,creative_325,0,0,2,0,0,33.68600315
10-04-26,10-04-26 8:55,fb,campaign_202,creative_324,0,1,2,0,34.84238827,33.70866088
10-04-26,10-04-26 8:55,fb,campaign_202,creative_521,0,0,1,0,0,69.24744008
10-04-26,10-04-26 8:55,fb,campaign_202,creative_327,0,0,1,0,0,74.4627059
10-04-26,10-04-26 8:55,fb,campaign_202,creative_332,0,1,1,0,73.42145366,73.42145366
10-04-26,10-04-26 8:55,fb,campaign_202,creative_332,0,2,2,0,31.22198146,31.22198146
10-04-26,10-04-26 8:55,fb,campaign_202,creative_324,0,4,4,0,55.85381574,55.85381574
10-04-26,10-04-26 8:55,fb,campaign_202,creative_324,0,0,2,0,0,62.59280665
10-04-26,10-04-26 8:55,fb,campaign_202,creative_330,0,0,1,0,0,38.95063881
10-04-26,10-04-26 8:55,fb,campaign_202,creative_330,0,0,3,0,0,48.27413155
10-04-26,10-04-26 8:55,fb,campaign_202,creative_523,0,3,5,0,36.28676875,36.8188483
10-04-26,10-04-26 8:55,fb,campaign_202,creative_524,0,0,1,0,0,34.91953563
10-04-26,10-04-26 8:55,fb,campaign_202,creative_330,0,0,1,0,0,44.62857828
10-04-26,10-04-26 8:55,fb,campaign_202,creative_324,0,4,5,0,53.04015178,48.4907109
10-04-26,10-04-26 8:55,fb,campaign_202,creative_332,0,0,1,0,0,39.12442159
10-04-26,10-04-26 8:55,fb,campaign_202,creative_330,0,1,1,0,71.3165444,71.3165444
10-04-26,10-04-26 8:55,fb,campaign_203,creative_521,1,11,24,0,42.34069521,38.59407874
10-04-26,10-04-26 8:55,fb,campaign_203,creative_339,0,2,3,0,23.04637295,24.39222846
10-04-26,10-04-26 8:55,fb,campaign_203,creative_332,0,0,2,0,0,48.83038433
10-04-26,10-04-26 8:55,fb,campaign_203,creative_519,1,10,15,0,44.30877885,45.51585397
10-04-26,10-04-26 8:55,fb,campaign_203,creative_343,0,0,1,0,0,27.21724185
10-04-26,10-04-26 8:55,fb,campaign_203,creative_523,0,1,1,0,34.84238827,34.84238827
10-04-26,10-04-26 8:55,fb,campaign_203,creative_520,0,0,3,0,0,43.39286745
10-04-26,10-04-26 8:55,fb,campaign_203,creative_325,0,0,1,0,0,67.8060767
10-04-26,10-04-26 8:55,fb,campaign_203,creative_332,1,10,18,0,50.26458896,53.6824266
10-04-26,10-04-26 8:55,fb,campaign_203,creative_525,0,1,1,0,18.92087017,18.92087017
10-04-26,10-04-26 8:55,fb,campaign_203,creative_524,0,1,2,0,43.56388721,43.56388721
10-04-26,10-04-26 8:55,fb,campaign_203,creative_332,0,0,6,0,0,39.02083215
10-04-26,10-04-26 8:55,fb,campaign_203,creative_523,0,0,1,0,0,26.25049811
10-04-26,10-04-26 8:55,fb,campaign_203,creative_327,0,0,1,0,0,19.70624756
10-04-26,10-04-26 8:55,fb,campaign_203,creative_343,0,1,1,0,35.57839407,35.57839407
10-04-26,10-04-26 8:55,fb,campaign_203,creative_524,0,0,3,0,0,28.00079925
10-04-26,10-04-26 8:55,fb,campaign_203,creative_519,0,0,2,0,0,34.84238827
10-04-26,10-04-26 8:55,fb,campaign_203,creative_330,0,5,8,0,26.98873181,26.42456688
10-04-26,10-04-26 8:55,fb,campaign_203,creative_537,0,1,1,0,44.62857828,44.62857828
10-04-26,10-04-26 8:55,fb,campaign_203,creative_521,0,4,5,0,40.68778513,38.53343337
10-04-26,10-04-26 8:55,fb,campaign_203,creative_330,0,0,1,0,0,34.84238827
10-04-26,10-04-26 8:55,fb,campaign_203,creative_521,0,1,3,0,32.52794759,42.64996911
10-04-26,10-04-26 8:55,fb,campaign_204,creative_343,0,1,2,0,29.56253314,31.35233901
10-04-26,10-04-26 8:55,fb,campaign_204,creative_525,0,5,6,0,41.35443357,41.92812175
10-04-26,10-04-26 8:55,fb,campaign_204,creative_525,0,1,4,0,56.57029416,47.48561238
10-04-26,10-04-26 8:55,fb,campaign_204,creative_327,0,3,7,0,39.01460025,34.00893339
10-04-26,10-04-26 8:55,fb,campaign_204,creative_520,0,0,1,0,0,52.7681963
10-04-26,10-04-26 8:55,fb,campaign_204,creative_332,1,12,18,0,33.144041,35.33464909
10-04-26,10-04-26 8:55,fb,campaign_204,creative_520,0,1,3,0,21.04536052,34.89589047
10-04-26,10-04-26 8:55,fb,campaign_204,creative_525,0,0,1,0,0,34.84238827
10-04-26,10-04-26 8:55,fb,campaign_204,creative_521,0,1,6,0,34.4267,36.80006492
10-04-26,10-04-26 8:55,fb,campaign_204,creative_324,0,0,5,0,0,39.91082528
10-04-26,10-04-26 8:55,fb,campaign_204,creative_324,0,0,7,0,0,57.76741343
10-04-26,10-04-26 8:55,fb,campaign_204,creative_327,0,0,5,0,0,46.76045981
10-04-26,10-04-26 8:55,fb,campaign_204,creative_519,0,0,1,0,0,19.79527837
10-04-26,10-04-26 8:55,fb,campaign_204,creative_332,1,1,1,0,44.48412475,44.48412475
10-04-26,10-04-26 8:55,fb,campaign_204,creative_330,0,0,1,0,0,60.56572078
10-04-26,10-04-26 8:55,fb,campaign_204,creative_524,0,1,2,0,32.8970731,27.97863972
10-04-26,10-04-26 8:55,fb,campaign_204,creative_327,0,0,4,0,0,45.35063397
10-04-26,10-04-26 8:55,fb,campaign_204,creative_330,0,1,1,0,34.84238827,34.84238827
10-04-26,10-04-26 8:55,fb,campaign_204,creative_324,0,0,8,0,0,42.27463031
10-04-26,10-04-26 8:55,fb,campaign_205,creative_324,0,0,6,0,0,50.17810547
10-04-26,10-04-26 8:55,fb,campaign_205,creative_327,0,2,5,0,62.44110143,58.76673753
10-04-26,10-04-26 8:55,fb,campaign_205,creative_522,0,1,1,0,30.69648464,30.69648464
10-04-26,10-04-26 8:55,fb,campaign_205,creative_332,0,1,3,0,31.02903775,35.21531001
10-04-26,10-04-26 8:55,fb,campaign_205,creative_521,0,0,1,0,0,32.57493349
10-04-26,10-04-26 8:55,fb,campaign_206,creative_326,0,1,1,0,52.2106272,52.2106272
10-04-26,10-04-26 8:55,fb,campaign_207,creative_519,0,0,6,0,0,55.26314339
10-04-26,10-04-26 8:55,fb,campaign_207,creative_331,0,6,6,0,43.16330668,43.16330668
10-04-26,10-04-26 8:55,fb,campaign_207,creative_345,0,1,1,0,55.54494626,55.54494626
10-04-26,10-04-26 8:55,fb,campaign_207,creative_338,0,1,10,0,34.84238827,48.65144993
10-04-26,10-04-26 8:55,fb,campaign_207,creative_332,0,2,2,0,64.09153115,64.09153115
10-04-26,10-04-26 8:55,fb,campaign_207,creative_538,0,0,2,0,0,30.94749264
10-04-26,10-04-26 8:55,fb,campaign_207,creative_538,0,0,4,0,0,39.01092317
10-04-26,10-04-26 8:55,fb,campaign_207,creative_539,0,1,1,0,33.91639126,33.91639126
10-04-26,10-04-26 8:55,fb,campaign_207,creative_334,0,0,1,0,0,35.85252377
10-04-26,10-04-26 8:55,fb,campaign_207,creative_539,0,0,1,0,0,50.41488718
10-04-26,10-04-26 8:55,fb,campaign_207,creative_336,0,0,1,0,0,44.82687265
10-04-26,10-04-26 8:55,fb,campaign_207,creative_331,0,7,9,0,48.38164652,48.83347778
10-04-26,10-04-26 8:55,fb,campaign_207,creative_338,0,1,1,0,42.71185201,42.71185201
10-04-26,10-04-26 8:55,fb,campaign_207,creative_538,0,2,2,0,44.24717919,44.24717919
10-04-26,10-04-26 8:55,fb,campaign_207,creative_336,0,0,1,0,0,43.56388721
10-04-26,10-04-26 8:55,fb,campaign_207,creative_332,0,3,9,0,37.41435585,44.69302718
10-04-26,10-04-26 8:55,fb,campaign_207,creative_345,0,2,8,0,49.622591,40.47044543
10-04-26,10-04-26 8:55,fb,campaign_207,creative_326,0,1,4,0,50.41488718,47.95637726
10-04-26,10-04-26 8:55,fb,campaign_207,creative_332,0,0,1,0,0,34.05228817
10-04-26,10-04-26 8:55,fb,campaign_207,creative_327,0,0,6,0,0,41.19452576
10-04-26,10-04-26 8:55,fb,campaign_207,creative_334,0,2,2,0,39.20313774,39.20313774
10-04-26,10-04-26 8:55,fb,campaign_207,creative_326,1,0,3,0,0,47.55779765
10-04-26,10-04-26 8:55,fb,campaign_207,creative_540,1,0,1,0,0,44.48978552
10-04-26,10-04-26 8:55,fb,campaign_207,creative_327,0,11,13,0,44.42970906,44.4272484
10-04-26,10-04-26 8:55,fb,campaign_207,creative_539,0,0,6,0,0,44.56872745
10-04-26,10-04-26 8:55,fb,campaign_207,creative_338,0,0,3,0,0,58.27589383
10-04-26,10-04-26 8:55,fb,campaign_207,creative_527,0,0,1,0,0,35.85252377
10-04-26,10-04-26 8:55,fb,campaign_207,creative_326,0,0,3,0,0,40.635804
10-04-26,10-04-26 8:55,fb,campaign_207,creative_540,0,1,1,0,53.93156288,53.93156288
10-04-26,10-04-26 8:55,fb,campaign_207,creative_331,0,1,7,0,71.3165444,62.08478695
10-04-26,10-04-26 8:55,fb,campaign_208,creative_541,0,0,1,0,0,31.41022473
10-04-26,10-04-26 8:55,fb,campaign_209,creative_542,0,1,1,0,69.58252523,69.58252523
10-04-26,10-04-26 8:55,fb,campaign_209,creative_543,0,1,1,0,75.09742482,75.09742482
10-04-26,10-04-26 8:55,fb,campaign_210,creative_542,0,1,1,0,29.69574386,29.69574386
10-04-26,10-04-26 8:55,fb,campaign_210,creative_541,0,1,1,0,39.90743064,39.90743064
10-04-26,10-04-26 8:55,fb,campaign_211,creative_544,0,1,1,0,54.75623182,54.75623182
10-04-26,10-04-26 8:55,fb,campaign_211,creative_544,0,0,1,0,0,45.21781436
10-04-26,10-04-26 8:55,fb,campaign_211,creative_541,0,0,1,0,0,59.9166201
10-04-26,10-04-26 8:55,fb,campaign_212,creative_545,0,0,1,0,0,57.24941842
10-04-26,10-04-26 8:55,fb,campaign_213,creative_546,0,0,1,0,0,35.56444069
10-04-26,10-04-26 8:55,fb,campaign_214,creative_547,0,1,1,0,43.56388721,43.56388721
10-04-26,10-04-26 8:55,fb,campaign_215,creative_541,0,0,1,0,0,60.56572078
10-04-26,10-04-26 8:55,fb,campaign_216,creative_548,0,2,14,0,77.38271559,61.52569365
10-04-26,10-04-26 8:55,fb,campaign_216,creative_549,0,1,8,0,40.54910088,43.90748549
10-04-26,10-04-26 8:55,fb,campaign_216,creative_550,0,5,6,0,32.38305949,29.95444873
10-04-26,10-04-26 8:55,fb,campaign_216,creative_551,0,1,1,0,50.41488718,50.41488718
10-04-26,10-04-26 8:55,fb,campaign_216,creative_550,0,0,1,0,0,32.57493349
10-04-26,10-04-26 8:55,fb,campaign_216,creative_551,0,4,10,0,37.09197359,38.32087214
10-04-26,10-04-26 8:55,fb,campaign_216,creative_552,0,3,15,0,42.53433026,34.50696358
10-04-26,10-04-26 8:55,fb,campaign_217,creative_553,0,3,3,0,46.2333814,46.2333814
10-04-26,10-04-26 8:55,fb,campaign_217,creative_554,0,1,1,0,28.9241689,28.9241689
10-04-26,10-04-26 8:55,fb,campaign_218,creative_555,0,1,1,0,50.41488718,50.41488718
10-04-26,10-04-26 8:55,fb,campaign_218,creative_556,0,1,1,0,44.48412475,44.48412475
10-04-26,10-04-26 8:55,fb,campaign_219,creative_557,0,1,1,0,73.96956391,73.96956391
10-04-26,10-04-26 8:55,fb,campaign_219,creative_558,1,0,0,0,0,0
10-04-26,10-04-26 8:55,fb,campaign_219,creative_559,2,1,1,0,34.91953563,34.91953563
10-04-26,10-04-26 8:55,fb,campaign_220,creative_560,1,1,1,0,34.84238827,34.84238827
10-04-26,10-04-26 8:55,fb,campaign_220,creative_561,0,1,1,0,27.70524614,27.70524614
10-04-26,10-04-26 8:55,fb,campaign_220,creative_555,0,5,5,0,48.2685922,48.2685922
10-04-26,10-04-26 8:55,fb,campaign_220,creative_562,0,2,2,0,55.14908085,55.14908085
10-04-26,10-04-26 8:55,fb,campaign_221,creative_563,0,1,1,0,27.17825906,27.17825906
10-04-26,10-04-26 8:55,fb,campaign_221,creative_564,0,1,1,0,22.15865032,22.15865032
10-04-26,10-04-26 8:55,fb,campaign_221,creative_565,0,1,1,0,51.57166083,51.57166083
10-04-26,10-04-26 8:55,fb,campaign_222,creative_564,1,4,4,0,51.19103347,51.19103347
10-04-26,10-04-26 8:55,fb,campaign_222,creative_563,0,1,1,0,24.2020051,24.2020051
10-04-26,10-04-26 8:55,fb,campaign_222,creative_566,1,0,0,0,0,0
10-04-26,10-04-26 8:55,fb,campaign_222,creative_567,0,1,1,0,27.92863761,27.92863761
10-04-26,10-04-26 8:55,fb,campaign_222,creative_565,0,1,1,0,54.16796181,54.16796181
10-04-26,10-04-26 8:55,fb,campaign_222,creative_568,0,1,1,0,48.59752827,48.59752827
10-04-26,10-04-26 8:55,fb,campaign_223,creative_569,0,0,1,0,0,66.55435607
10-04-26,10-04-26 8:55,fb,campaign_224,creative_570,0,2,2,0,20.62004754,20.62004754
10-04-26,10-04-26 8:55,fb,campaign_224,creative_571,0,2,2,0,19.59431735,19.59431735
10-04-26,10-04-26 8:55,fb,campaign_224,creative_572,0,2,2,0,26.59870293,26.59870293
10-04-26,10-04-26 8:55,fb,campaign_224,creative_573,0,1,1,0,31.82016609,31.82016609
10-04-26,10-04-26 8:55,fb,campaign_224,creative_573,0,2,2,0,19.59431735,19.59431735
10-04-26,10-04-26 8:55,fb,campaign_224,creative_572,0,1,1,0,17.81139494,17.81139494
10-04-26,10-04-26 8:55,fb,campaign_224,creative_572,0,1,1,0,21.37723977,21.37723977
10-04-26,10-04-26 8:55,fb,campaign_224,creative_572,0,2,2,0,20.28276717,20.28276717
10-04-26,10-04-26 8:55,fb,campaign_224,creative_573,0,3,3,0,36.78560064,36.78560064
10-04-26,10-04-26 8:55,fb,campaign_224,creative_571,0,1,1,0,17.81139494,17.81139494
10-04-26,10-04-26 8:55,fb,campaign_224,creative_573,0,2,2,0,43.72341295,43.72341295
10-04-26,10-04-26 8:55,fb,campaign_224,creative_570,0,1,1,0,21.37723977,21.37723977
10-04-26,10-04-26 8:55,fb,campaign_224,creative_572,0,1,1,0,29.47934363,29.47934363
10-04-26,10-04-26 8:55,fb,campaign_225,creative_574,0,2,12,0,22.4612625,23.31372727
10-04-26,10-04-26 8:55,fb,campaign_226,creative_575,1,3,7,0,30.36076705,28.48023962
10-04-26,10-04-26 8:55,fb,campaign_227,creative_576,0,0,1,0,0,29.04778718
10-04-26,10-04-26 8:55,fb,campaign_228,creative_577,0,0,1,0,0,38.20760575
10-04-26,10-04-26 8:55,fb,campaign_229,creative_578,0,0,1,0,0,17.81139494
10-04-26,10-04-26 8:55,fb,campaign_230,creative_579,0,1,1,0,21.37723977,21.37723977
10-04-26,10-04-26 8:55,fb,campaign_230,creative_576,0,0,1,0,0,32.08713508
10-04-26,10-04-26 8:55,fb,campaign_231,creative_576,0,0,1,0,0,19.85057154
10-04-26,10-04-26 8:55,fb,campaign_232,creative_573,0,6,6,0,27.70423997,27.70423997
10-04-26,10-04-26 8:55,fb,campaign_232,creative_580,0,2,2,0,28.00950034,28.00950034
10-04-26,10-04-26 8:55,fb,campaign_232,creative_572,0,7,7,0,22.43989226,22.43989226
10-04-26,10-04-26 8:55,fb,campaign_232,creative_570,0,1,1,0,20.4682647,20.4682647
10-04-26,10-04-26 8:55,fb,campaign_233,creative_571,0,1,1,0,21.37723977,21.37723977
10-04-26,10-04-26 8:55,fb,campaign_233,creative_573,1,5,5,0,25.27635535,25.27635535
10-04-26,10-04-26 8:55,fb,campaign_233,creative_572,0,2,2,0,48.27657027,48.27657027
10-04-26,10-04-26 8:55,fb,campaign_234,creative_575,0,1,1,0,21.37723977,21.37723977
10-04-26,10-04-26 8:55,fb,campaign_235,creative_581,0,3,3,0,39.13886969,39.13886969
10-04-26,10-04-26 8:55,fb,campaign_235,creative_582,1,4,4,0,18.2912704,18.2912704
10-04-26,10-04-26 8:55,fb,campaign_235,creative_579,0,8,8,0,19.2070845,19.2070845
10-04-26,10-04-26 8:55,fb,campaign_236,creative_583,0,2,2,0,17.81139494,17.81139494
10-04-26,10-04-26 8:55,fb,campaign_236,creative_584,0,6,6,0,20.37377237,20.37377237
10-04-26,10-04-26 8:55,fb,campaign_236,creative_585,4,25,25,0,24.018088,24.018088
10-04-26,10-04-26 8:55,fb,campaign_236,creative_586,1,5,5,0,25.28035747,25.28035747
10-04-26,10-04-26 8:55,fb,campaign_237,creative_587,0,7,7,0,22.74025638,22.74025638
10-04-26,10-04-26 8:55,fb,campaign_237,creative_588,0,3,3,0,30.22896822,30.22896822
10-04-26,10-04-26 8:55,fb,campaign_238,creative_589,0,1,1,0,16.16505197,16.16505197
10-04-26,10-04-26 8:55,fb,campaign_239,creative_590,0,1,1,0,30.54440682,30.54440682
10-04-26,10-04-26 8:55,fb,campaign_240,creative_591,0,1,1,0,34.82113767,34.82113767
10-04-26,10-04-26 8:55,fb,campaign_241,creative_584,0,14,30,0,21.5612342,23.39661284
10-04-26,10-04-26 8:55,fb,campaign_241,creative_592,1,3,20,0,30.35788762,29.60019526
10-04-26,10-04-26 8:55,fb,campaign_241,creative_593,0,1,2,0,19.89970662,29.05365618
10-04-26,10-04-26 8:55,fb,campaign_242,creative_592,0,14,35,0,31.01263554,27.68628158
10-04-26,10-04-26 8:55,fb,campaign_242,creative_585,0,1,1,0,17.81139494,17.81139494
10-04-26,10-04-26 8:55,fb,campaign_242,creative_583,0,0,1,0,0,50.7719564
10-04-26,10-04-26 8:55,fb,campaign_242,creative_593,0,1,1,0,36.67486951,36.67486951
10-04-26,10-04-26 8:55,fb,campaign_243,creative_593,0,9,31,0,28.33603917,28.54742269
10-04-26,10-04-26 8:55,fb,campaign_243,creative_594,0,0,1,0,0,21.37723977
10-04-26,10-04-26 8:55,fb,campaign_244,creative_584,0,0,5,0,0,24.53590768
10-04-26,10-04-26 8:55,fb,campaign_244,creative_592,0,1,1,0,19.89970662,19.89970662
10-04-26,10-04-26 8:55,fb,campaign_244,creative_586,0,2,7,0,33.75341155,24.91328885
10-04-26,10-04-26 8:55,fb,campaign_245,creative_584,3,30,81,0,25.24984211,24.6865733
10-04-26,10-04-26 8:55,fb,campaign_245,creative_593,1,3,6,0,25.97165486,28.56403636
10-04-26,10-04-26 8:55,fb,campaign_245,creative_585,0,0,1,0,0,20.4682647
10-04-26,10-04-26 8:55,fb,campaign_245,creative_592,0,0,1,0,0,46.80852794
10-04-26,10-04-26 8:55,fb,campaign_245,creative_594,0,0,2,0,0,19.59431735
10-04-26,10-04-26 8:55,fb,campaign_246,creative_595,0,2,6,0,23.12593652,24.39972253
10-04-26,10-04-26 8:55,fb,campaign_246,creative_596,0,1,1,0,21.37723977,21.37723977
10-04-26,10-04-26 8:55,fb,campaign_246,creative_597,0,4,11,0,20.12606225,20.92847976
10-04-26,10-04-26 8:55,fb,campaign_246,creative_598,2,20,41,0,25.56735077,24.85818641
10-04-26,10-04-26 8:55,fb,campaign_247,creative_597,0,2,2,0,29.03523053,29.03523053
10-04-26,10-04-26 8:55,fb,campaign_248,creative_599,0,0,1,0,0,16.16505197
10-04-26,10-04-26 8:55,fb,campaign_249,creative_600,0,1,1,0,19.86285531,19.86285531
10-04-26,10-04-26 8:55,fb,campaign_249,creative_601,0,4,12,0,23.78941328,22.22404683
10-04-26,10-04-26 8:55,fb,campaign_249,creative_602,1,4,13,0,25.49125395,23.28080172
10-04-26,10-04-26 8:55,fb,campaign_249,creative_603,0,0,1,0,0,21.37723977
10-04-26,10-04-26 8:55,fb,campaign_249,creative_604,0,4,13,0,24.23646829,24.57199371
10-04-26,10-04-26 8:55,fb,campaign_250,creative_599,0,1,1,0,17.81139494,17.81139494
10-04-26,10-04-26 8:55,fb,campaign_250,creative_601,1,13,25,0,26.47157489,25.81409833
10-04-26,10-04-26 8:55,fb,campaign_250,creative_600,0,0,11,0,0,28.25619291
10-04-26,10-04-26 8:55,fb,campaign_250,creative_604,3,25,40,0,24.43739041,23.98321618
10-04-26,10-04-26 8:55,fb,campaign_250,creative_603,0,4,9,0,17.6886962,20.19515022
10-04-26,10-04-26 8:55,fb,campaign_251,creative_605,0,1,1,0,34.7599968,34.7599968
10-04-26,10-04-26 8:55,fb,campaign_252,creative_606,0,1,1,0,17.81139494,17.81139494
10-04-26,10-04-26 8:55,fb,campaign_253,creative_607,0,0,1,0,0,20.4682647
10-04-26,10-04-26 8:55,fb,campaign_253,creative_578,0,0,1,0,0,19.85057154
10-04-26,10-04-26 8:55,fb,campaign_254,creative_607,0,0,4,0,0,19.465282
10-04-26,10-04-26 8:55,fb,campaign_254,creative_608,0,0,2,0,0,24.57038304
10-04-26,10-04-26 8:55,fb,campaign_254,creative_609,0,2,8,0,18.83712512,21.6249763
10-04-26,10-04-26 8:55,fb,campaign_254,creative_610,0,2,6,0,29.02605464,27.85098651
10-04-26,10-04-26 8:55,fb,campaign_255,creative_611,0,0,3,0,0,86.18143025
10-04-26,10-04-26 8:55,fb,campaign_256,creative_612,0,0,3,0,0,32.23121214
10-04-26,10-04-26 8:55,fb,campaign_256,creative_613,0,0,2,0,0,44.61065493
10-04-26,10-04-26 8:55,fb,campaign_256,creative_612,0,0,1,0,0,56.30188783
10-04-26,10-04-26 8:55,fb,campaign_257,creative_614,0,0,1,0,0,44.30334721
10-04-26,10-04-26 8:55,fb,campaign_257,creative_615,0,0,1,0,0,106.0098466
10-04-26,10-04-26 8:55,fb,campaign_257,creative_616,0,2,3,0,93.78300777,96.76902448
10-04-26,10-04-26 8:55,fb,campaign_257,creative_617,2,1,8,0,71.79047802,48.95934565
10-04-26,10-04-26 8:55,fb,campaign_257,creative_618,0,0,1,0,0,29.08825269
10-04-26,10-04-26 8:55,fb,campaign_258,creative_619,0,0,1,0,0,44.61065493
10-04-26,10-04-26 8:55,fb,campaign_258,creative_620,0,7,8,0,50.75373167,58.36561035
10-04-26,10-04-26 8:55,fb,campaign_258,creative_621,0,1,15,0,56.31652818,53.85372559
10-04-26,10-04-26 8:55,fb,campaign_258,creative_620,1,0,1,0,0,69.02013835
10-04-26,10-04-26 8:55,fb,campaign_259,creative_622,0,3,3,0,64.11837343,64.11837343
10-04-26,10-04-26 8:55,fb,campaign_259,creative_623,1,1,1,0,29.22692426,29.22692426
10-04-26,10-04-26 8:55,fb,campaign_259,creative_624,0,1,1,0,25.29687417,25.29687417
10-04-26,10-04-26 8:55,fb,campaign_259,creative_625,0,1,2,0,42.02416842,39.19679287
10-04-26,10-04-26 8:55,fb,campaign_259,creative_626,0,0,2,0,0,91.84055137
10-04-26,10-04-26 8:55,fb,campaign_259,creative_627,0,0,6,0,0,56.01092346
10-04-26,10-04-26 8:55,fb,campaign_260,creative_628,0,0,3,0,0,43.33359849
10-04-26,10-04-26 8:55,fb,campaign_260,creative_629,0,0,2,0,0,46.33565258
10-04-26,10-04-26 8:55,fb,campaign_261,creative_630,0,0,8,0,0,54.0355881
10-04-26,10-04-26 8:55,fb,campaign_262,creative_631,0,0,1,0,0,73.4734945
10-04-26,10-04-26 8:55,fb,campaign_263,creative_615,0,0,1,0,0,83.7822412
10-04-26,10-04-26 8:55,fb,campaign_263,creative_632,0,1,8,0,68.83790589,57.31002978
10-04-26,10-04-26 8:55,fb,campaign_263,creative_633,0,0,2,0,0,49.92005438
10-04-26,10-04-26 8:55,fb,campaign_263,creative_634,0,0,3,0,0,41.13963067
10-04-26,10-04-26 8:55,fb,campaign_263,creative_635,0,0,2,0,0,32.94550336
10-04-26,10-04-26 8:55,fb,campaign_264,creative_636,0,0,1,0,0,62.36932862
10-04-26,10-04-26 8:55,fb,campaign_265,creative_637,0,0,1,0,0,28.74841938
10-04-26,10-04-26 8:55,fb,campaign_266,creative_638,0,1,1,0,50.69420176,50.69420176
10-04-26,10-04-26 8:55,fb,campaign_267,creative_639,2,0,0,0,0,0
10-04-26,10-04-26 8:55,fb,campaign_267,creative_640,0,1,1,0,43.56388721,43.56388721
10-04-26,10-04-26 8:55,fb,campaign_267,creative_639,0,0,1,0,0,60.56572078
10-04-26,10-04-26 8:55,fb,campaign_268,creative_641,0,1,1,0,35.98565278,35.98565278
10-04-26,10-04-26 8:55,fb,campaign_268,creative_642,0,1,1,0,64.16082799,64.16082799
10-04-26,10-04-26 8:55,fb,campaign_269,creative_639,1,0,0,0,0,0
10-04-26,10-04-26 8:55,fb,campaign_269,creative_639,2,0,0,0,0,0
10-04-26,10-04-26 8:55,fb,campaign_269,creative_639,0,1,1,0,50.41488718,50.41488718
10-04-26,10-04-26 8:55,fb,campaign_270,creative_639,0,0,1,0,0,38.12858037
10-04-26,10-04-26 8:55,fb,campaign_271,creative_640,0,0,2,0,0,36.33853691
10-04-26,10-04-26 8:55,fb,campaign_271,creative_639,0,0,1,0,0,34.84238827
10-04-26,10-04-26 8:55,fb,campaign_271,creative_643,0,0,1,0,0,50.41488718
10-04-26,10-04-26 8:55,fb,campaign_271,creative_644,1,11,31,0,45.87410867,54.09335371
10-04-26,10-04-26 8:55,fb,campaign_271,creative_644,0,0,2,0,0,46.98938719
10-04-26,10-04-26 8:55,fb,campaign_271,creative_645,0,2,4,0,99.40679339,97.05009135
10-04-26,10-04-26 8:55,fb,campaign_271,creative_645,0,0,1,0,0,32.57493349
10-04-26,10-04-26 8:55,fb,campaign_272,creative_646,0,0,8,0,0,45.96071708
10-04-26,10-04-26 8:55,fb,campaign_272,creative_639,0,0,10,0,0,47.49493041
10-04-26,10-04-26 8:55,fb,campaign_272,creative_645,0,0,1,0,0,37.091978
10-04-26,10-04-26 8:55,fb,campaign_272,creative_647,0,0,1,0,0,50.41488718
10-04-26,10-04-26 8:55,fb,campaign_272,creative_648,0,0,1,0,0,70.08750742
10-04-26,10-04-26 8:55,fb,campaign_272,creative_647,0,0,2,0,0,34.88096195
10-04-26,10-04-26 8:55,fb,campaign_272,creative_649,0,0,1,0,0,34.84238827
10-04-26,10-04-26 8:55,fb,campaign_272,creative_639,0,0,1,0,0,51.32697127
10-04-26,10-04-26 8:55,fb,campaign_272,creative_649,0,0,1,0,0,82.28029346
10-04-26,10-04-26 8:55,fb,campaign_272,creative_650,0,0,1,0,0,45.21781436
10-04-26,10-04-26 8:55,fb,campaign_272,creative_645,0,0,2,0,0,41.32330213
10-04-26,10-04-26 8:55,fb,campaign_272,creative_640,0,2,2,0,41.49491034,41.49491034
10-04-26,10-04-26 8:55,fb,campaign_272,creative_651,0,2,4,0,36.9736208,58.48677791
10-04-26,10-04-26 8:55,fb,campaign_272,creative_645,0,0,1,0,0,56.81281768
10-04-26,10-04-26 8:55,fb,campaign_273,creative_644,0,0,1,0,0,44.27750589
10-04-26,10-04-26 8:55,fb,campaign_273,creative_644,0,1,3,0,43.56388721,53.62568819
10-04-26,10-04-26 8:55,fb,campaign_273,creative_643,0,0,1,0,0,47.58813508
10-04-26,10-04-26 8:55,fb,campaign_273,creative_645,0,0,3,0,0,38.76670227
10-04-26,10-04-26 8:55,fb,campaign_273,creative_645,0,0,1,0,0,50.41488718
10-04-26,10-04-26 8:55,fb,campaign_273,creative_643,0,0,1,0,0,50.41488718
10-04-26,10-04-26 8:55,fb,campaign_273,creative_644,0,0,3,0,0,45.22405421
10-04-26,10-04-26 8:55,fb,campaign_273,creative_649,0,0,1,0,0,45.21781436
10-04-26,10-04-26 8:55,fb,campaign_273,creative_644,0,0,1,0,0,40.72885927
10-04-26,10-04-26 8:55,fb,campaign_274,creative_639,0,0,1,0,0,26.48040842
10-04-26,10-04-26 8:55,fb,campaign_275,creative_652,0,1,1,0,22.82047089,22.82047089
10-04-26,10-04-26 8:55,fb,campaign_275,creative_653,0,0,1,0,0,53.7277707
10-04-26,10-04-26 8:55,fb,campaign_275,creative_654,0,0,1,0,0,31.0478278
10-04-26,10-04-26 8:55,fb,campaign_275,creative_655,0,0,1,0,0,34.84238827
10-04-26,10-04-26 8:55,fb,campaign_276,creative_655,0,1,1,0,50.41488718,50.41488718
10-04-26,10-04-26 8:55,fb,campaign_276,creative_652,0,1,1,0,37.091978,37.091978
10-04-26,10-04-26 8:55,fb,campaign_276,creative_654,0,1,2,0,66.8078092,55.54265754
10-04-26,10-04-26 8:55,fb,campaign_276,creative_656,0,0,2,0,0,55.70413918
10-04-26,10-04-26 8:55,fb,campaign_276,creative_652,0,1,1,0,64.16082799,64.16082799
10-04-26,10-04-26 8:55,fb,campaign_276,creative_657,0,1,1,0,34.84238827,34.84238827
10-04-26,10-04-26 8:55,fb,campaign_276,creative_652,0,1,2,0,99.40679339,79.98625709
10-04-26,10-04-26 8:55,fb,campaign_276,creative_658,0,0,1,0,0,67.85887664
10-04-26,10-04-26 8:55,fb,campaign_276,creative_659,0,1,1,0,40.54910088,40.54910088
10-04-26,10-04-26 8:55,fb,campaign_277,creative_660,0,0,1,0,0,37.091978
10-04-26,10-04-26 8:55,fb,campaign_278,creative_661,0,1,1,0,26.48040842,26.48040842
10-04-26,10-04-26 8:55,fb,campaign_278,creative_662,0,0,1,0,0,44.68636874
10-04-26,10-04-26 8:55,fb,campaign_278,creative_663,0,1,1,0,32.57493349,32.57493349
10-04-26,10-04-26 8:55,fb,campaign_278,creative_664,0,0,1,0,0,37.0604592
10-04-26,10-04-26 8:55,fb,campaign_279,creative_665,0,0,3,0,0,46.80365705
10-04-26,10-04-26 8:55,fb,campaign_279,creative_666,0,0,1,0,0,75.1048189
10-04-26,10-04-26 8:55,fb,campaign_279,creative_667,0,0,1,0,0,22.36889197
10-04-26,10-04-26 8:55,fb,campaign_279,creative_668,0,1,7,0,57.54519972,44.47105394
10-04-26,10-04-26 8:55,fb,campaign_279,creative_669,0,0,4,0,0,42.9183531
10-04-26,10-04-26 8:55,fb,campaign_279,creative_670,0,0,1,0,0,67.8060767
10-04-26,10-04-26 8:55,fb,campaign_280,creative_671,0,0,1,0,0,44.48412475
10-04-26,10-04-26 8:55,fb,campaign_281,creative_672,0,0,2,0,0,47.44542924
10-04-26,10-04-26 8:55,fb,campaign_281,creative_652,0,1,4,0,47.63930871,42.11947142
10-04-26,10-04-26 8:55,fb,campaign_281,creative_655,2,3,7,0,65.58193542,60.87695446
10-04-26,10-04-26 8:55,fb,campaign_281,creative_673,0,3,4,0,53.65676323,67.51935746
10-04-26,10-04-26 8:55,fb,campaign_281,creative_659,0,1,1,0,37.091978,37.091978
10-04-26,10-04-26 8:55,fb,campaign_281,creative_656,1,2,3,0,45.24059163,44.68169016
10-04-26,10-04-26 8:55,fb,campaign_281,creative_674,0,1,3,0,33.63657349,37.25223561
10-04-26,10-04-26 8:55,fb,campaign_281,creative_658,0,1,2,0,43.56388721,71.4853403
10-04-26,10-04-26 8:55,fb,campaign_282,creative_675,1,1,9,0,63.78655445,40.56814023
10-04-26,10-04-26 8:55,fb,campaign_282,creative_675,0,0,1,0,0,43.11489404
10-04-26,10-04-26 8:55,fb,campaign_283,creative_651,0,0,1,0,0,35.89544235
10-04-26,10-04-26 8:55,fb,campaign_283,creative_645,0,0,1,0,0,46.59409143
10-04-26,10-04-26 8:55,fb,campaign_283,creative_645,0,0,1,0,0,38.20449696
10-04-26,10-04-26 8:55,fb,campaign_283,creative_640,0,1,2,0,52.23018399,39.21987186
10-04-26,10-04-26 8:55,fb,campaign_284,creative_644,0,0,4,0,0,52.74291896
10-04-26,10-04-26 8:55,fb,campaign_284,creative_644,0,1,9,0,67.8060767,54.94871207
10-04-26,10-04-26 8:55,fb,campaign_284,creative_644,0,0,1,0,0,83.7822412
10-04-26,10-04-26 8:55,fb,campaign_284,creative_644,0,1,3,0,50.41488718,48.13366348
10-04-26,10-04-26 8:55,fb,campaign_284,creative_644,0,4,5,0,39.86596575,38.86125025
10-04-26,10-04-26 8:55,fb,campaign_284,creative_640,0,1,1,0,47.58813508,47.58813508
10-04-26,10-04-26 8:55,fb,campaign_284,creative_643,0,1,1,0,71.3165444,71.3165444
10-04-26,10-04-26 8:55,fb,campaign_284,creative_644,0,2,2,0,39.78377015,39.78377015
10-04-26,10-04-26 8:55,fb,campaign_284,creative_644,0,0,1,0,0,33.09988374
10-04-26,10-04-26 8:55,fb,campaign_284,creative_676,0,0,1,0,0,34.84238827
10-04-26,10-04-26 8:55,fb,campaign_284,creative_644,0,1,1,0,40.04501185,40.04501185
10-04-26,10-04-26 8:55,fb,campaign_284,creative_640,0,0,1,0,0,47.58813508
10-04-26,10-04-26 8:55,fb,campaign_285,creative_639,1,0,0,0,0,0
10-04-26,10-04-26 8:55,fb,campaign_285,creative_649,0,0,1,0,0,69.01706904
10-04-26,10-04-26 8:55,fb,campaign_285,creative_646,0,1,5,0,50.41488718,43.46946722
10-04-26,10-04-26 8:55,fb,campaign_285,creative_647,0,0,1,0,0,60.56572078
10-04-26,10-04-26 8:55,fb,campaign_285,creative_646,0,0,2,0,0,57.4402158
10-04-26,10-04-26 8:55,fb,campaign_285,creative_639,1,3,3,0,54.50855222,54.50855222
10-04-26,10-04-26 8:55,fb,campaign_285,creative_676,0,1,1,0,44.48412475,44.48412475
10-04-26,10-04-26 8:55,fb,campaign_285,creative_639,0,1,1,0,34.16093069,34.16093069
10-04-26,10-04-26 8:55,fb,campaign_285,creative_648,0,1,1,0,45.67227219,45.67227219
10-04-26,10-04-26 8:55,fb,campaign_285,creative_639,0,0,1,0,0,41.59162324
10-04-26,10-04-26 8:55,fb,campaign_285,creative_651,0,0,1,0,0,74.34002917
10-04-26,10-04-26 8:55,fb,campaign_285,creative_648,0,0,1,0,0,27.70524614
10-04-26,10-04-26 8:55,fb,campaign_285,creative_676,0,1,3,0,32.81560702,51.99005164
10-04-26,10-04-26 8:55,fb,campaign_285,creative_640,0,1,4,0,50.41488718,56.10080273
10-04-26,10-04-26 8:55,fb,campaign_285,creative_639,1,12,12,0,61.15358359,61.15358359
10-04-26,10-04-26 8:55,fb,campaign_285,creative_639,0,6,12,0,50.81228418,51.96508668
10-04-26,10-04-26 8:55,fb,campaign_285,creative_651,0,0,6,0,0,45.0798841
10-04-26,10-04-26 8:55,fb,campaign_285,creative_646,0,2,4,0,21.56052547,25.56327716
10-04-26,10-04-26 8:55,fb,campaign_285,creative_676,0,2,2,0,39.19676429,39.19676429
10-04-26,10-04-26 8:55,fb,campaign_285,creative_640,0,0,2,0,0,47.74936553
10-04-26,10-04-26 8:55,fb,campaign_285,creative_639,0,1,1,0,49.98617309,49.98617309
10-04-26,10-04-26 8:55,fb,campaign_285,creative_639,1,1,2,0,98.79789877,65.68641613
10-04-26,10-04-26 8:55,fb,campaign_285,creative_646,0,0,1,0,0,71.3165444
10-04-26,10-04-26 8:55,fb,campaign_285,creative_645,0,1,1,0,47.58813508,47.58813508
10-04-26,10-04-26 8:55,fb,campaign_285,creative_640,0,1,6,0,47.58813508,68.55163359
10-04-26,10-04-26 8:55,fb,campaign_285,creative_646,0,2,3,0,46.56325063,47.84712948
10-04-26,10-04-26 8:55,fb,campaign_285,creative_648,0,0,2,0,0,35.38477386
10-04-26,10-04-26 8:55,fb,campaign_285,creative_647,0,0,1,0,0,50.41488718
10-04-26,10-04-26 8:55,fb,campaign_285,creative_651,0,0,2,0,0,44.58987916
10-04-26,10-04-26 8:55,fb,campaign_286,creative_677,0,0,3,0,0,44.66612049
10-04-26,10-04-26 8:55,fb,campaign_286,creative_678,0,1,2,0,29.56253314,36.33871359
10-04-26,10-04-26 8:55,fb,campaign_286,creative_679,0,0,3,0,0,30.42147585
10-04-26,10-04-26 8:55,fb,campaign_286,creative_644,0,1,7,0,41.52564716,39.68815548
10-04-26,10-04-26 8:55,fb,campaign_286,creative_543,0,1,2,0,62.20186448,60.86951878
10-04-26,10-04-26 8:55,fb,campaign_287,creative_543,0,2,4,0,56.2244946,47.94387555
10-04-26,10-04-26 8:55,fb,campaign_287,creative_644,0,0,2,0,0,52.78991464
10-04-26,10-04-26 8:55,fb,campaign_287,creative_677,0,0,1,0,0,34.84238827
10-04-26,10-04-26 8:55,fb,campaign_287,creative_644,0,1,5,0,50.41488718,43.6214827
10-04-26,10-04-26 8:55,fb,campaign_287,creative_644,0,0,1,0,0,44.27750589
10-04-26,10-04-26 8:55,fb,campaign_287,creative_677,0,2,5,0,33.53698956,39.23489127
10-04-26,10-04-26 8:55,fb,campaign_287,creative_680,0,0,3,0,0,69.01088456
10-04-26,10-04-26 8:55,fb,campaign_287,creative_680,0,0,1,0,0,35.38535
10-04-26,10-04-26 8:55,fb,campaign_287,creative_679,1,0,0,0,0,0
10-04-26,10-04-26 8:55,fb,campaign_287,creative_680,0,2,4,0,45.48138072,53.01416193
10-04-26,10-04-26 8:55,fb,campaign_287,creative_679,0,1,1,0,43.32352501,43.32352501
10-04-26,10-04-26 8:55,fb,campaign_287,creative_677,1,1,1,0,80.92566578,80.92566578
10-04-26,10-04-26 8:55,fb,campaign_287,creative_678,0,1,1,0,67.8060767,67.8060767
10-04-26,10-04-26 8:55,fb,campaign_287,creative_543,0,0,1,0,0,95.379372
10-04-26,10-04-26 8:55,fb,campaign_287,creative_680,0,1,5,0,50.41488718,58.29649744
10-04-26,10-04-26 8:55,fb,campaign_287,creative_677,1,0,3,0,0,84.03854383
10-04-26,10-04-26 8:55,fb,campaign_287,creative_681,0,1,3,0,28.9241689,34.43562003
10-04-26,10-04-26 8:55,fb,campaign_288,creative_682,1,0,0,0,0,0
10-04-26,10-04-26 8:55,fb,campaign_289,creative_644,0,1,2,0,34.84238827,39.20313774
10-04-26,10-04-26 8:55,fb,campaign_289,creative_680,0,0,1,0,0,81.45693905
10-04-26,10-04-26 8:55,fb,campaign_289,creative_543,0,1,2,0,43.56388721,61.07063547
10-04-26,10-04-26 8:55,fb,campaign_289,creative_677,0,0,4,0,0,45.67927919
10-04-26,10-04-26 8:55,fb,campaign_289,creative_677,0,1,3,0,60.56572078,47.89338332
10-04-26,10-04-26 8:55,fb,campaign_289,creative_644,0,0,1,0,0,34.84238827
10-04-26,10-04-26 8:55,fb,campaign_289,creative_680,0,0,3,0,0,41.61070801
10-04-26,10-04-26 8:55,fb,campaign_289,creative_677,0,0,1,0,0,34.52252316
10-04-26,10-04-26 8:55,fb,campaign_290,creative_683,0,0,1,0,0,47.58813508
10-04-26,10-04-26 8:55,fb,campaign_290,creative_678,0,0,1,0,0,33.09659413
10-04-26,10-04-26 8:55,fb,campaign_290,creative_644,0,1,1,0,52.23018399,52.23018399
10-04-26,10-04-26 8:55,fb,campaign_291,creative_684,0,0,1,0,0,43.56388721
10-04-26,10-04-26 8:55,fb,campaign_291,creative_685,0,0,1,0,0,37.26796398
10-04-26,10-04-26 8:55,fb,campaign_291,creative_686,0,2,3,0,64.84920368,61.05032248
10-04-26,10-04-26 8:55,fb,campaign_291,creative_687,0,2,4,0,30.31060409,28.93911493
10-04-26,10-04-26 8:55,fb,campaign_291,creative_688,0,1,1,0,68.17870337,68.17870337
10-04-26,10-04-26 8:55,fb,campaign_291,creative_689,0,0,1,0,0,63.6684391
10-04-26,10-04-26 8:55,fb,campaign_292,creative_690,0,1,1,0,54.92913097,54.92913097
10-04-26,10-04-26 8:55,fb,campaign_293,creative_691,0,0,1,0,0,43.37592292
10-04-26,10-04-26 8:55,fb,campaign_294,creative_692,0,1,2,0,17.81139494,29.91302447
10-04-26,10-04-26 8:55,fb,campaign_294,creative_692,0,0,1,0,0,32.57493349
10-04-26,10-04-26 8:55,fb,campaign_295,creative_693,0,1,3,0,41.13163458,41.46467627
10-04-26,10-04-26 8:55,fb,campaign_295,creative_694,0,0,1,0,0,17.05404207
10-04-26,10-04-26 8:55,fb,campaign_295,creative_695,0,1,1,0,26.50708084,26.50708084
10-04-26,10-04-26 8:55,fb,campaign_295,creative_696,0,1,2,0,35.25369705,33.09608129
10-04-26,10-04-26 8:55,fb,campaign_295,creative_697,0,0,1,0,0,35.25369705
10-04-26,10-04-26 8:55,fb,campaign_296,creative_698,0,0,2,0,0,53.64001632
10-04-26,10-04-26 8:55,fb,campaign_296,creative_699,0,0,1,0,0,38.26103427
10-04-26,10-04-26 8:55,fb,campaign_296,creative_693,0,1,1,0,50.41488718,50.41488718
10-04-26,10-04-26 8:55,fb,campaign_296,creative_700,0,0,1,0,0,34.84238827
10-04-26,10-04-26 8:55,fb,campaign_296,creative_701,0,0,1,0,0,50.41488718
10-04-26,10-04-26 8:55,fb,campaign_297,creative_644,0,0,1,0,0,43.4679631
10-04-26,10-04-26 8:55,fb,campaign_297,creative_678,0,0,2,0,0,33.60635646
10-04-26,10-04-26 8:55,fb,campaign_298,creative_702,0,1,2,0,34.84238827,42.62863772
10-04-26,10-04-26 8:55,fb,campaign_298,creative_703,0,1,1,0,71.3165444,71.3165444
10-04-26,10-04-26 8:55,fb,campaign_298,creative_704,0,1,2,0,71.3165444,53.44746923
10-04-26,10-04-26 8:55,fb,campaign_298,creative_705,1,0,0,0,0,0
10-04-26,10-04-26 8:55,fb,campaign_298,creative_705,0,3,7,0,51.9254571,47.99270382
10-04-26,10-04-26 8:55,fb,campaign_298,creative_704,0,1,2,0,50.41488718,56.24369452
10-04-26,10-04-26 8:55,fb,campaign_298,creative_705,0,3,8,0,43.11473284,56.56899849
10-04-26,10-04-26 8:55,fb,campaign_298,creative_704,0,1,1,0,111.630978,111.630978
10-04-26,10-04-26 8:55,fb,campaign_298,creative_703,0,1,2,0,63.6684391,47.81676592
10-04-26,10-04-26 8:55,fb,campaign_298,creative_705,0,0,2,0,0,39.20313774
10-04-26,10-04-26 8:55,fb,campaign_298,creative_706,0,0,3,0,0,47.66498404
10-04-26,10-04-26 8:55,fb,campaign_298,creative_702,0,0,1,0,0,43.56388721
10-04-26,10-04-26 8:55,fb,campaign_298,creative_705,0,0,2,0,0,45.6314274
10-04-26,10-04-26 8:55,fb,campaign_298,creative_706,1,1,3,0,34.91953563,55.53994028
10-04-26,10-04-26 8:55,fb,campaign_299,creative_707,1,0,5,0,0,34.68635312
10-04-26,10-04-26 8:55,fb,campaign_299,creative_708,0,1,2,0,27.92863761,25.49442197
10-04-26,10-04-26 8:55,fb,campaign_299,creative_709,0,0,1,0,0,36.63117875
10-04-26,10-04-26 8:55,fb,campaign_299,creative_466,0,0,5,0,0,42.87946114
10-04-26,10-04-26 8:55,fb,campaign_299,creative_710,0,0,5,0,0,37.62414219
10-04-26,10-04-26 8:55,fb,campaign_300,creative_711,0,0,2,0,0,64.32691175
10-04-26,10-04-26 8:55,fb,campaign_300,creative_712,0,1,13,0,36.63117875,37.49516134
10-04-26,10-04-26 8:55,fb,campaign_301,creative_713,0,0,2,0,0,46.80531143
10-04-26,10-04-26 8:55,fb,campaign_301,creative_714,0,0,1,0,0,28.83247326
10-04-26,10-04-26 8:55,fb,campaign_301,creative_715,0,0,2,0,0,44.80056422
10-04-26,10-04-26 8:55,fb,campaign_302,creative_716,0,1,2,0,36.0567657,42.32225848
10-04-26,10-04-26 8:55,fb,campaign_302,creative_717,0,13,13,0,38.83658348,38.83658348
10-04-26,10-04-26 8:55,fb,campaign_302,creative_718,0,5,10,0,35.41568309,34.49226956
10-04-26,10-04-26 8:55,fb,campaign_302,creative_719,0,1,1,0,27.92863761,27.92863761
10-04-26,10-04-26 8:55,fb,campaign_302,creative_720,0,1,9,0,34.91953563,36.06250009
10-04-26,10-04-26 8:55,fb,campaign_302,creative_721,0,1,3,0,23.06020634,45.25070363
10-04-26,10-04-26 8:55,fb,campaign_303,creative_722,0,0,1,0,0,34.00437413
10-04-26,10-04-26 8:55,fb,campaign_303,creative_723,0,0,5,0,0,30.70437584
10-04-26,10-04-26 8:55,fb,campaign_303,creative_724,0,0,5,0,0,28.74431594
10-04-26,10-04-26 8:55,fb,campaign_303,creative_725,0,0,3,0,0,30.34613593
10-04-26,10-04-26 8:55,fb,campaign_303,creative_726,0,0,2,0,0,60.11597008
10-04-26,10-04-26 8:55,fb,campaign_304,creative_727,0,0,9,0,0,40.08182477
10-04-26,10-04-26 8:55,fb,campaign_304,creative_728,0,0,1,0,0,47.95388822
10-04-26,10-04-26 8:55,fb,campaign_304,creative_729,0,1,1,0,23.06020634,23.06020634
10-04-26,10-04-26 8:55,fb,campaign_305,creative_466,0,1,6,0,25.40418421,36.56125969
10-04-26,10-04-26 8:55,fb,campaign_305,creative_710,0,7,8,0,36.17394229,39.55802346
10-04-26,10-04-26 8:55,fb,campaign_306,creative_502,0,1,4,0,27.18942901,45.65747113
10-04-26,10-04-26 8:55,fb,campaign_306,creative_710,0,0,1,0,0,41.4129607
10-04-26,10-04-26 8:55,fb,campaign_306,creative_730,0,2,2,0,39.36787569,39.36787569
10-04-26,10-04-26 8:55,fb,campaign_306,creative_731,0,0,1,0,0,35.73317211
10-04-26,10-04-26 8:55,fb,campaign_306,creative_732,0,1,1,0,28.83247326,28.83247326
10-04-26,10-04-26 8:55,fb,campaign_306,creative_466,0,1,10,0,23.06020634,33.1537451
10-04-26,10-04-26 8:55,fb,campaign_306,creative_709,1,4,7,0,54.00709177,51.04451453
10-04-26,10-04-26 8:55,fb,campaign_306,creative_708,0,2,3,0,53.82036609,48.09063698
10-04-26,10-04-26 8:55,fb,campaign_307,creative_731,0,0,1,0,0,47.95388822
10-04-26,10-04-26 8:55,fb,campaign_307,creative_502,0,0,1,0,0,44.38346523
10-04-26,10-04-26 8:55,fb,campaign_307,creative_709,0,0,1,0,0,64.77242888
10-04-26,10-04-26 8:55,fb,campaign_307,creative_708,0,0,1,0,0,53.48313552
10-04-26,10-04-26 8:55,fb,campaign_307,creative_466,0,0,1,0,0,47.92143578
10-04-26,10-04-26 8:55,fb,campaign_308,creative_456,0,1,1,0,53.94661656,53.94661656
10-04-26,10-04-26 8:55,fb,campaign_308,creative_463,0,0,1,0,0,66.31772201
10-04-26,10-04-26 8:55,fb,campaign_309,creative_733,0,5,6,0,41.06415949,39.02554512
10-04-26,10-04-26 8:55,fb,campaign_309,creative_734,0,0,1,0,0,36.63117875
10-04-26,10-04-26 8:55,fb,campaign_309,creative_735,0,1,6,0,36.00203371,42.43263672
10-04-26,10-04-26 8:55,fb,campaign_309,creative_736,1,1,7,0,30.29722126,35.83100793
10-04-26,10-04-26 8:55,fb,campaign_310,creative_737,1,0,0,0,0,0
10-04-26,10-04-26 8:55,fb,campaign_310,creative_733,0,1,1,0,98.22199221,98.22199221
10-04-26,10-04-26 8:55,fb,campaign_310,creative_735,0,0,2,0,0,46.72778011
10-04-26,10-04-26 8:55,fb,campaign_311,creative_735,1,9,18,0,42.05712249,43.05146043
10-04-26,10-04-26 8:55,fb,campaign_311,creative_738,0,0,1,0,0,47.03592819
10-04-26,10-04-26 8:55,fb,campaign_311,creative_739,0,1,1,0,53.94661656,53.94661656
10-04-26,10-04-26 8:55,fb,campaign_311,creative_740,0,1,1,0,47.92143578,47.92143578
10-04-26,10-04-26 8:55,fb,campaign_311,creative_736,0,8,15,0,37.00762962,38.23004056
10-04-26,10-04-26 8:55,fb,campaign_311,creative_737,0,1,1,0,24.83280077,24.83280077
10-04-26,10-04-26 8:55,fb,campaign_311,creative_733,0,0,5,0,0,24.21580387
10-04-26,10-04-26 8:55,fb,campaign_312,creative_741,0,1,1,0,18.56546656,18.56546656
10-04-26,10-04-26 8:55,fb,campaign_313,creative_742,0,1,2,0,18.81617337,18.91503014
10-04-26,10-04-26 8:55,fb,campaign_314,creative_510,0,1,2,0,34.4267,34.21553706
10-04-26,10-04-26 8:55,fb,campaign_314,creative_502,0,1,4,0,77.72960388,46.4737437
10-04-26,10-04-26 8:55,fb,campaign_314,creative_503,0,5,10,0,42.99183393,36.54646741
10-04-26,10-04-26 8:55,fb,campaign_314,creative_743,0,1,1,0,64.77242888,64.77242888
10-04-26,10-04-26 8:55,fb,campaign_314,creative_744,0,2,4,0,59.2990711,55.2079607
10-04-26,10-04-26 8:55,fb,campaign_314,creative_509,0,1,4,0,71.54066362,44.64384009
10-04-26,10-04-26 8:55,fb,campaign_315,creative_497,1,5,6,0,34.42369697,35.17998853
10-04-26,10-04-26 8:55,fb,campaign_315,creative_498,0,2,3,0,35.60995379,34.73418904
10-04-26,10-04-26 8:55,fb,campaign_315,creative_502,0,1,3,0,37.65659003,51.80195724
10-04-26,10-04-26 8:55,fb,campaign_315,creative_513,0,2,7,0,51.11509359,52.76113543
10-04-26,10-04-26 8:55,fb,campaign_315,creative_512,0,2,3,0,40.48805016,61.99156489
10-04-26,10-04-26 8:55,fb,campaign_315,creative_745,0,1,4,0,44.62857828,41.91009663
10-04-26,10-04-26 8:55,fb,campaign_315,creative_746,0,2,5,0,42.97003537,44.25559393
10-04-26,10-04-26 8:55,fb,campaign_315,creative_747,0,0,1,0,0,28.28505248
10-04-26,10-04-26 8:55,fb,campaign_316,creative_748,0,1,1,0,81.84901251,81.84901251
10-04-26,10-04-26 8:55,fb,campaign_316,creative_749,0,3,6,0,34.7233778,35.47451838
10-04-26,10-04-26 8:55,fb,campaign_316,creative_463,0,2,2,0,40.46396895,40.46396895
10-04-26,10-04-26 8:55,fb,campaign_316,creative_750,0,2,3,0,40.05163711,37.69531126
10-04-26,10-04-26 8:55,fb,campaign_316,creative_751,0,2,2,0,64.69167459,64.69167459
10-04-26,10-04-26 8:55,fb,campaign_317,creative_752,0,2,4,0,47.29975937,39.65890832
10-04-26,10-04-26 8:55,fb,campaign_317,creative_753,0,0,4,0,0,42.94739535
10-04-26,10-04-26 8:55,fb,campaign_317,creative_754,0,1,10,0,23.97964375,37.59719159
10-04-26,10-04-26 8:55,fb,campaign_318,creative_755,0,0,1,0,0,34.33165416
10-04-26,10-04-26 8:55,fb,campaign_318,creative_756,0,0,1,0,0,39.14000746
10-04-26,10-04-26 8:55,fb,campaign_318,creative_757,0,1,6,0,74.06701829,44.7072315
10-04-26,10-04-26 8:55,fb,campaign_318,creative_758,0,0,1,0,0,47.95388822
10-04-26,10-04-26 8:55,fb,campaign_318,creative_753,1,1,3,0,29.94440302,39.52268273
10-04-26,10-04-26 8:55,fb,campaign_318,creative_752,0,0,5,0,0,49.45958636
10-04-26,10-04-26 8:55,fb,campaign_319,creative_759,0,0,1,0,0,45.95877994
10-04-26,10-04-26 8:55,fb,campaign_320,creative_760,0,0,1,0,0,27.68208155
10-04-26,10-04-26 8:55,fb,campaign_320,creative_761,0,0,1,0,0,29.98205771
10-04-26,10-04-26 8:55,fb,campaign_320,creative_745,0,1,1,0,42.01465401,42.01465401
10-04-26,10-04-26 8:55,fb,campaign_320,creative_762,0,0,1,0,0,26.30113293
10-04-26,10-04-26 8:55,fb,campaign_320,creative_763,0,0,2,0,0,44.2885708
10-04-26,10-04-26 8:55,fb,campaign_320,creative_764,0,0,3,0,0,41.50704654
10-04-26,10-04-26 8:55,fb,campaign_321,creative_745,0,0,1,0,0,15.93142686
10-04-26,10-04-26 8:55,fb,campaign_321,creative_761,0,1,2,0,23.97964375,23.30101153
10-04-26,10-04-26 8:55,fb,campaign_321,creative_765,0,0,1,0,0,39.14000746
10-04-26,10-04-26 8:55,fb,campaign_321,creative_760,0,1,1,0,34.33165416,34.33165416
10-04-26,10-04-26 8:55,fb,campaign_321,creative_734,0,2,2,0,64.95678605,64.95678605
10-04-26,10-04-26 8:55,fb,campaign_321,creative_765,2,7,12,0,37.96853075,40.23325181
10-04-26,10-04-26 8:55,fb,campaign_321,creative_762,1,2,5,0,43.41029217,40.08983343
10-04-26,10-04-26 8:55,fb,campaign_321,creative_766,0,0,4,0,0,36.69240471
10-04-26,10-04-26 8:55,fb,campaign_321,creative_764,0,3,5,0,34.83537539,37.69372362
10-04-26,10-04-26 8:55,fb,campaign_321,creative_767,0,1,1,0,55.45951128,55.45951128
10-04-26,10-04-26 8:55,fb,campaign_322,creative_768,0,0,1,0,0,44.79656262
10-04-26,10-04-26 8:55,fb,campaign_323,creative_769,0,0,1,0,0,73.96956391
10-04-26,10-04-26 8:55,fb,campaign_324,creative_770,0,0,3,0,0,69.12727509
10-04-26,10-04-26 8:55,fb,campaign_324,creative_771,0,0,1,0,0,62.66994468
10-04-26,10-04-26 8:55,fb,campaign_324,creative_234,0,0,4,0,0,58.17650628
10-04-26,10-04-26 8:55,fb,campaign_324,creative_229,0,8,15,0,60.81825708,64.05279635
10-04-26,10-04-26 8:55,fb,campaign_324,creative_234,0,1,2,0,70.1596125,66.41477859
10-04-26,10-04-26 8:55,fb,campaign_324,creative_771,0,0,1,0,0,22.82047089
10-04-26,10-04-26 8:55,fb,campaign_324,creative_235,0,4,6,0,68.78597829,69.8751827
10-04-26,10-04-26 8:55,fb,campaign_324,creative_229,0,0,4,0,0,60.79501249
10-04-26,10-04-26 8:55,fb,campaign_324,creative_235,0,0,2,0,0,59.24135802
10-04-26,10-04-26 8:55,fb,campaign_324,creative_772,0,0,1,0,0,52.5105398
10-04-26,10-04-26 8:55,fb,campaign_324,creative_770,0,0,1,0,0,54.59049868
10-04-26,10-04-26 8:55,fb,campaign_324,creative_236,0,0,2,0,0,70.71722972
10-04-26,10-04-26 8:55,fb,campaign_324,creative_236,0,8,28,0,56.58412103,63.77443861
10-04-26,10-04-26 8:55,fb,campaign_324,creative_235,0,5,9,0,63.64791518,64.55834344
10-04-26,10-04-26 8:55,fb,campaign_324,creative_236,0,2,5,0,56.91592835,61.96267861
10-04-26,10-04-26 8:55,fb,campaign_325,creative_773,0,0,4,0,0,42.54164786
10-04-26,10-04-26 8:55,fb,campaign_325,creative_774,0,0,3,0,0,51.25536895
10-04-26,10-04-26 8:55,fb,campaign_325,creative_775,0,0,1,0,0,37.65659003
10-04-26,10-04-26 8:55,fb,campaign_325,creative_776,0,0,1,0,0,37.65659003
10-04-26,10-04-26 8:55,fb,campaign_325,creative_777,0,1,2,0,55.45951128,53.18072672
10-04-26,10-04-26 8:55,fb,campaign_325,creative_778,0,1,1,0,30.30517189,30.30517189
10-04-26,10-04-26 8:55,fb,campaign_325,creative_779,0,0,1,0,0,29.8845855
10-04-26,10-04-26 8:55,fb,campaign_326,creative_780,0,0,1,0,0,22.82047089
10-04-26,10-04-26 8:55,fb,campaign_327,creative_781,0,1,1,0,19.01388692,19.01388692
10-04-26,10-04-26 8:55,fb,campaign_327,creative_710,1,7,15,0,31.43858474,30.39323619
10-04-26,10-04-26 8:55,fb,campaign_327,creative_782,0,0,1,0,0,20.64481345
10-04-26,10-04-26 8:55,fb,campaign_327,creative_783,0,1,1,0,19.01388692,19.01388692
10-04-26,10-04-26 8:55,fb,campaign_327,creative_513,0,1,3,0,22.82047089,32.85588593
10-04-26,10-04-26 8:55,fb,campaign_327,creative_748,0,0,1,0,0,18.17821127
10-04-26,10-04-26 8:55,fb,campaign_327,creative_784,0,3,18,0,30.91439985,32.01178966
10-04-26,10-04-26 8:55,fb,campaign_327,creative_783,0,1,4,0,52.92671601,34.88940911
10-04-26,10-04-26 8:55,fb,campaign_327,creative_785,0,2,6,0,20.9171789,28.79402266
10-04-26,10-04-26 8:55,fb,campaign_327,creative_748,0,2,4,0,33.50691886,26.96130436
10-04-26,10-04-26 8:55,fb,campaign_327,creative_785,3,7,8,0,37.65678854,35.67687657
10-04-26,10-04-26 8:55,fb,campaign_327,creative_748,0,6,13,0,25.51473599,26.96580394
10-04-26,10-04-26 8:55,fb,campaign_327,creative_786,0,1,2,0,22.82047089,22.82047089
10-04-26,10-04-26 8:55,fb,campaign_327,creative_784,0,1,8,0,18.17821127,28.04732502
10-04-26,10-04-26 8:55,fb,campaign_327,creative_787,0,3,8,0,19.72563114,23.37987199
10-04-26,10-04-26 8:55,fb,campaign_327,creative_788,0,0,1,0,0,37.30529708
10-04-26,10-04-26 8:55,fb,campaign_327,creative_748,0,3,8,0,31.95926635,32.88236955
10-04-26,10-04-26 8:55,fb,campaign_327,creative_785,0,1,4,0,22.82047089,34.17951091
10-04-26,10-04-26 8:55,fb,campaign_327,creative_513,1,3,5,0,29.68617266,26.73929633
10-04-26,10-04-26 8:55,fb,campaign_327,creative_786,0,1,2,0,19.01388692,18.5960491
10-04-26,10-04-26 8:55,fb,campaign_327,creative_513,0,1,1,0,37.30529708,37.30529708
10-04-26,10-04-26 8:55,fb,campaign_328,creative_503,0,0,1,0,0,22.82047089
10-04-26,10-04-26 8:55,fb,campaign_328,creative_498,0,1,1,0,19.01388692,19.01388692
10-04-26,10-04-26 8:55,fb,campaign_328,creative_509,0,1,2,0,19.01388692,20.9171789
10-04-26,10-04-26 8:55,fb,campaign_328,creative_454,0,1,4,0,15.67752894,27.3255025
10-04-26,10-04-26 8:55,fb,campaign_329,creative_509,0,0,1,0,0,67.76208788
10-04-26,10-04-26 8:55,fb,campaign_329,creative_454,0,0,1,0,0,25.77881991
10-04-26,10-04-26 8:55,fb,campaign_329,creative_501,0,0,3,0,0,55.70970569
10-04-26,10-04-26 8:55,fb,campaign_330,creative_784,0,1,2,0,22.82047089,20.9171789
10-04-26,10-04-26 8:55,fb,campaign_330,creative_499,0,1,1,0,22.82047089,22.82047089
10-04-26,10-04-26 8:55,fb,campaign_331,creative_784,0,3,11,0,62.53131425,61.78733445
10-04-26,10-04-26 8:55,fb,campaign_331,creative_513,2,1,1,0,41.99791922,41.99791922
10-04-26,10-04-26 8:55,fb,campaign_331,creative_499,0,0,1,0,0,62.77945596
10-04-26,10-04-26 8:55,fb,campaign_331,creative_463,0,0,1,0,0,59.24135802
10-04-26,10-04-26 8:55,fb,campaign_331,creative_746,0,1,1,0,68.67860055,68.67860055
10-04-26,10-04-26 8:55,fb,campaign_332,creative_789,0,1,4,0,20.64481345,35.01299256
10-04-26,10-04-26 8:55,fb,campaign_332,creative_780,0,1,3,0,21.81749281,19.94842222
10-04-26,10-04-26 8:55,fb,campaign_332,creative_497,0,0,2,0,0,19.01388692
10-04-26,10-04-26 8:55,fb,campaign_332,creative_510,0,1,4,0,28.93275,31.68584319
10-04-26,10-04-26 8:55,fb,campaign_332,creative_508,0,0,1,0,0,21.81749281
10-04-26,10-04-26 8:55,fb,campaign_332,creative_790,0,4,14,0,25.91022255,27.53703191
10-04-26,10-04-26 8:55,fb,campaign_332,creative_746,0,5,13,0,24.02766741,34.04683606
10-04-26,10-04-26 8:55,fb,campaign_333,creative_791,0,0,1,0,0,40.0261169
10-04-26,10-04-26 8:55,fb,campaign_334,creative_515,0,0,1,0,0,19.01388692
10-04-26,10-04-26 8:55,fb,campaign_334,creative_511,1,2,2,0,22.82047089,22.82047089
10-04-26,10-04-26 8:55,fb,campaign_334,creative_743,0,5,11,0,29.45473477,35.15954537
10-04-26,10-04-26 8:55,fb,campaign_334,creative_515,0,3,7,0,37.1281805,31.9928036
10-04-26,10-04-26 8:55,fb,campaign_334,creative_792,0,0,1,0,0,19.01388692
10-04-26,10-04-26 8:55,fb,campaign_334,creative_793,0,1,1,0,19.01388692,19.01388692
10-04-26,10-04-26 8:55,fb,campaign_334,creative_497,0,1,5,0,44.79656262,32.24830292
10-04-26,10-04-26 8:55,fb,campaign_334,creative_792,0,0,1,0,0,22.82047089
10-04-26,10-04-26 8:55,fb,campaign_334,creative_794,2,3,6,0,22.60618064,22.50941268
10-04-26,10-04-26 8:55,fb,campaign_334,creative_501,0,0,1,0,0,22.82047089
10-04-26,10-04-26 8:55,fb,campaign_335,creative_454,0,0,1,0,0,44.40720421
10-04-26,10-04-26 8:55,fb,campaign_336,creative_795,0,1,1,0,55.45951128,55.45951128
10-04-26,10-04-26 8:55,fb,campaign_336,creative_796,0,2,7,0,29.06790171,43.58326126
10-04-26,10-04-26 8:55,fb,campaign_336,creative_797,2,6,11,0,37.38350584,38.95367048
10-04-26,10-04-26 8:55,fb,campaign_336,creative_798,0,5,36,0,36.89202361,38.57105234
10-04-26,10-04-26 8:55,fb,campaign_336,creative_799,1,1,3,0,35.73317211,34.32233005
10-04-26,10-04-26 8:55,fb,campaign_336,creative_454,0,0,2,0,0,35.04806726
10-04-26,10-04-26 8:55,fb,campaign_336,creative_800,0,4,8,0,55.32032183,47.5395797
10-04-26,10-04-26 8:55,fb,campaign_336,creative_799,0,4,12,0,33.77554031,36.1004307
10-04-26,10-04-26 8:55,fb,campaign_336,creative_801,0,5,14,0,40.0165292,35.29268086
10-04-26,10-04-26 8:55,fb,campaign_336,creative_802,0,2,3,0,35.07993605,31.77021876
10-04-26,10-04-26 8:55,fb,campaign_336,creative_798,0,2,8,0,53.48358529,43.39728204
10-04-26,10-04-26 8:55,fb,campaign_337,creative_456,0,1,1,0,34.63356537,34.63356537
10-04-26,10-04-26 8:55,fb,campaign_338,creative_803,0,1,2,0,44.79656262,31.90522477
10-04-26,10-04-26 8:55,fb,campaign_338,creative_746,0,7,15,0,26.74501107,25.73371449
10-04-26,10-04-26 8:55,fb,campaign_338,creative_804,0,0,1,0,0,59.24135802
10-04-26,10-04-26 8:55,fb,campaign_338,creative_805,0,2,2,0,31.48738695,31.48738695
10-04-26,10-04-26 8:55,fb,campaign_339,creative_502,0,0,1,0,0,31.04877093
10-04-26,10-04-26 8:55,fb,campaign_339,creative_512,0,0,1,0,0,28.28505248
10-04-26,10-04-26 8:55,fb,campaign_340,creative_806,0,0,1,0,0,19.01388692
10-04-26,10-04-26 8:55,fb,campaign_340,creative_807,0,0,1,0,0,19.01388692
10-04-26,10-04-26 8:55,fb,campaign_341,creative_808,0,0,1,0,0,18.17821127
10-04-26,10-04-26 8:55,fb,campaign_342,creative_809,0,1,1,0,42.78444693,42.78444693
10-04-26,10-04-26 8:55,fb,campaign_343,creative_810,0,0,4,0,0,59.04611081
10-04-26,10-04-26 8:55,fb,campaign_343,creative_811,0,0,1,0,0,86.28371372
10-04-26,10-04-26 8:55,fb,campaign_344,creative_812,0,0,1,0,0,58.46296265
10-04-26,10-04-26 8:55,fb,campaign_345,creative_812,1,0,0,0,0,0
10-04-26,10-04-26 8:55,fb,campaign_345,creative_812,0,1,4,0,68.67860055,61.49007952
10-04-26,10-04-26 8:55,fb,campaign_345,creative_813,0,0,1,0,0,59.24135802
10-04-26,10-04-26 8:55,fb,campaign_345,creative_814,1,0,0,0,0,0
10-04-26,10-04-26 8:55,fb,campaign_345,creative_813,0,0,1,0,0,86.42536998
10-04-26,10-04-26 8:55,fb,campaign_345,creative_815,0,0,1,0,0,73.76208605
10-04-26,10-04-26 8:55,fb,campaign_345,creative_814,0,0,4,0,0,54.64051523
10-04-26,10-04-26 8:55,fb,campaign_345,creative_812,0,1,3,0,59.24135802,54.93706382
10-04-26,10-04-26 8:55,fb,campaign_345,creative_814,0,3,8,0,61.3758434,65.66738039
10-04-26,10-04-26 8:55,fb,campaign_346,creative_816,0,2,3,0,26.78810806,27.09204492
10-04-26,10-04-26 8:55,fb,campaign_346,creative_817,0,1,2,0,33.86339866,28.4618025
10-04-26,10-04-26 8:55,fb,campaign_346,creative_818,0,1,2,0,34.63356537,28.84688585
10-04-26,10-04-26 8:55,fb,campaign_346,creative_512,0,3,4,0,50.27272736,43.15930357
10-04-26,10-04-26 8:55,fb,campaign_346,creative_819,0,1,2,0,98.22199221,73.40976024
10-04-26,10-04-26 8:55,fb,campaign_346,creative_497,0,2,4,0,53.33688634,51.04525787
10-04-26,10-04-26 8:55,fb,campaign_346,creative_809,0,0,5,0,0,31.47876264
10-04-26,10-04-26 8:55,fb,campaign_346,creative_804,0,0,5,0,0,28.27721634
10-04-26,10-04-26 8:55,fb,campaign_347,creative_497,0,0,1,0,0,44.79656262
10-04-26,10-04-26 8:55,fb,campaign_347,creative_512,0,0,2,0,0,22.82047089
10-04-26,10-04-26 8:55,fb,campaign_347,creative_820,0,0,1,0,0,22.82047089
10-04-26,10-04-26 8:55,fb,campaign_347,creative_816,0,0,1,0,0,44.79656262
10-04-26,10-04-26 8:55,fb,campaign_347,creative_794,0,0,2,0,0,37.87359345
10-04-26,10-04-26 8:55,fb,campaign_347,creative_804,0,0,5,0,0,30.97736836
10-04-26,10-04-26 8:55,fb,campaign_348,creative_463,0,2,5,0,28.23208981,27.89361469
10-04-26,10-04-26 8:55,fb,campaign_348,creative_821,0,2,12,0,41.79525587,38.91759491
10-04-26,10-04-26 8:55,fb,campaign_348,creative_822,0,3,6,0,31.52739985,34.00418023
10-04-26,10-04-26 8:55,fb,campaign_349,creative_821,0,1,7,0,19.01388692,24.77333263
10-04-26,10-04-26 8:55,fb,campaign_349,creative_822,0,1,2,0,37.30529708,30.06288398
10-04-26,10-04-26 8:55,fb,campaign_349,creative_463,0,3,8,0,32.85588593,27.81407235
10-04-26,10-04-26 8:55,fb,campaign_349,creative_498,0,0,1,0,0,22.82047089
10-04-26,10-04-26 8:55,fb,campaign_350,creative_823,0,0,1,0,0,74.44705247
10-04-26,10-04-26 8:55,fb,campaign_350,creative_824,0,1,3,0,31.98584054,41.86358089
10-04-26,10-04-26 8:55,fb,campaign_350,creative_825,0,1,1,0,44.30905138,44.30905138
10-04-26,10-04-26 8:55,fb,campaign_350,creative_826,0,0,1,0,0,41.4129607
10-04-26,10-04-26 8:55,fb,campaign_350,creative_827,0,1,1,0,28.83247326,28.83247326
10-04-26,10-04-26 8:55,fb,campaign_350,creative_828,0,9,11,0,30.5021948,30.09564956
10-04-26,10-04-26 8:55,fb,campaign_350,creative_829,0,1,1,0,21.80010763,21.80010763
10-04-26,10-04-26 8:55,fb,campaign_351,creative_829,0,0,1,0,0,33.68026151
10-04-26,10-04-26 8:55,fb,campaign_351,creative_828,1,7,7,0,32.40780442,32.40780442
10-04-26,10-04-26 8:55,fb,campaign_351,creative_823,0,2,3,0,31.90522477,36.20233739
10-04-26,10-04-26 8:55,fb,campaign_352,creative_830,1,0,0,0,0,0
10-04-26,10-04-26 8:55,fb,campaign_352,creative_831,0,1,1,0,37.30529708,37.30529708
10-04-26,10-04-26 8:55,fb,campaign_353,creative_832,0,0,1,0,0,47.92143578
10-04-26,10-04-26 8:55,fb,campaign_353,creative_833,0,0,5,0,0,43.31819482
10-04-26,10-04-26 8:55,fb,campaign_353,creative_834,2,6,18,0,44.35906567,40.32965239
10-04-26,10-04-26 8:55,fb,campaign_353,creative_835,0,1,4,0,46.81572599,32.71504925
10-04-26,10-04-26 8:55,fb,campaign_353,creative_836,0,0,1,0,0,23.06020634
10-04-26,10-04-26 8:55,fb,campaign_353,creative_837,1,2,3,0,33.84439231,31.59090803
10-04-26,10-04-26 8:55,fb,campaign_353,creative_838,0,0,5,0,0,44.60533025
10-04-26,10-04-26 8:55,fb,campaign_353,creative_839,0,0,1,0,0,67.76208788
10-04-26,10-04-26 8:55,fb,campaign_354,creative_833,0,3,6,0,38.08733607,32.67813346
10-04-26,10-04-26 8:55,fb,campaign_354,creative_835,0,1,1,0,28.83247326,28.83247326
10-04-26,10-04-26 8:55,fb,campaign_354,creative_834,0,0,5,0,0,35.30153649
10-04-26,10-04-26 8:55,fb,campaign_354,creative_840,0,0,1,0,0,63.88139463
10-04-26,10-04-26 8:55,fb,campaign_354,creative_838,0,3,6,0,46.06791227,50.52487527
10-04-26,10-04-26 8:55,fb,campaign_354,creative_841,0,0,1,0,0,36.17135614
10-04-26,10-04-26 8:55,fb,campaign_354,creative_837,0,0,1,0,0,81.84901251
10-04-26,10-04-26 8:55,fb,campaign_354,creative_836,0,1,1,0,23.06020634,23.06020634
10-04-26,10-04-26 8:55,fb,campaign_355,creative_842,0,0,1,0,0,39.06706976
10-04-26,10-04-26 8:55,fb,campaign_356,creative_843,0,0,1,0,0,52.92671601
10-04-26,10-04-26 8:55,fb,campaign_357,creative_844,0,0,1,0,0,54.59049868
10-04-26,10-04-26 8:55,fb,campaign_357,creative_844,0,1,1,0,74.07023362,74.07023362
10-04-26,10-04-26 8:55,fb,campaign_357,creative_845,0,0,1,0,0,59.24135802
10-04-26,10-04-26 8:55,fb,campaign_357,creative_236,0,1,6,0,59.24135802,63.70439004
10-04-26,10-04-26 8:55,fb,campaign_357,creative_234,3,5,10,0,61.2693961,64.33443855
10-04-26,10-04-26 8:55,fb,campaign_357,creative_236,0,3,9,0,68.16742206,65.16993766
10-04-26,10-04-26 8:55,fb,campaign_357,creative_846,1,1,1,0,27.69991865,27.69991865
10-04-26,10-04-26 8:55,fb,campaign_357,creative_847,0,2,4,0,71.26666318,70.88870003
10-04-26,10-04-26 8:55,fb,campaign_357,creative_846,0,3,8,0,64.18431656,64.23429692
10-04-26,10-04-26 8:55,fb,campaign_357,creative_232,0,0,5,0,0,68.05686708
10-04-26,10-04-26 8:55,fb,campaign_357,creative_847,0,0,1,0,0,59.24135802
10-04-26,10-04-26 8:55,fb,campaign_357,creative_848,0,1,2,0,62.66994468,65.67427262
10-04-26,10-04-26 8:55,fb,campaign_357,creative_236,0,4,12,0,62.58440698,65.3704031
10-04-26,10-04-26 8:55,fb,campaign_357,creative_234,2,5,15,0,59.6357394,63.00434494
10-04-26,10-04-26 8:55,fb,campaign_357,creative_849,0,1,1,0,59.24135802,59.24135802
10-04-26,10-04-26 8:55,fb,campaign_357,creative_845,3,3,9,0,65.1308433,67.7858821
10-04-26,10-04-26 8:55,fb,campaign_357,creative_844,0,1,2,0,74.07023362,68.37008915
10-04-26,10-04-26 8:55,fb,campaign_357,creative_232,0,0,2,0,0,64.12552749
10-04-26,10-04-26 8:55,fb,campaign_358,creative_850,0,0,1,0,0,43.62782671
10-04-26,10-04-26 8:55,fb,campaign_358,creative_851,0,7,14,0,38.0873142,41.06529208
10-04-26,10-04-26 8:55,fb,campaign_358,creative_852,0,1,1,0,38.96144631,38.96144631
10-04-26,10-04-26 8:55,fb,campaign_358,creative_853,0,3,3,0,36.27348393,36.27348393
10-04-26,10-04-26 8:55,fb,campaign_358,creative_854,0,0,1,0,0,26.0310802
10-04-26,10-04-26 8:55,fb,campaign_358,creative_855,0,0,1,0,0,28.83819399
10-04-26,10-04-26 8:55,fb,campaign_358,creative_856,0,0,7,0,0,39.68887373
10-04-26,10-04-26 8:55,fb,campaign_359,creative_853,0,1,1,0,54.32099854,54.32099854
10-04-26,10-04-26 8:55,fb,campaign_359,creative_851,0,0,3,0,0,29.54124052
10-04-26,10-04-26 8:55,fb,campaign_359,creative_857,0,1,6,0,98.22199221,48.28247888
10-04-26,10-04-26 8:55,fb,campaign_359,creative_855,0,2,2,0,56.27048457,56.27048457
10-04-26,10-04-26 8:55,fb,campaign_359,creative_856,0,8,21,0,38.6549304,40.75418461
10-04-26,10-04-26 8:55,fb,campaign_360,creative_857,0,1,4,0,15.67752894,29.55975636
10-04-26,10-04-26 8:55,fb,campaign_360,creative_852,0,0,4,0,0,28.19299567
10-04-26,10-04-26 8:55,fb,campaign_360,creative_851,0,0,3,0,0,27.00386367
10-04-26,10-04-26 8:55,fb,campaign_360,creative_853,0,0,1,0,0,19.01388692
10-04-26,10-04-26 8:55,fb,campaign_360,creative_856,0,0,6,0,0,26.10785546
10-04-26,10-04-26 8:55,fb,campaign_360,creative_855,0,0,1,0,0,28.93275
10-04-26,10-04-26 8:55,fb,campaign_361,creative_858,0,1,1,0,40.74326015,40.74326015
10-04-26,10-04-26 8:55,fb,campaign_361,creative_857,0,7,12,0,56.15918604,54.54697048
10-04-26,10-04-26 8:55,fb,campaign_361,creative_855,0,0,1,0,0,82.19310141
10-04-26,10-04-26 8:55,fb,campaign_361,creative_856,0,2,2,0,68.37008915,68.37008915
10-04-26,10-04-26 8:55,fb,campaign_361,creative_852,0,0,4,0,0,70.87071906
10-04-26,10-04-26 8:55,fb,campaign_361,creative_851,0,0,1,0,0,74.07023362
10-04-26,10-04-26 8:55,fb,campaign_362,creative_859,0,0,1,0,0,23.06020634
10-04-26,10-04-26 8:55,fb,campaign_363,creative_860,0,1,1,0,33.86339866,33.86339866
10-04-26,10-04-26 8:55,fb,campaign_364,creative_508,0,1,2,0,22.82047089,33.46207095
10-04-26,10-04-26 8:55,fb,campaign_364,creative_861,0,0,1,0,0,18.17821127
10-04-26,10-04-26 8:55,fb,campaign_364,creative_862,0,0,1,0,0,18.17821127
10-04-26,10-04-26 8:55,fb,campaign_364,creative_863,0,2,4,0,31.6309024,32.54648668
10-04-26,10-04-26 8:55,fb,campaign_364,creative_859,0,2,7,0,33.80851675,26.49930037
10-04-26,10-04-26 8:55,fb,campaign_364,creative_860,0,0,2,0,0,41.14259319
10-04-26,10-04-26 8:55,fb,campaign_364,creative_859,0,1,2,0,37.30529708,41.05092985
10-04-26,10-04-26 8:55,fb,campaign_364,creative_864,0,0,1,0,0,22.82047089
10-04-26,10-04-26 8:55,fb,campaign_364,creative_862,0,0,1,0,0,44.79656262
10-04-26,10-04-26 8:55,fb,campaign_364,creative_865,1,7,14,0,25.07583421,27.88725335
10-04-26,10-04-26 8:55,fb,campaign_364,creative_866,0,0,1,0,0,37.30529708
10-04-26,10-04-26 8:55,fb,campaign_364,creative_824,0,2,12,0,19.01388692,28.90010556
10-04-26,10-04-26 8:55,fb,campaign_364,creative_866,0,0,2,0,0,27.74175418
10-04-26,10-04-26 8:55,fb,campaign_364,creative_824,0,1,4,0,37.30529708,23.1335531
10-04-26,10-04-26 8:55,fb,campaign_364,creative_867,0,1,1,0,18.17821127,18.17821127
10-04-26,10-04-26 8:55,fb,campaign_364,creative_868,0,0,1,0,0,74.3985
10-04-26,10-04-26 8:55,fb,campaign_364,creative_863,0,0,2,0,0,29.24296891
10-04-26,10-04-26 8:55,fb,campaign_365,creative_865,0,0,1,0,0,19.01388692
10-04-26,10-04-26 8:55,fb,campaign_366,creative_824,0,1,8,0,68.67860055,69.17864667
10-04-26,10-04-26 8:55,fb,campaign_366,creative_868,0,1,2,0,58.46296265,40.64171677
10-04-26,10-04-26 8:55,fb,campaign_366,creative_865,0,3,7,0,58.53640231,59.71808973
10-04-26,10-04-26 8:55,fb,campaign_366,creative_864,0,0,2,0,0,40.3279326
10-04-26,10-04-26 8:55,fb,campaign_366,creative_861,0,1,1,0,59.4647155,59.4647155
10-04-26,10-04-26 8:55,fb,campaign_366,creative_860,1,0,3,0,0,68.66234373
10-04-26,10-04-26 8:55,fb,campaign_367,creative_501,0,0,8,0,0,56.77072121
10-04-26,10-04-26 8:55,fb,campaign_367,creative_822,0,1,3,0,67.76208788,58.95597246
10-04-26,10-04-26 8:55,fb,campaign_368,creative_792,0,0,1,0,0,67.76208788
10-04-26,10-04-26 8:55,fb,campaign_368,creative_821,0,4,8,0,54.65636479,61.77548131
10-04-26,10-04-26 8:55,fb,campaign_368,creative_829,1,0,0,0,0,0
10-04-26,10-04-26 8:55,fb,campaign_368,creative_708,0,1,1,0,73.76208605,73.76208605
10-04-26,10-04-26 8:55,fb,campaign_369,creative_819,1,2,12,0,34.43215544,43.5256495
10-04-26,10-04-26 8:55,fb,campaign_369,creative_869,0,0,4,0,0,50.11871363
10-04-26,10-04-26 8:55,fb,campaign_369,creative_825,0,0,2,0,0,40.87001636
10-04-26,10-04-26 8:55,fb,campaign_369,creative_870,0,1,1,0,47.03592819,47.03592819
10-04-26,10-04-26 8:55,fb,campaign_369,creative_804,1,4,5,0,45.91664767,47.34638187
10-04-26,10-04-26 8:55,fb,campaign_369,creative_870,0,0,2,0,0,31.62502411
10-04-26,10-04-26 8:55,fb,campaign_369,creative_822,0,0,1,0,0,39.14000746
10-04-26,10-04-26 8:55,fb,campaign_369,creative_794,0,0,1,0,0,27.08393947
10-04-26,10-04-26 8:55,fb,campaign_369,creative_817,0,0,1,0,0,36.92656373
10-04-26,10-04-26 8:55,fb,campaign_369,creative_819,0,1,1,0,28.83819399,28.83819399
10-04-26,10-04-26 8:55,fb,campaign_369,creative_804,1,1,2,0,23.97964375,26.40891887
10-04-26,10-04-26 8:55,fb,campaign_369,creative_822,0,0,3,0,0,26.26264545
10-04-26,10-04-26 8:55,fb,campaign_369,creative_871,0,6,10,0,31.06922383,36.27341434
10-04-26,10-04-26 8:55,fb,campaign_369,creative_821,0,2,3,0,29.65939198,30.41853381
10-04-26,10-04-26 8:55,fb,campaign_369,creative_708,0,1,1,0,27.19669162,27.19669162
10-04-26,10-04-26 8:55,fb,campaign_369,creative_869,0,1,1,0,98.22199221,98.22199221
10-04-26,10-04-26 8:55,fb,campaign_369,creative_819,0,0,3,0,0,39.86075783
10-04-26,10-04-26 8:55,fb,campaign_369,creative_790,0,2,2,0,45.56478777,45.56478777
10-04-26,10-04-26 8:55,fb,campaign_369,creative_821,0,0,1,0,0,28.83819399
10-04-26,10-04-26 8:55,fb,campaign_369,creative_870,1,0,0,0,0,0
10-04-26,10-04-26 8:55,fb,campaign_369,creative_871,0,0,4,0,0,37.82131668
10-04-26,10-04-26 8:55,fb,campaign_369,creative_809,0,2,2,0,41.79525587,41.79525587
10-04-26,10-04-26 8:55,fb,campaign_369,creative_819,0,3,8,0,56.52203411,47.60623775
10-04-26,10-04-26 8:55,fb,campaign_369,creative_804,1,11,28,0,50.02511584,43.52447763
10-04-26,10-04-26 8:55,fb,campaign_369,creative_870,0,3,5,0,38.62846581,41.7267284
10-04-26,10-04-26 8:55,fb,campaign_369,creative_825,1,1,6,0,28.28505248,31.33411529
10-04-26,10-04-26 8:55,fb,campaign_369,creative_825,0,1,1,0,74.44705247,74.44705247
10-04-26,10-04-26 8:55,fb,campaign_369,creative_822,0,1,1,0,28.31806652,28.31806652
10-04-26,10-04-26 8:55,fb,campaign_369,creative_869,0,4,10,0,36.49653646,38.49181339
10-04-26,10-04-26 8:55,fb,campaign_369,creative_821,0,0,4,0,0,39.37059972
10-04-26,10-04-26 8:55,fb,campaign_369,creative_822,0,1,4,0,47.03592819,64.33862937
10-04-26,10-04-26 8:55,fb,campaign_369,creative_708,0,1,2,0,40.93953116,40.03976931
10-04-26,10-04-26 8:55,fb,campaign_369,creative_821,0,0,4,0,0,28.54834883
10-04-26,10-04-26 8:55,fb,campaign_370,creative_870,0,0,1,0,0,73.97505956
10-04-26,10-04-26 8:55,fb,campaign_371,creative_804,0,1,1,0,68.67860055,68.67860055
10-04-26,10-04-26 8:55,fb,campaign_371,creative_870,0,0,1,0,0,17.81580518
10-04-26,10-04-26 8:55,fb,campaign_371,creative_870,0,0,1,0,0,54.92913097
10-04-26,10-04-26 8:55,fb,campaign_371,creative_730,0,0,1,0,0,65.67686307
10-04-26,10-04-26 8:55,fb,campaign_371,creative_869,0,3,5,0,51.19413439,50.10189067
10-04-26,10-04-26 8:55,fb,campaign_371,creative_821,0,0,1,0,0,54.92913097
10-04-26,10-04-26 8:55,fb,campaign_371,creative_822,0,1,4,0,74.07023362,54.81506596
10-04-26,10-04-26 8:55,fb,campaign_371,creative_817,0,3,5,0,44.5325691,52.76484117
10-04-26,10-04-26 8:55,fb,campaign_371,creative_821,0,0,1,0,0,69.00969696
10-04-26,10-04-26 8:55,fb,campaign_372,creative_872,0,1,1,0,21.80010763,21.80010763
10-04-26,10-04-26 8:55,fb,campaign_372,creative_844,0,16,31,0,36.49587351,35.16096481
10-04-26,10-04-26 8:55,fb,campaign_372,creative_873,0,3,7,0,29.96721727,34.73807106
10-04-26,10-04-26 8:55,fb,campaign_373,creative_874,0,0,1,0,0,54.59049868
10-04-26,10-04-26 8:55,fb,campaign_374,creative_875,0,0,1,0,0,54.92913097
10-04-26,10-04-26 8:55,fb,campaign_374,creative_463,0,0,1,0,0,86.43132518
10-04-26,10-04-26 8:55,fb,campaign_375,creative_876,0,1,1,0,27.08393947,27.08393947
10-04-26,10-04-26 8:55,fb,campaign_376,creative_877,0,0,1,0,0,41.4129607
10-04-26,10-04-26 8:55,fb,campaign_377,creative_878,0,0,3,0,0,37.19686606
10-04-26,10-04-26 8:55,fb,campaign_377,creative_860,0,0,3,0,0,28.7958658
10-04-26,10-04-26 8:55,fb,campaign_377,creative_879,0,0,1,0,0,22.82047089
10-04-26,10-04-26 8:55,fb,campaign_377,creative_828,0,0,1,0,0,19.01388692
10-04-26,10-04-26 8:55,fb,campaign_378,creative_828,0,2,4,0,93.25918999,79.9574929
10-04-26,10-04-26 8:55,fb,campaign_378,creative_879,0,3,4,0,64.51692078,60.85380846
10-04-26,10-04-26 8:55,fb,campaign_378,creative_880,0,1,2,0,37.091978,48.16666801
10-04-26,10-04-26 8:55,fb,campaign_378,creative_746,0,0,3,0,0,80.45184129
10-04-26,10-04-26 8:55,fb,campaign_378,creative_825,0,3,7,0,59.19636584,65.04488756
10-04-26,10-04-26 8:55,fb,campaign_378,creative_708,0,1,1,0,73.76208605,73.76208605
10-04-26,10-04-26 8:55,fb,campaign_379,creative_879,0,0,1,0,0,68.67860055
10-04-26,10-04-26 8:55,fb,campaign_380,creative_881,0,0,1,0,0,99.29894041
10-04-26,10-04-26 8:55,fb,campaign_380,creative_882,0,1,1,0,44.1434342,44.1434342
10-04-26,10-04-26 8:55,fb,campaign_380,creative_883,0,0,1,0,0,71.68732576
10-04-26,10-04-26 8:55,fb,campaign_381,creative_884,0,1,1,0,22.47553053,22.47553053
10-04-26,10-04-26 8:55,fb,campaign_382,creative_885,0,8,8,0,44.44665679,44.44665679
10-04-26,10-04-26 8:55,fb,campaign_382,creative_884,0,1,1,0,46.22146438,46.22146438
10-04-26,10-04-26 8:55,fb,campaign_382,creative_886,0,1,5,0,51.67272146,57.06962438
10-04-26,10-04-26 8:55,fb,campaign_382,creative_887,0,1,1,0,33.25767984,33.25767984
10-04-26,10-04-26 8:55,fb,campaign_382,creative_888,0,4,9,0,35.41690941,43.70171704
10-04-26,10-04-26 8:55,fb,campaign_383,creative_884,0,1,1,0,73.95838383,73.95838383
10-04-26,10-04-26 8:55,fb,campaign_383,creative_885,0,1,1,0,46.22146438,46.22146438
10-04-26,10-04-26 8:55,fb,campaign_384,creative_889,0,1,1,0,36.96829638,36.96829638
10-04-26,10-04-26 8:55,fb,campaign_384,creative_890,1,5,6,0,60.12236766,59.79841316
10-04-26,10-04-26 8:55,fb,campaign_384,creative_891,2,7,8,0,48.05415286,45.77324752
10-04-26,10-04-26 8:55,fb,campaign_384,creative_892,1,3,3,0,46.11922633,46.11922633
10-04-26,10-04-26 8:55,fb,campaign_384,creative_893,0,2,3,0,54.52579968,55.59337896
10-04-26,10-04-26 8:55,fb,campaign_384,creative_894,0,3,3,0,48.23049547,48.23049547
10-04-26,10-04-26 8:55,fb,campaign_385,creative_895,0,0,4,0,0,39.2933597
10-04-26,10-04-26 8:55,fb,campaign_386,creative_896,0,0,1,0,0,37.33592397
10-04-26,10-04-26 8:55,fb,campaign_387,creative_897,0,1,1,0,78.57738374,78.57738374
10-04-26,10-04-26 8:55,fb,campaign_387,creative_898,0,1,1,0,45.27516823,45.27516823
10-04-26,10-04-26 8:55,fb,campaign_387,creative_898,0,0,1,0,0,29.80691013
10-04-26,10-04-26 8:55,fb,campaign_387,creative_897,0,0,1,0,0,43.00749149
10-04-26,10-04-26 8:55,fb,campaign_388,creative_899,0,1,1,0,51.67272146,51.67272146
10-04-26,10-04-26 8:55,fb,campaign_388,creative_900,0,1,1,0,34.7886,34.7886
10-04-26,10-04-26 8:55,fb,campaign_388,creative_901,0,1,1,0,72.02907864,72.02907864
10-04-26,10-04-26 8:55,fb,campaign_388,creative_902,0,4,4,0,75.88877244,75.88877244
10-04-26,10-04-26 8:55,fb,campaign_388,creative_903,0,2,2,0,65.41960055,65.41960055
10-04-26,10-04-26 8:55,fb,campaign_388,creative_904,0,3,4,0,57.35739637,49.28850143
10-04-26,10-04-26 8:55,fb,campaign_388,creative_905,0,2,2,0,54.05723374,54.05723374
10-04-26,10-04-26 8:55,fb,campaign_388,creative_906,0,1,1,0,35.79685585,35.79685585
10-04-26,10-04-26 8:55,fb,campaign_388,creative_907,0,1,1,0,97.11390907,97.11390907
10-04-26,10-04-26 8:55,fb,campaign_388,creative_908,0,1,2,0,36.96829638,40.89758451
10-04-26,10-04-26 8:55,fb,campaign_388,creative_909,0,1,1,0,80.92566578,80.92566578
10-04-26,10-04-26 8:55,fb,campaign_389,creative_897,1,0,2,0,0,63.85209205
10-04-26,10-04-26 8:55,fb,campaign_389,creative_910,0,1,1,0,41.89340668,41.89340668
10-04-26,10-04-26 8:55,fb,campaign_389,creative_897,0,0,1,0,0,45.9184251
10-04-26,10-04-26 8:55,fb,campaign_390,creative_911,0,0,1,0,0,30.75925731
10-04-26,10-04-26 8:55,fb,campaign_391,creative_912,0,0,1,0,0,27.92863761
10-04-26,10-04-26 8:55,fb,campaign_392,creative_913,0,0,1,0,0,50.59140921
10-04-26,10-04-26 8:55,fb,campaign_392,creative_914,0,0,1,0,0,32.24372191
10-04-26,10-04-26 8:55,fb,campaign_393,creative_904,0,0,1,0,0,37.33592397
10-04-26,10-04-26 8:55,fb,campaign_394,creative_901,0,0,2,0,0,37.30051606
10-04-26,10-04-26 8:55,fb,campaign_395,creative_915,0,0,1,0,0,58.17864066
10-04-26,10-04-26 8:55,fb,campaign_396,creative_916,0,1,1,0,73.58455229,73.58455229
10-04-26,10-04-26 8:55,fb,campaign_397,creative_915,0,1,1,0,44.07323508,44.07323508
10-04-26,10-04-26 8:55,fb,campaign_398,creative_917,0,0,1,0,0,33.09988374
10-04-26,10-04-26 8:55,fb,campaign_399,creative_918,0,1,8,0,22.37470862,55.49142887
10-04-26,10-04-26 8:55,fb,campaign_399,creative_919,0,0,1,0,0,46.00215964
10-04-26,10-04-26 8:55,fb,campaign_400,creative_920,0,3,16,0,36.51981665,48.10143697
10-04-26,10-04-26 8:55,fb,campaign_401,creative_921,0,1,2,0,55.00303854,77.15098947
10-04-26,10-04-26 8:55,fb,campaign_401,creative_922,0,0,15,0,0,56.45641654
10-04-26,10-04-26 8:55,fb,campaign_401,creative_923,0,2,11,0,55.71819374,48.65060619
10-04-26,10-04-26 8:55,fb,campaign_402,creative_924,0,1,1,0,32.39743646,32.39743646
10-04-26,10-04-26 8:55,fb,campaign_403,creative_925,0,0,1,0,0,42.01465401
10-04-26,10-04-26 8:55,fb,campaign_404,creative_926,4,0,0,0,0,0
10-04-26,10-04-26 8:55,fb,campaign_404,creative_927,0,1,1,0,72.02907864,72.02907864
10-04-26,10-04-26 8:55,fb,campaign_404,creative_915,0,2,2,0,45.24367011,45.24367011
10-04-26,10-04-26 8:55,fb,campaign_405,creative_928,0,0,1,0,0,46.00215964
10-04-26,10-04-26 8:55,fb,campaign_405,creative_926,0,0,3,0,0,32.14705409
10-04-26,10-04-26 8:55,fb,campaign_405,creative_929,0,1,3,0,24.14466004,47.56792143
10-04-26,10-04-26 8:55,fb,campaign_405,creative_930,0,3,11,0,44.65114716,44.56820753
10-04-26,10-04-26 8:55,fb,campaign_406,creative_928,0,0,1,0,0,74.44795677
10-04-26,10-04-26 8:55,fb,campaign_407,creative_929,0,1,4,0,51.67272146,56.38680959
10-04-26,10-04-26 8:55,fb,campaign_407,creative_930,2,11,32,0,62.63032095,62.35778342
10-04-26,10-04-26 8:55,fb,campaign_407,creative_928,1,0,0,0,0,0
10-04-26,10-04-26 8:55,fb,campaign_407,creative_931,0,2,11,0,73.24819716,68.11001471
10-04-26,10-04-26 8:55,fb,campaign_408,creative_926,0,6,9,0,44.55389614,40.98341309
10-04-26,10-04-26 8:55,fb,campaign_408,creative_931,0,3,14,0,62.61849403,54.07865338
10-04-26,10-04-26 8:55,fb,campaign_409,creative_932,0,1,1,0,62.43368206,62.43368206
10-04-26,10-04-26 8:55,fb,campaign_409,creative_933,0,0,1,0,0,43.85331107
10-04-26,10-04-26 8:55,fb,campaign_409,creative_934,0,0,2,0,0,45.41451614
10-04-26,10-04-26 8:55,fb,campaign_409,creative_935,0,0,5,0,0,45.501602
10-04-26,10-04-26 8:55,fb,campaign_410,creative_936,1,9,16,0,50.87591924,58.8142879
10-04-26,10-04-26 8:55,fb,campaign_410,creative_937,0,0,2,0,0,47.06142455
10-04-26,10-04-26 8:55,fb,campaign_411,creative_938,0,2,18,0,51.73089604,53.36265934
10-04-26,10-04-26 8:55,fb,campaign_411,creative_939,0,0,1,0,0,44.82687265
10-04-26,10-04-26 8:55,fb,campaign_412,creative_913,0,1,6,0,46.01412172,53.27374722
10-04-26,10-04-26 8:55,fb,campaign_412,creative_940,0,3,12,0,35.4395382,48.58408517
10-04-26,10-04-26 8:55,fb,campaign_412,creative_914,0,0,6,0,0,38.26132501
10-04-26,10-04-26 8:55,fb,campaign_413,creative_941,0,0,1,0,0,29.80691013
10-04-26,10-04-26 8:55,fb,campaign_413,creative_942,0,0,3,0,0,28.51335873
10-04-26,10-04-26 8:55,fb,campaign_413,creative_943,0,0,1,0,0,33.09988374
10-04-26,10-04-26 8:55,fb,campaign_414,creative_918,1,10,12,0,55.12232884,55.29423859
10-04-26,10-04-26 8:55,fb,campaign_414,creative_919,0,1,1,0,93.57259796,93.57259796
10-04-26,10-04-26 8:55,fb,campaign_415,creative_944,0,3,5,0,42.10508216,40.13411774
10-04-26,10-04-26 8:55,fb,campaign_415,creative_945,0,3,5,0,63.90794085,53.03513377
10-04-26,10-04-26 8:55,fb,campaign_415,creative_946,0,3,8,0,43.89813113,55.44821747
10-04-26,10-04-26 8:55,fb,campaign_416,creative_947,0,0,5,0,0,45.02197151
10-04-26,10-04-26 8:55,fb,campaign_416,creative_948,0,7,10,0,42.41164582,49.13042522
10-04-26,10-04-26 8:55,fb,campaign_416,creative_949,0,0,1,0,0,41.94556636
10-04-26,10-04-26 8:55,fb,campaign_416,creative_950,0,0,5,0,0,44.24443423
10-04-26,10-04-26 8:55,fb,campaign_417,creative_951,0,3,3,0,38.11389077,38.11389077
10-04-26,10-04-26 8:55,fb,campaign_417,creative_952,0,2,2,0,31.63065054,31.63065054
10-04-26,10-04-26 8:55,fb,campaign_417,creative_953,0,1,1,0,34.7886,34.7886
10-04-26,10-04-26 8:55,fb,campaign_418,creative_954,0,2,3,0,37.94157557,34.60392958
10-04-26,10-04-26 8:55,fb,campaign_418,creative_910,0,1,1,0,22.37470862,22.37470862
10-04-26,10-04-26 8:55,fb,campaign_418,creative_955,0,1,3,0,24.57873029,67.03442891
10-04-26,10-04-26 8:55,fb,campaign_418,creative_898,0,2,6,0,40.81466736,63.89121401
10-04-26,10-04-26 8:55,fb,campaign_418,creative_897,0,2,7,0,54.49385032,47.80839685
10-04-26,10-04-26 8:55,fb,campaign_419,creative_956,0,0,2,0,0,41.39752717
10-04-26,10-04-26 8:55,fb,campaign_419,creative_957,0,0,4,0,0,67.23436323
10-04-26,10-04-26 8:55,fb,campaign_419,creative_958,1,25,33,0,48.22729147,51.68957998
10-04-26,10-04-26 8:55,fb,campaign_419,creative_959,0,1,1,0,44.82687265,44.82687265
10-04-26,10-04-26 8:55,fb,campaign_420,creative_958,1,0,0,0,0,0
10-04-26,10-04-26 8:55,fb,campaign_421,creative_960,0,0,1,0,0,50.50217908
10-04-26,10-04-26 8:55,fb,campaign_421,creative_961,0,0,1,0,0,27.92863761
10-04-26,10-04-26 8:55,fb,campaign_422,creative_945,0,1,1,0,43.09712155,43.09712155
10-04-26,10-04-26 8:55,fb,campaign_422,creative_944,1,0,1,0,0,91.41056967
10-04-26,10-04-26 8:55,fb,campaign_422,creative_962,0,0,5,0,0,42.30764152
10-04-26,10-04-26 8:55,fb,campaign_422,creative_963,0,0,1,0,0,43.08591779
10-04-26,10-04-26 8:55,fb,campaign_423,creative_945,0,1,2,0,25.7952282,31.56557608
10-04-26,10-04-26 8:55,fb,campaign_424,creative_962,0,0,1,0,0,34.35938232
10-04-26,10-04-26 8:55,fb,campaign_425,creative_944,4,23,43,0,49.3285355,51.3508749
10-04-26,10-04-26 8:55,fb,campaign_425,creative_964,0,4,8,0,52.29251644,43.3291268
10-04-26,10-04-26 8:55,fb,campaign_425,creative_962,0,3,5,0,44.05223409,47.2888579
10-04-26,10-04-26 8:55,fb,campaign_426,creative_965,0,0,1,0,0,58.87024903
10-04-26,10-04-26 8:55,fb,campaign_427,creative_966,0,0,1,0,0,34.35938232
10-04-26,10-04-26 8:55,fb,campaign_428,creative_951,0,0,4,0,0,63.49337824
10-04-26,10-04-26 8:55,fb,campaign_428,creative_967,0,0,1,0,0,48.59752827
10-04-26,10-04-26 8:55,fb,campaign_428,creative_952,0,1,4,0,33.1084908,50.12198354
10-04-26,10-04-26 8:55,fb,campaign_429,creative_927,0,0,11,0,0,54.68872218
10-04-26,10-04-26 8:55,fb,campaign_429,creative_968,0,0,1,0,0,64.77242888
10-04-26,10-04-26 8:55,fb,campaign_429,creative_969,0,0,1,0,0,71.5568383
10-04-26,10-04-26 8:55,fb,campaign_430,creative_970,0,0,2,0,0,50.03621898
10-04-26,10-04-26 8:55,fb,campaign_430,creative_971,0,1,11,0,103.7307128,56.99952183
10-04-26,10-04-26 8:55,fb,campaign_430,creative_972,0,0,1,0,0,37.33592397
10-04-26,10-04-26 8:55,fb,campaign_431,creative_973,0,1,1,0,22.37470862,22.37470862
10-04-26,10-04-26 8:55,fb,campaign_432,creative_974,0,0,1,0,0,47.58813508
10-04-26,10-04-26 8:55,fb,campaign_432,creative_975,0,0,1,0,0,35.57839407
10-04-26,10-04-26 8:55,fb,campaign_432,creative_976,0,1,1,0,54.16796181,54.16796181
10-04-26,10-04-26 8:55,fb,campaign_432,creative_974,0,1,1,0,43.56388721,43.56388721
10-04-26,10-04-26 8:55,fb,campaign_432,creative_977,0,3,3,0,50.26386402,50.26386402
10-04-26,10-04-26 8:55,fb,campaign_432,creative_978,0,1,1,0,68.14778268,68.14778268
10-04-26,10-04-26 8:55,fb,campaign_432,creative_979,0,0,1,0,0,47.58813508
10-04-26,10-04-26 8:55,fb,campaign_432,creative_977,0,2,2,0,52.29142449,52.29142449
10-04-26,10-04-26 8:55,fb,campaign_432,creative_980,0,0,1,0,0,50.41488718
10-04-26,10-04-26 8:55,fb,campaign_432,creative_977,0,1,1,0,38.45869594,38.45869594
10-04-26,10-04-26 8:55,fb,campaign_432,creative_981,0,1,1,0,57.38638587,57.38638587
10-04-26,10-04-26 8:55,fb,campaign_432,creative_978,0,0,1,0,0,79.28875763
10-04-26,10-04-26 8:55,fb,campaign_432,creative_980,0,0,1,0,0,74.01406745
10-04-26,10-04-26 8:55,fb,campaign_432,creative_982,0,0,1,0,0,94.66064853
10-04-26,10-04-26 8:55,fb,campaign_432,creative_974,0,0,1,0,0,78.57738374
10-04-26,10-04-26 8:55,fb,campaign_432,creative_983,0,0,1,0,0,35.57839407
10-04-26,10-04-26 8:55,fb,campaign_432,creative_978,0,1,1,0,62.36932862,62.36932862
10-04-26,10-04-26 8:55,fb,campaign_432,creative_975,0,0,2,0,0,47.70405452
10-04-26,10-04-26 8:55,fb,campaign_432,creative_975,0,0,1,0,0,21.62077586
10-04-26,10-04-26 8:55,fb,campaign_432,creative_978,0,3,3,0,61.31649791,61.31649791
10-04-26,10-04-26 8:55,fb,campaign_432,creative_975,0,0,3,0,0,53.18030836
10-04-26,10-04-26 8:55,fb,campaign_432,creative_981,0,3,3,0,43.41683244,43.41683244
10-04-26,10-04-26 8:55,fb,campaign_432,creative_980,0,0,2,0,0,48.82884939
10-04-26,10-04-26 8:55,fb,campaign_432,creative_977,0,1,1,0,43.56388721,43.56388721
10-04-26,10-04-26 8:55,fb,campaign_432,creative_982,0,4,4,0,51.7507403,51.7507403
10-04-26,10-04-26 8:55,fb,campaign_432,creative_984,0,0,1,0,0,35.38535
10-04-26,10-04-26 8:55,fb,campaign_432,creative_985,0,0,2,0,0,32.91995272
10-04-26,10-04-26 8:55,fb,campaign_432,creative_983,0,0,1,0,0,43.56388721
10-04-26,10-04-26 8:55,fb,campaign_432,creative_982,0,2,6,0,68.08518598,51.99885357
10-04-26,10-04-26 8:55,fb,campaign_432,creative_983,0,0,6,0,0,63.82474517
10-04-26,10-04-26 8:55,fb,campaign_432,creative_985,1,0,0,0,0,0
10-04-26,10-04-26 8:55,fb,campaign_432,creative_986,0,0,2,0,0,77.62578335
10-04-26,10-04-26 8:55,fb,campaign_432,creative_982,0,1,4,0,78.57738374,64.11090579
10-04-26,10-04-26 8:55,fb,campaign_432,creative_976,0,0,1,0,0,40.72885927
10-04-26,10-04-26 8:55,fb,campaign_432,creative_975,0,0,1,0,0,67.4252734
10-04-26,10-04-26 8:55,fb,campaign_432,creative_978,0,5,5,0,36.35113754,36.35113754
10-04-26,10-04-26 8:55,fb,campaign_432,creative_977,0,0,3,0,0,39.00077462
10-04-26,10-04-26 8:55,fb,campaign_432,creative_978,0,1,1,0,54.75623182,54.75623182
10-04-26,10-04-26 8:55,fb,campaign_432,creative_981,0,2,4,0,44.96982395,64.72631443
10-04-26,10-04-26 8:55,fb,campaign_432,creative_979,0,0,4,0,0,49.33810809
10-04-26,10-04-26 8:55,fb,campaign_432,creative_980,0,1,2,0,27.92863761,39.17176239
10-04-26,10-04-26 8:55,fb,campaign_432,creative_977,0,1,3,0,46.22885396,53.70309519
10-04-26,10-04-26 8:55,fb,campaign_432,creative_986,0,1,2,0,23.01909008,33.4477952
10-04-26,10-04-26 8:55,fb,campaign_432,creative_979,0,0,2,0,0,57.4402158
10-04-26,10-04-26 8:55,fb,campaign_432,creative_985,0,0,1,0,0,15.72209682
10-04-26,10-04-26 8:55,fb,campaign_432,creative_979,0,0,2,0,0,47.81842476
10-04-26,10-04-26 8:55,fb,campaign_432,creative_982,0,1,1,0,38.22666441,38.22666441
10-04-26,10-04-26 8:55,fb,campaign_432,creative_983,0,0,3,0,0,45.51961999
10-04-26,10-04-26 8:55,fb,campaign_432,creative_977,0,0,3,0,0,50.30247462
10-04-26,10-04-26 8:55,fb,campaign_432,creative_974,0,0,1,0,0,50.41488718
10-04-26,10-04-26 8:55,fb,campaign_432,creative_987,0,0,1,0,0,43.56388721
10-04-26,10-04-26 8:55,fb,campaign_432,creative_984,0,1,1,0,81.92158931,81.92158931
10-04-26,10-04-26 8:55,fb,campaign_432,creative_975,1,0,0,0,0,0
10-04-26,10-04-26 8:55,fb,campaign_432,creative_975,0,0,1,0,0,32.23159085
10-04-26,10-04-26 8:55,fb,campaign_432,creative_980,0,0,3,0,0,58.15192646
10-04-26,10-04-26 8:55,fb,campaign_432,creative_982,1,3,4,0,33.08624448,32.95841673
10-04-26,10-04-26 8:55,fb,campaign_432,creative_977,0,0,2,0,0,55.49030398
10-04-26,10-04-26 8:55,fb,campaign_432,creative_974,0,0,1,0,0,34.84238827
10-04-26,10-04-26 8:55,fb,campaign_432,creative_977,0,2,2,0,47.44950596,47.44950596
10-04-26,10-04-26 8:55,fb,campaign_432,creative_980,0,1,1,0,34.84238827,34.84238827
10-04-26,10-04-26 8:55,fb,campaign_432,creative_976,0,1,1,0,43.13445319,43.13445319
10-04-26,10-04-26 8:55,fb,campaign_432,creative_976,0,1,1,0,38.26103427,38.26103427
10-04-26,10-04-26 8:55,fb,campaign_432,creative_982,1,1,2,0,35.85252377,43.13370547
10-04-26,10-04-26 8:55,fb,campaign_432,creative_983,0,0,2,0,0,99.4943511
10-04-26,10-04-26 8:55,fb,campaign_432,creative_981,0,1,1,0,75.09742482,75.09742482
10-04-26,10-04-26 8:55,fb,campaign_432,creative_979,0,0,1,0,0,56.81281768
10-04-26,10-04-26 8:55,fb,campaign_433,creative_976,0,1,1,0,99.40679339,99.40679339
10-04-26,10-04-26 8:55,fb,campaign_433,creative_976,0,1,1,0,47.58813508,47.58813508
10-04-26,10-04-26 8:55,fb,campaign_433,creative_974,1,0,0,0,0,0
10-04-26,10-04-26 8:55,fb,campaign_433,creative_976,0,1,1,0,63.7991163,63.7991163
10-04-26,10-04-26 8:55,fb,campaign_433,creative_984,0,1,1,0,79.28875763,79.28875763
10-04-26,10-04-26 8:55,fb,campaign_433,creative_976,0,2,2,0,56.02270184,56.02270184
10-04-26,10-04-26 8:55,fb,campaign_434,creative_988,0,1,1,0,22.82047089,22.82047089
10-04-26,10-04-26 8:55,fb,campaign_434,creative_989,0,1,1,0,46.25200342,46.25200342
10-04-26,10-04-26 8:55,fb,campaign_434,creative_990,1,0,0,0,0,0
10-04-26,10-04-26 8:55,fb,campaign_434,creative_991,0,1,1,0,41.71276446,41.71276446
10-04-26,10-04-26 8:55,fb,campaign_434,creative_992,1,0,0,0,0,0
10-04-26,10-04-26 8:55,fb,campaign_435,creative_974,2,1,1,0,88.136398,88.136398
10-04-26,10-04-26 8:55,fb,campaign_436,creative_993,0,0,2,0,0,57.79702514
10-04-26,10-04-26 8:55,fb,campaign_436,creative_994,0,1,1,0,71.3165444,71.3165444
10-04-26,10-04-26 8:55,fb,campaign_436,creative_995,0,1,1,0,45.21781436,45.21781436
10-04-26,10-04-26 8:55,fb,campaign_436,creative_996,0,1,1,0,50.41488718,50.41488718
10-04-26,10-04-26 8:55,fb,campaign_436,creative_997,0,1,1,0,99.40679339,99.40679339
10-04-26,10-04-26 8:55,fb,campaign_436,creative_998,0,0,1,0,0,71.3165444
10-04-26,10-04-26 8:55,fb,campaign_436,creative_999,0,0,2,0,0,37.69574457
10-04-26,10-04-26 8:55,fb,campaign_436,creative_1000,0,0,1,0,0,40.54910088
10-04-26,10-04-26 8:55,fb,campaign_436,creative_1001,0,0,2,0,0,41.21526167
10-04-26,10-04-26 8:55,fb,campaign_436,creative_999,0,0,2,0,0,51.32423248
10-04-26,10-04-26 8:55,fb,campaign_436,creative_1002,0,1,1,0,50.41488718,50.41488718
10-04-26,10-04-26 8:55,fb,campaign_436,creative_1003,0,0,1,0,0,34.84238827
10-04-26,10-04-26 8:55,fb,campaign_436,creative_1004,0,0,1,0,0,60.56572078
10-04-26,10-04-26 8:55,fb,campaign_436,creative_1005,0,0,3,0,0,52.19592609
10-04-26,10-04-26 8:55,fb,campaign_436,creative_1005,0,0,1,0,0,50.41488718
10-04-26,10-04-26 8:55,fb,campaign_436,creative_1006,0,1,2,0,70.1596125,69.58834077
10-04-26,10-04-26 8:55,fb,campaign_436,creative_993,0,2,3,0,43.75343259,43.13342395
10-04-26,10-04-26 8:55,fb,campaign_436,creative_1007,0,1,2,0,56.81281768,50.54516178
10-04-26,10-04-26 8:55,fb,campaign_436,creative_1007,0,0,1,0,0,60.56572078
10-04-26,10-04-26 8:55,fb,campaign_436,creative_997,0,1,1,0,43.13445319,43.13445319
10-04-26,10-04-26 8:55,fb,campaign_436,creative_1008,0,1,3,0,78.57738374,75.09713826
10-04-26,10-04-26 8:55,fb,campaign_436,creative_1009,0,0,2,0,0,71.3165444
10-04-26,10-04-26 8:55,fb,campaign_436,creative_1006,0,3,4,0,40.03322124,40.91588773
10-04-26,10-04-26 8:55,fb,campaign_436,creative_996,0,0,1,0,0,71.3165444
10-04-26,10-04-26 8:55,fb,campaign_436,creative_1000,0,0,1,0,0,67.8060767
10-04-26,10-04-26 8:55,fb,campaign_436,creative_1008,0,1,1,0,35.38535,35.38535
10-04-26,10-04-26 8:55,fb,campaign_436,creative_998,0,0,1,0,0,47.63930871
10-04-26,10-04-26 8:55,fb,campaign_436,creative_1006,0,1,2,0,39.12442159,59.3947698
10-04-26,10-04-26 8:55,fb,campaign_436,creative_1004,0,0,1,0,0,43.56388721
10-04-26,10-04-26 8:55,fb,campaign_437,creative_988,0,0,1,0,0,20.0500634
10-04-26,10-04-26 8:55,fb,campaign_437,creative_1010,0,0,3,0,0,26.73165376
10-04-26,10-04-26 8:55,fb,campaign_437,creative_1011,0,1,1,0,19.03378148,19.03378148
10-04-26,10-04-26 8:55,fb,campaign_437,creative_990,0,0,4,0,0,23.6322197
10-04-26,10-04-26 8:55,fb,campaign_437,creative_990,0,0,1,0,0,47.95388822
10-04-26,10-04-26 8:55,fb,campaign_437,creative_1012,0,0,1,0,0,37.091978
10-04-26,10-04-26 8:55,fb,campaign_437,creative_1013,0,0,1,0,0,64.62605834
10-04-26,10-04-26 8:55,fb,campaign_437,creative_1014,0,0,4,0,0,62.91151254
10-04-26,10-04-26 8:55,fb,campaign_437,creative_1015,0,0,3,0,0,36.91258596
10-04-26,10-04-26 8:55,fb,campaign_437,creative_1016,0,0,1,0,0,19.01388692
10-04-26,10-04-26 8:55,fb,campaign_437,creative_1017,0,0,1,0,0,63.36023101
10-04-26,10-04-26 8:55,fb,campaign_437,creative_1013,0,0,1,0,0,22.855744
10-04-26,10-04-26 8:55,fb,campaign_437,creative_991,0,0,1,0,0,46.67088054
10-04-26,10-04-26 8:55,fb,campaign_437,creative_991,0,0,1,0,0,53.04923573
10-04-26,10-04-26 8:55,fb,campaign_437,creative_992,0,0,1,0,0,58.2915976
10-04-26,10-04-26 8:55,fb,campaign_437,creative_1018,0,0,2,0,0,22.63219252
10-04-26,10-04-26 8:55,fb,campaign_437,creative_1014,0,0,5,0,0,38.66071701
10-04-26,10-04-26 8:55,fb,campaign_437,creative_1019,0,0,5,0,0,26.04609042
10-04-26,10-04-26 8:55,fb,campaign_438,creative_990,0,0,1,0,0,43.0880784
10-04-26,10-04-26 8:55,fb,campaign_438,creative_1020,0,1,1,0,70.53922682,70.53922682
10-04-26,10-04-26 8:55,fb,campaign_439,creative_1021,1,0,0,0,0,0
10-04-26,10-04-26 8:55,fb,campaign_439,creative_1022,0,1,1,0,53.61267839,53.61267839
10-04-26,10-04-26 8:55,fb,campaign_439,creative_1022,1,0,0,0,0,0
10-04-26,10-04-26 8:55,fb,campaign_439,creative_1023,0,0,1,0,0,46.93741521
10-04-26,10-04-26 8:55,fb,campaign_439,creative_1024,0,0,1,0,0,30.93846552
10-04-26,10-04-26 8:55,fb,campaign_439,creative_1021,0,1,1,0,1.1016544,1.1016544
10-04-26,10-04-26 8:55,fb,campaign_439,creative_1024,1,0,0,0,0,0
10-04-26,10-04-26 8:55,fb,campaign_440,creative_1025,0,0,1,0,0,53.90710782
10-04-26,10-04-26 8:55,fb,campaign_440,creative_1026,0,1,1,0,89.74379786,89.74379786
10-04-26,10-04-26 8:55,fb,campaign_441,creative_1027,0,0,1,0,0,55.07060319
10-04-26,10-04-26 8:55,fb,campaign_441,creative_1028,0,0,1,0,0,54.74837605
10-04-26,10-04-26 8:55,fb,campaign_441,creative_1029,0,0,1,0,0,32.57493349
10-04-26,10-04-26 8:55,fb,campaign_441,creative_1030,0,0,1,0,0,25.77881991
10-04-26,10-04-26 8:55,fb,campaign_442,creative_331,0,0,1,0,0,106.7952044
10-04-26,10-04-26 8:55,fb,campaign_443,creative_337,0,0,1,0,0,28.81513954
10-04-26,10-04-26 8:55,fb,campaign_444,creative_344,0,0,1,0,0,22.86123537
10-04-26,10-04-26 8:55,fb,campaign_445,creative_1031,0,0,3,0,0,33.28460906
10-04-26,10-04-26 8:55,fb,campaign_445,creative_328,0,1,14,0,43.56388721,44.8610305
10-04-26,10-04-26 8:55,fb,campaign_446,creative_1032,0,0,1,0,0,54.74206829
10-04-26,10-04-26 8:55,fb,campaign_446,creative_1031,1,6,11,0,49.86756479,46.3302328
10-04-26,10-04-26 8:55,fb,campaign_446,creative_1031,0,0,1,0,0,79.28875763
10-04-26,10-04-26 8:55,fb,campaign_446,creative_328,0,4,5,0,43.3720038,43.57936381
10-04-26,10-04-26 8:55,fb,campaign_446,creative_1033,0,0,1,0,0,38.59294341
10-04-26,10-04-26 8:55,fb,campaign_446,creative_328,0,0,8,0,0,64.10214106
10-04-26,10-04-26 8:55,fb,campaign_446,creative_328,0,0,1,0,0,47.58813508
10-04-26,10-04-26 8:55,fb,campaign_446,creative_328,0,1,5,0,43.56388721,41.80800877
10-04-26,10-04-26 8:55,fb,campaign_446,creative_328,0,0,5,0,0,62.18684368
10-04-26,10-04-26 8:55,fb,campaign_446,creative_1032,0,0,1,0,0,32.10367663
10-04-26,10-04-26 8:55,fb,campaign_446,creative_328,0,4,6,0,36.62840892,48.41052735
10-04-26,10-04-26 8:55,fb,campaign_446,creative_328,0,1,1,0,34.84238827,34.84238827
10-04-26,10-04-26 8:55,fb,campaign_446,creative_328,0,0,1,0,0,88.136398
10-04-26,10-04-26 8:55,fb,campaign_446,creative_328,0,4,7,0,51.38702869,47.33635587
10-04-26,10-04-26 8:55,fb,campaign_446,creative_328,0,5,10,0,42.89727423,44.18491273
10-04-26,10-04-26 8:55,fb,campaign_446,creative_1031,0,1,6,0,50.41488718,48.91714165
10-04-26,10-04-26 8:55,fb,campaign_447,creative_328,0,1,2,0,43.56388721,46.98938719
10-04-26,10-04-26 8:55,fb,campaign_447,creative_328,0,1,1,0,47.58813508,47.58813508
10-04-26,10-04-26 8:55,fb,campaign_448,creative_327,0,1,1,0,25.77881991,25.77881991
10-04-26,10-04-26 8:55,fb,campaign_449,creative_1034,0,1,4,0,50.41488718,41.35422076
10-04-26,10-04-26 8:55,fb,campaign_449,creative_333,0,0,4,0,0,63.74405831
10-04-26,10-04-26 8:55,fb,campaign_449,creative_1035,0,0,2,0,0,46.61305328
10-04-26,10-04-26 8:55,fb,campaign_449,creative_1034,0,0,3,0,0,68.81073503
10-04-26,10-04-26 8:55,fb,campaign_449,creative_1034,0,0,1,0,0,44.62857828
10-04-26,10-04-26 8:55,fb,campaign_449,creative_335,0,0,2,0,0,52.1609975
10-04-26,10-04-26 8:55,fb,campaign_449,creative_333,0,0,7,0,0,41.62236282
10-04-26,10-04-26 8:55,fb,campaign_449,creative_333,0,1,4,0,66.99358245,69.53815797
10-04-26,10-04-26 8:55,fb,campaign_450,creative_335,0,0,3,0,0,47.13584063
10-04-26,10-04-26 8:55,fb,campaign_450,creative_346,0,0,3,0,0,66.37074331
10-04-26,10-04-26 8:55,fb,campaign_450,creative_1036,0,0,1,0,0,75.896796
10-04-26,10-04-26 8:55,fb,campaign_450,creative_353,0,6,11,0,50.17068646,43.43650496
10-04-26,10-04-26 8:55,fb,campaign_450,creative_1035,0,0,1,0,0,32.52794759
10-04-26,10-04-26 8:55,fb,campaign_450,creative_1037,0,1,5,0,39.25778644,39.36769378
10-04-26,10-04-26 8:55,fb,campaign_450,creative_346,0,0,1,0,0,47.54153953
10-04-26,10-04-26 8:55,fb,campaign_450,creative_1038,0,2,4,0,42.5729084,34.2596241
10-04-26,10-04-26 8:55,fb,campaign_451,creative_1039,0,0,2,0,0,25.26287748
10-04-26,10-04-26 8:55,fb,campaign_451,creative_1040,0,1,1,0,50.41488718,50.41488718
10-04-26,10-04-26 8:55,fb,campaign_451,creative_1040,0,0,1,0,0,59.24204783
10-04-26,10-04-26 8:55,fb,campaign_451,creative_342,1,1,3,0,39.98140556,40.54757253
10-04-26,10-04-26 8:55,fb,campaign_451,creative_1041,0,0,1,0,0,44.62857828
10-04-26,10-04-26 8:55,fb,campaign_451,creative_1042,0,0,1,0,0,44.82687265
10-04-26,10-04-26 8:55,fb,campaign_451,creative_524,0,0,1,0,0,45.21781436
10-04-26,10-04-26 8:55,fb,campaign_451,creative_1043,0,1,1,0,47.58813508,47.58813508
10-04-26,10-04-26 8:55,fb,campaign_451,creative_329,0,2,4,0,50.71210614,35.40440635
10-04-26,10-04-26 8:55,fb,campaign_451,creative_524,0,0,2,0,0,32.0223056
10-04-26,10-04-26 8:55,fb,campaign_451,creative_329,0,0,1,0,0,43.56388721
10-04-26,10-04-26 8:55,fb,campaign_451,creative_1044,0,1,1,0,73.42145366,73.42145366
10-04-26,10-04-26 8:55,fb,campaign_452,creative_342,0,0,1,0,0,55.45951128
10-04-26,10-04-26 8:55,fb,campaign_452,creative_1040,0,3,5,0,29.65122237,33.61471225
10-04-26,10-04-26 8:55,fb,campaign_452,creative_1043,0,2,4,0,55.29062918,51.42444899
10-04-26,10-04-26 8:55,fb,campaign_452,creative_1043,0,4,5,0,38.68868185,41.03392291
10-04-26,10-04-26 8:55,fb,campaign_452,creative_1040,0,4,9,0,38.71302742,42.19002328
10-04-26,10-04-26 8:55,fb,campaign_452,creative_1043,0,1,4,0,38.26848898,64.43504621
10-04-26,10-04-26 8:55,fb,campaign_452,creative_342,0,0,1,0,0,91.03592798
10-04-26,10-04-26 8:55,fb,campaign_452,creative_1040,0,1,6,0,34.84238827,33.97873518
10-04-26,10-04-26 8:55,fb,campaign_452,creative_330,0,0,1,0,0,34.91953563
10-04-26,10-04-26 8:55,fb,campaign_452,creative_329,0,1,2,0,29.32005179,32.26943325
10-04-26,10-04-26 8:55,fb,campaign_452,creative_1043,0,0,1,0,0,60.56572078
10-04-26,10-04-26 8:55,fb,campaign_452,creative_1040,0,5,16,0,51.49373702,50.49642204
10-04-26,10-04-26 8:55,fb,campaign_453,creative_1041,0,0,1,0,0,27.70524614
10-04-26,10-04-26 8:55,fb,campaign_453,creative_524,0,0,1,0,0,62.36932862
10-04-26,10-04-26 8:55,fb,campaign_453,creative_325,0,1,2,0,34.84238827,35.38477386
10-04-26,10-04-26 8:55,fb,campaign_453,creative_1043,0,0,3,0,0,57.37488928
10-04-26,10-04-26 8:55,fb,campaign_453,creative_329,3,26,55,0,50.67149443,50.07506588
10-04-26,10-04-26 8:55,fb,campaign_453,creative_1039,0,4,10,0,39.48198025,43.77669524
10-04-26,10-04-26 8:55,fb,campaign_454,creative_329,0,0,2,0,0,49.77736397
10-04-26,10-04-26 8:55,fb,campaign_454,creative_325,0,0,2,0,0,45.48790102
10-04-26,10-04-26 8:55,fb,campaign_454,creative_1043,0,1,3,0,35.15631238,43.33130408
10-04-26,10-04-26 8:55,fb,campaign_454,creative_1040,1,0,6,0,0,27.65001428
10-04-26,10-04-26 8:55,fb,campaign_454,creative_330,0,2,4,0,26.72073732,56.45595062
10-04-26,10-04-26 8:55,fb,campaign_454,creative_343,0,0,1,0,0,38.20760575
10-04-26,10-04-26 8:55,fb,campaign_454,creative_329,0,6,11,0,33.15923649,27.81671514
10-04-26,10-04-26 8:55,fb,campaign_454,creative_523,0,0,3,0,0,23.331989
10-04-26,10-04-26 8:55,fb,campaign_454,creative_1039,0,1,2,0,21.37723977,46.69012793
10-04-26,10-04-26 8:55,fb,campaign_454,creative_1040,0,0,1,0,0,40.75843627
10-04-26,10-04-26 8:55,fb,campaign_454,creative_524,0,1,2,0,39.22409027,30.30066502
10-04-26,10-04-26 8:55,fb,campaign_454,creative_1045,0,1,1,0,71.3165444,71.3165444
10-04-26,10-04-26 8:55,fb,campaign_455,creative_329,0,0,2,0,0,52.23080703
10-04-26,10-04-26 8:55,fb,campaign_455,creative_1040,4,15,47,0,49.7593348,50.75769147
10-04-26,10-04-26 8:55,fb,campaign_455,creative_329,0,1,8,0,71.3165444,50.74235785
10-04-26,10-04-26 8:55,fb,campaign_455,creative_329,0,4,5,0,64.56740191,62.34443354
10-04-26,10-04-26 8:55,fb,campaign_455,creative_1045,0,1,3,0,43.56388721,57.31189489
10-04-26,10-04-26 8:55,fb,campaign_455,creative_342,0,0,1,0,0,50.41488718
10-04-26,10-04-26 8:55,fb,campaign_455,creative_523,0,0,1,0,0,108.4516327
10-04-26,10-04-26 8:55,fb,campaign_455,creative_325,0,0,1,0,0,47.58813508
10-04-26,10-04-26 8:55,fb,campaign_455,creative_1043,0,3,4,0,61.86218235,61.53806695
10-04-26,10-04-26 8:55,fb,campaign_455,creative_524,0,1,3,0,50.41488718,48.23542489
10-04-26,10-04-26 8:55,fb,campaign_455,creative_1039,0,0,2,0,0,43.13370547
10-04-26,10-04-26 8:55,fb,campaign_455,creative_1041,0,0,1,0,0,50.41488718
10-04-26,10-04-26 8:55,fb,campaign_455,creative_1039,0,0,1,0,0,37.091978
10-04-26,10-04-26 8:55,fb,campaign_455,creative_342,0,0,1,0,0,45.21781436
10-04-26,10-04-26 8:55,fb,campaign_455,creative_1046,0,0,1,0,0,99.40679339
10-04-26,10-04-26 8:55,fb,campaign_455,creative_342,0,2,3,0,47.70405452,55.57488448
10-04-26,10-04-26 8:55,fb,campaign_455,creative_1039,0,0,2,0,0,57.06557295
10-04-26,10-04-26 8:55,fb,campaign_455,creative_523,0,0,2,0,0,37.36649325
10-04-26,10-04-26 8:55,fb,campaign_456,creative_325,0,1,4,0,22.59997044,20.62018257
10-04-26,10-04-26 8:55,fb,campaign_456,creative_523,0,2,2,0,33.84439231,33.84439231
10-04-26,10-04-26 8:55,fb,campaign_456,creative_342,0,0,1,0,0,30.76164291
10-04-26,10-04-26 8:55,fb,campaign_456,creative_1039,0,3,8,0,20.31544755,29.86450407
10-04-26,10-04-26 8:55,fb,campaign_456,creative_1041,0,1,2,0,18.63117374,37.04534251
10-04-26,10-04-26 8:55,fb,campaign_456,creative_1040,2,7,16,0,55.58918326,53.03477305
10-04-26,10-04-26 8:55,fb,campaign_456,creative_1045,1,1,1,0,37.30572735,37.30572735
10-04-26,10-04-26 8:55,fb,campaign_456,creative_1040,0,0,6,0,0,39.1356701
10-04-26,10-04-26 8:55,fb,campaign_456,creative_1043,0,4,6,0,73.75291096,79.31256272
10-04-26,10-04-26 8:55,fb,campaign_456,creative_1046,0,0,1,0,0,25.6244812
10-04-26,10-04-26 8:55,fb,campaign_456,creative_1043,1,4,20,0,45.91294659,45.94787114
10-04-26,10-04-26 8:55,fb,campaign_456,creative_330,0,0,1,0,0,42.82099403
10-04-26,10-04-26 8:55,fb,campaign_456,creative_329,0,3,4,0,55.53196818,63.24923075
10-04-26,10-04-26 8:55,fb,campaign_456,creative_1040,0,0,1,0,0,36.8855447
10-04-26,10-04-26 8:55,fb,campaign_456,creative_342,0,1,1,0,88.30965979,88.30965979
10-04-26,10-04-26 8:55,fb,campaign_456,creative_1043,0,0,1,0,0,38.26796462
10-04-26,10-04-26 8:55,fb,campaign_456,creative_343,0,0,1,0,0,32.21864427
10-04-26,10-04-26 8:55,fb,campaign_456,creative_1045,0,0,1,0,0,32.8070761
10-04-26,10-04-26 8:55,fb,campaign_456,creative_1039,0,2,2,0,53.1416105,53.1416105
10-04-26,10-04-26 8:55,fb,campaign_457,creative_337,0,0,1,0,0,43.85331107
10-04-26,10-04-26 8:55,fb,campaign_458,creative_330,0,1,1,0,58.54487152,58.54487152
10-04-26,10-04-26 8:55,fb,campaign_459,creative_1047,0,0,2,0,0,56.90684358
10-04-26,10-04-26 8:55,fb,campaign_459,creative_347,0,2,7,0,27.56106331,37.30344036
10-04-26,10-04-26 8:55,fb,campaign_459,creative_1048,0,0,3,0,0,33.34635686
10-04-26,10-04-26 8:55,fb,campaign_459,creative_1049,0,4,6,0,52.38224106,48.06433986
10-04-26,10-04-26 8:55,fb,campaign_459,creative_1050,0,0,3,0,0,48.96259731
10-04-26,10-04-26 8:55,fb,campaign_459,creative_1051,1,9,10,0,48.86386299,48.3759281
10-04-26,10-04-26 8:55,fb,campaign_459,creative_1052,0,1,4,0,34.84238827,46.45617845
10-04-26,10-04-26 8:55,fb,campaign_459,creative_1053,0,0,4,0,0,55.95210293
10-04-26,10-04-26 8:55,fb,campaign_459,creative_1054,0,0,1,0,0,15.72209682
10-04-26,10-04-26 8:55,fb,campaign_459,creative_1055,0,1,4,0,98.3667266,72.18437701
10-04-26,10-04-26 8:55,fb,campaign_459,creative_1056,0,5,10,0,39.91412605,38.84051742
10-04-26,10-04-26 8:55,fb,campaign_459,creative_1057,0,3,3,0,49.96292491,49.96292491
10-04-26,10-04-26 8:55,fb,campaign_460,creative_520,1,0,0,0,0,0
10-04-26,10-04-26 8:55,fb,campaign_460,creative_334,0,1,1,0,44.30905138,44.30905138
10-04-26,10-04-26 8:55,fb,campaign_460,creative_334,1,1,5,0,54.16796181,38.64855835
10-04-26,10-04-26 8:55,fb,campaign_460,creative_332,0,0,8,0,0,56.86135685
10-04-26,10-04-26 8:55,fb,campaign_461,creative_335,0,0,1,0,0,34.12187441
10-04-26,10-04-26 8:55,fb,campaign_462,creative_328,3,0,6,0,0,35.61608697
10-04-26,10-04-26 8:55,fb,campaign_462,creative_1058,0,1,2,0,77.72960388,77.86994376
10-04-26,10-04-26 8:55,fb,campaign_462,creative_327,2,5,6,0,52.35014839,47.56760847
10-04-26,10-04-26 8:55,fb,campaign_462,creative_1059,0,0,1,0,0,42.82099403
10-04-26,10-04-26 8:55,fb,campaign_462,creative_324,0,0,7,0,0,49.3101234
10-04-26,10-04-26 8:55,fb,campaign_462,creative_1035,0,0,4,0,0,32.20459009
10-04-26,10-04-26 8:55,fb,campaign_462,creative_328,0,0,1,0,0,55.51885873
10-04-26,10-04-26 8:55,fb,campaign_463,creative_1060,0,0,1,0,0,36.4020926
10-04-26,10-04-26 8:55,fb,campaign_464,creative_1061,0,1,2,0,40.54910088,38.06374747
10-04-26,10-04-26 8:55,fb,campaign_464,creative_1062,0,0,1,0,0,39.97893123
10-04-26,10-04-26 8:55,fb,campaign_465,creative_1063,0,0,1,0,0,43.56388721
10-04-26,10-04-26 8:55,fb,campaign_465,creative_1064,0,0,1,0,0,36.3032166
10-04-26,10-04-26 8:55,fb,campaign_465,creative_1065,0,0,1,0,0,42.97146025
10-04-26,10-04-26 8:55,fb,campaign_465,creative_1066,0,0,4,0,0,59.27970486
10-04-26,10-04-26 8:55,fb,campaign_466,creative_1067,0,1,1,0,137.4659856,137.4659856
10-04-26,10-04-26 8:55,fb,campaign_466,creative_1068,0,1,2,0,48.00277855,43.06567946
10-04-26,10-04-26 8:55,fb,campaign_467,creative_1069,0,1,1,0,44.70188036,44.70188036
10-04-26,10-04-26 8:55,fb,campaign_467,creative_1070,0,1,1,0,55.28575021,55.28575021
10-04-26,10-04-26 8:55,fb,campaign_467,creative_1071,1,1,1,0,85.22078993,85.22078993
10-04-26,10-04-26 8:55,fb,campaign_467,creative_1072,0,0,1,0,0,38.12858037
10-04-26,10-04-26 8:55,fb,campaign_467,creative_1073,0,1,1,0,92.68028604,92.68028604
10-04-26,10-04-26 8:55,fb,campaign_467,creative_1074,2,15,17,0,42.33613092,46.07058457
10-04-26,10-04-26 8:55,fb,campaign_467,creative_1075,0,1,1,0,30.69648464,30.69648464
10-04-26,10-04-26 8:55,fb,campaign_467,creative_1076,0,2,2,0,27.50625151,27.50625151
10-04-26,10-04-26 8:55,fb,campaign_468,creative_1077,0,4,4,0,74.03416355,74.03416355
10-04-26,10-04-26 8:55,fb,campaign_468,creative_1078,0,3,3,0,65.51400866,65.51400866
10-04-26,10-04-26 8:55,fb,campaign_468,creative_1079,0,1,1,0,30.55878475,30.55878475
10-04-26,10-04-26 8:55,fb,campaign_468,creative_1080,0,1,1,0,52.2106272,52.2106272
10-04-26,10-04-26 8:55,fb,campaign_468,creative_1081,0,1,1,0,68.57697285,68.57697285
10-04-26,10-04-26 8:55,fb,campaign_468,creative_1082,0,1,1,0,69.35059494,69.35059494
10-04-26,10-04-26 8:55,fb,campaign_468,creative_1083,0,1,1,0,38.38021046,38.38021046
10-04-26,10-04-26 8:55,fb,campaign_468,creative_1084,0,1,1,0,38.38021046,38.38021046
10-04-26,10-04-26 8:55,fb,campaign_468,creative_1085,0,1,1,0,38.20804251,38.20804251
10-04-26,10-04-26 8:55,fb,campaign_468,creative_1086,0,4,4,0,49.04858027,49.04858027
10-04-26,10-04-26 8:55,fb,campaign_469,creative_1087,0,1,1,0,37.91595534,37.91595534
10-04-26,10-04-26 8:55,fb,campaign_470,creative_1088,0,0,1,0,0,51.96290597
10-04-26,10-04-26 8:55,fb,campaign_470,creative_1089,0,0,1,0,0,47.18135509
10-04-26,10-04-26 8:55,fb,campaign_470,creative_1067,0,0,4,0,0,51.26573206
10-04-26,10-04-26 8:55,fb,campaign_471,creative_1090,0,0,1,0,0,30.55084052
10-04-26,10-04-26 8:55,fb,campaign_471,creative_1069,0,0,1,0,0,47.18135509
10-04-26,10-04-26 8:55,fb,campaign_471,creative_1091,0,0,1,0,0,47.18135509
10-04-26,10-04-26 8:55,fb,campaign_471,creative_1092,0,0,2,0,0,30.55084052
10-04-26,10-04-26 8:55,fb,campaign_472,creative_1093,0,0,10,0,0,42.0588371
10-04-26,10-04-26 8:55,fb,campaign_472,creative_1094,0,2,4,0,35.57022516,37.1908576
10-04-26,10-04-26 8:55,fb,campaign_473,creative_1095,0,0,1,0,0,47.18135509
10-04-26,10-04-26 8:55,fb,campaign_473,creative_1096,0,0,1,0,0,37.73605734
10-04-26,10-04-26 8:55,fb,campaign_474,creative_1097,0,0,1,0,0,47.18135509
10-04-26,10-04-26 8:55,fb,campaign_474,creative_1098,0,1,12,0,44.70188036,53.03092241
10-04-26,10-04-26 8:55,fb,campaign_475,creative_1099,0,1,3,0,38.38021046,48.25346328
10-04-26,10-04-26 8:55,fb,campaign_475,creative_1100,2,3,6,0,43.34676738,51.27146826
10-04-26,10-04-26 8:55,fb,campaign_475,creative_1101,0,1,2,0,22.96470352,30.58140663
10-04-26,10-04-26 8:55,fb,campaign_475,creative_1102,1,0,3,0,0,70.85358253
10-04-26,10-04-26 8:55,fb,campaign_476,creative_1103,0,0,1,0,0,129.6637626
10-04-26,10-04-26 8:55,fb,campaign_477,creative_1104,0,0,4,0,0,32.34714473
10-04-26,10-04-26 8:55,fb,campaign_477,creative_1105,0,0,1,0,0,55.45951128
10-04-26,10-04-26 8:55,fb,campaign_478,creative_1106,0,0,2,0,0,64.86677675
10-04-26,10-04-26 8:55,fb,campaign_478,creative_1107,0,1,1,0,101.7144585,101.7144585
10-04-26,10-04-26 8:55,fb,campaign_478,creative_1108,0,1,2,0,38.20804251,37.93770576
10-04-26,10-04-26 8:55,fb,campaign_479,creative_1088,0,2,2,0,56.62589996,56.62589996
10-04-26,10-04-26 8:55,fb,campaign_479,creative_1109,0,5,6,0,47.25436945,50.86129377
10-04-26,10-04-26 8:55,fb,campaign_479,creative_1089,0,5,5,0,50.28834147,50.28834147
10-04-26,10-04-26 8:55,fb,campaign_480,creative_1093,0,10,10,0,59.71967989,59.71967989
10-04-26,10-04-26 8:55,fb,campaign_480,creative_1110,0,2,2,0,60.35145137,60.35145137
10-04-26,10-04-26 8:55,fb,campaign_481,creative_1097,0,2,2,0,44.32204686,44.32204686
10-04-26,10-04-26 8:55,fb,campaign_481,creative_1098,0,6,6,0,59.80669006,59.80669006
10-04-26,10-04-26 8:55,fb,campaign_482,creative_1097,0,5,5,0,56.41284119,56.41284119
10-04-26,10-04-26 8:55,fb,campaign_482,creative_1111,0,2,3,0,39.16376777,38.8187053
10-04-26,10-04-26 8:55,fb,campaign_483,creative_1097,0,2,7,0,47.29995258,55.36834819
10-04-26,10-04-26 8:55,fb,campaign_483,creative_1112,1,5,8,0,53.15462167,48.04001767
10-04-26,10-04-26 8:55,fb,campaign_483,creative_1113,0,2,2,0,40.84967018,40.84967018
10-04-26,10-04-26 8:55,fb,campaign_484,creative_1114,0,8,10,0,45.80870244,45.30882259
10-04-26,10-04-26 8:55,fb,campaign_484,creative_1115,0,1,1,0,37.91595534,37.91595534
10-04-26,10-04-26 8:55,fb,campaign_485,creative_1116,0,0,1,0,0,44.20080784
10-04-26,10-04-26 8:55,fb,campaign_486,creative_1067,0,0,1,0,0,33.62782915
10-04-26,10-04-26 8:55,fb,campaign_486,creative_1117,0,0,1,0,0,40.57111575
10-04-26,10-04-26 8:55,fb,campaign_487,creative_1118,0,0,5,0,0,44.32121726
10-04-26,10-04-26 8:55,fb,campaign_488,creative_1119,0,1,2,0,30.69648464,33.02435045
10-04-26,10-04-26 8:55,fb,campaign_489,creative_1118,0,4,12,0,76.10103035,63.08453154
10-04-26,10-04-26 8:55,fb,campaign_489,creative_1120,0,3,4,0,48.94366735,65.15794071
10-04-26,10-04-26 8:55,fb,campaign_489,creative_1119,0,1,3,0,48.81003659,37.56278696
10-04-26,10-04-26 8:55,fb,campaign_490,creative_1121,0,1,1,0,38.38021046,38.38021046
10-04-26,10-04-26 8:55,fb,campaign_490,creative_1122,0,0,2,0,0,74.21407374
10-04-26,10-04-26 8:55,fb,campaign_490,creative_1071,0,0,1,0,0,47.18135509
10-04-26,10-04-26 8:55,fb,campaign_491,creative_1123,0,0,1,0,0,32.64238401
10-04-26,10-04-26 8:55,fb,campaign_491,creative_1070,0,0,1,0,0,47.44631449
10-04-26,10-04-26 8:55,fb,campaign_492,creative_1112,0,0,1,0,0,80.53930423
10-04-26,10-04-26 8:55,fb,campaign_492,creative_1124,0,0,10,0,0,45.63350926
10-04-26,10-04-26 8:55,fb,campaign_493,creative_1112,0,0,2,0,0,53.61773489
10-04-26,10-04-26 8:55,fb,campaign_493,creative_1097,0,1,5,0,68.26934668,65.11322198
10-04-26,10-04-26 8:55,fb,campaign_494,creative_1097,0,0,1,0,0,38.12858037
10-04-26,10-04-26 8:55,fb,campaign_495,creative_1125,0,0,2,0,0,49.66782556
10-04-26,10-04-26 8:55,fb,campaign_495,creative_1126,0,0,1,0,0,92.88037643
10-04-26,10-04-26 8:55,fb,campaign_495,creative_1127,0,2,3,0,61.73912573,63.86853894
10-04-26,10-04-26 8:55,fb,campaign_495,creative_1115,0,2,3,0,42.70083315,41.99092735
10-04-26,10-04-26 8:55,fb,campaign_496,creative_1128,0,0,3,0,0,53.78961928
10-04-26,10-04-26 8:55,fb,campaign_496,creative_1129,0,10,12,0,50.69052704,54.03168686
10-04-26,10-04-26 8:55,fb,campaign_496,creative_1130,0,6,7,0,73.12604284,67.03592685
10-04-26,10-04-26 8:55,fb,campaign_497,creative_1076,0,0,1,0,0,26.36961512
10-04-26,10-04-26 8:55,fb,campaign_498,creative_1131,1,2,2,0,26.59870293,26.59870293
10-04-26,10-04-26 8:55,fb,campaign_498,creative_1132,1,5,5,0,23.31697503,23.31697503
10-04-26,10-04-26 8:55,fb,campaign_498,creative_1133,1,5,5,0,21.40103873,21.40103873
10-04-26,10-04-26 8:55,fb,campaign_498,creative_1134,0,3,3,0,18.24276411,18.24276411
10-04-26,10-04-26 8:55,fb,campaign_498,creative_1135,1,12,12,0,25.58264666,25.58264666
10-04-26,10-04-26 8:55,fb,campaign_498,creative_1136,0,1,1,0,21.37723977,21.37723977
10-04-26,10-04-26 8:55,fb,campaign_498,creative_1137,0,2,2,0,26.59870293,26.59870293
10-04-26,10-04-26 8:55,fb,campaign_498,creative_1138,2,7,7,0,23.12672545,23.12672545
10-04-26,10-04-26 8:55,fb,campaign_498,creative_1139,2,2,2,0,19.59431735,19.59431735
10-04-26,10-04-26 8:55,fb,campaign_499,creative_1140,0,0,1,0,0,50.7719564
10-04-26,10-04-26 8:55,fb,campaign_500,creative_1141,0,0,1,0,0,19.40129861
10-04-26,10-04-26 8:55,fb,campaign_500,creative_1142,0,0,1,0,0,19.85057154
10-04-26,10-04-26 8:55,fb,campaign_501,creative_1143,0,1,1,0,24.82856914,24.82856914
10-04-26,10-04-26 8:55,fb,campaign_502,creative_1144,0,0,1,0,0,36.67486951
10-04-26,10-04-26 8:55,fb,campaign_503,creative_1145,1,1,1,0,31.82016609,31.82016609
10-04-26,10-04-26 8:55,fb,campaign_503,creative_1146,1,1,1,0,21.37723977,21.37723977
10-04-26,10-04-26 8:55,fb,campaign_504,creative_1147,0,5,6,0,25.53433853,24.24718127
10-04-26,10-04-26 8:55,fb,campaign_504,creative_1140,0,11,18,0,30.46915824,30.85131039
10-04-26,10-04-26 8:55,fb,campaign_504,creative_1145,0,0,7,0,0,25.20255691
10-04-26,10-04-26 8:55,fb,campaign_504,creative_1148,0,7,14,0,29.35476411,25.58600028
10-04-26,10-04-26 8:55,fb,campaign_504,creative_1149,0,0,1,0,0,17.81139494
10-04-26,10-04-26 8:55,fb,campaign_505,creative_1150,0,0,24,0,0,23.14755633
10-04-26,10-04-26 8:55,fb,campaign_505,creative_1151,0,3,17,0,20.18862482,24.43991949
10-04-26,10-04-26 8:55,fb,campaign_505,creative_1152,6,34,57,0,22.34511052,24.50968824
10-04-26,10-04-26 8:55,fb,campaign_505,creative_1153,0,0,14,0,0,24.74576348
10-04-26,10-04-26 8:55,fb,campaign_505,creative_1154,0,8,10,0,23.09651014,23.73130193
10-04-26,10-04-26 8:55,fb,campaign_505,creative_1155,0,2,2,0,19.59431735,19.59431735
10-04-26,10-04-26 8:55,fb,campaign_506,creative_1156,0,3,3,0,18.50749883,18.50749883
10-04-26,10-04-26 8:55,fb,campaign_506,creative_1157,0,3,3,0,29.9868637,29.9868637
10-04-26,10-04-26 8:55,fb,campaign_506,creative_1158,0,6,6,0,23.88974068,23.88974068
10-04-26,10-04-26 8:55,fb,campaign_506,creative_1159,0,1,1,0,21.37723977,21.37723977
10-04-26,10-04-26 8:55,fb,campaign_507,creative_1160,0,1,1,0,17.05404207,17.05404207
10-04-26,10-04-26 8:55,fb,campaign_508,creative_1161,0,1,1,0,21.37723977,21.37723977
10-04-26,10-04-26 8:55,fb,campaign_508,creative_1162,0,2,10,0,22.99425447,26.78470463
10-04-26,10-04-26 8:55,fb,campaign_508,creative_1163,1,19,45,0,25.08065892,25.97940105
10-04-26,10-04-26 8:55,fb,campaign_509,creative_1146,0,2,12,0,20.18398566,23.50755893
10-04-26,10-04-26 8:55,fb,campaign_509,creative_1164,0,0,6,0,0,36.86015061
10-04-26,10-04-26 8:55,fb,campaign_509,creative_1163,0,3,12,0,19.88563314,26.68737335
10-04-26,10-04-26 8:55,fb,campaign_509,creative_1162,0,0,1,0,0,39.37603635
10-04-26,10-04-26 8:55,fb,campaign_510,creative_1161,0,0,3,0,0,33.3224099
10-04-26,10-04-26 8:55,fb,campaign_511,creative_1165,0,1,1,0,21.37723977,21.37723977
10-04-26,10-04-26 8:55,fb,campaign_511,creative_1153,0,0,1,0,0,17.81139494
10-04-26,10-04-26 8:55,fb,campaign_512,creative_1154,0,1,21,0,24.82856914,27.4536256
10-04-26,10-04-26 8:55,fb,campaign_512,creative_1152,0,0,75,0,0,25.97814766
10-04-26,10-04-26 8:55,fb,campaign_512,creative_1165,0,0,1,0,0,17.81139494
10-04-26,10-04-26 8:55,fb,campaign_512,creative_1155,0,0,2,0,0,43.91142804
10-04-26,10-04-26 8:55,fb,campaign_513,creative_1152,0,1,3,0,38.20760575,27.07853184
10-04-26,10-04-26 8:55,fb,campaign_514,creative_1151,0,0,4,0,0,22.00739022
10-04-26,10-04-26 8:55,fb,campaign_514,creative_1155,0,1,1,0,19.89970662,19.89970662
10-04-26,10-04-26 8:55,fb,campaign_514,creative_1152,0,4,14,0,22.58536231,23.05169022
10-04-26,10-04-26 8:55,fb,campaign_514,creative_1165,0,0,1,0,0,34.7385002
10-04-26,10-04-26 8:55,fb,campaign_515,creative_1166,0,2,2,0,18.60634677,18.60634677
10-04-26,10-04-26 8:55,fb,campaign_515,creative_1167,2,1,1,0,20.4682647,20.4682647
10-04-26,10-04-26 8:55,fb,campaign_515,creative_1168,0,1,1,0,17.05404207,17.05404207
10-04-26,10-04-26 8:55,fb,campaign_515,creative_1169,0,2,2,0,35.68056264,35.68056264
10-04-26,10-04-26 8:55,fb,campaign_516,creative_1170,1,5,5,0,25.22863031,25.22863031
10-04-26,10-04-26 8:55,fb,campaign_516,creative_1171,0,2,2,0,29.69574386,29.69574386
10-04-26,10-04-26 8:55,fb,campaign_517,creative_1172,0,3,3,0,17.55894398,17.55894398
10-04-26,10-04-26 8:55,fb,campaign_517,creative_1173,0,6,6,0,21.20857959,21.20857959
10-04-26,10-04-26 8:55,fb,campaign_518,creative_1174,0,10,21,0,23.73500578,25.55495231
10-04-26,10-04-26 8:55,fb,campaign_518,creative_1175,0,2,3,0,18.85555078,19.18551829
10-04-26,10-04-26 8:55,fb,campaign_518,creative_1176,0,0,4,0,0,19.87686774
10-04-26,10-04-26 8:55,fb,campaign_518,creative_1177,0,0,2,0,0,29.30055486
10-04-26,10-04-26 8:55,fb,campaign_518,creative_1178,0,0,3,0,0,35.12034272
10-04-26,10-04-26 8:55,fb,campaign_519,creative_1156,0,0,2,0,0,21.30910578
10-04-26,10-04-26 8:55,fb,campaign_519,creative_1179,0,0,1,0,0,17.05404207
10-04-26,10-04-26 8:55,fb,campaign_519,creative_1180,0,0,7,0,0,27.50546148
10-04-26,10-04-26 8:55,fb,campaign_519,creative_1158,0,0,3,0,0,23.41714931
10-04-26,10-04-26 8:55,fb,campaign_519,creative_1181,0,1,14,0,19.89970662,28.30638664
10-04-26,10-04-26 8:55,fb,campaign_520,creative_1182,0,0,1,0,0,31.82016609
10-04-26,10-04-26 8:55,fb,campaign_520,creative_1183,0,2,14,0,27.38690561,26.28835456
10-04-26,10-04-26 8:55,fb,campaign_520,creative_1159,0,0,2,0,0,34.27615601
10-04-26,10-04-26 8:55,fb,campaign_520,creative_1157,0,0,4,0,0,22.21185076
10-04-26,10-04-26 8:55,fb,campaign_521,creative_626,0,1,5,0,56.31652818,45.72341964
10-04-26,10-04-26 8:55,fb,campaign_521,creative_622,0,0,1,0,0,36.36941732
10-04-26,10-04-26 8:55,fb,campaign_521,creative_623,0,0,1,0,0,51.87890414
10-04-26,10-04-26 8:55,fb,campaign_522,creative_1184,0,5,10,0,78.38392716,60.29703185
10-04-26,10-04-26 8:55,fb,campaign_522,creative_1185,0,1,1,0,69.34917603,69.34917603
10-04-26,10-04-26 8:55,fb,campaign_522,creative_1186,0,1,4,0,83.95684817,84.9897004
10-04-26,10-04-26 8:55,fb,campaign_522,creative_1187,0,1,1,0,65.15408838,65.15408838
10-04-26,10-04-26 8:55,fb,campaign_522,creative_1188,0,1,1,0,33.13271808,33.13271808
10-04-26,10-04-26 8:55,fb,campaign_523,creative_1189,0,0,1,0,0,38.62125853
10-04-26,10-04-26 8:55,fb,campaign_523,creative_1189,0,0,1,0,0,69.02013835
10-04-26,10-04-26 8:55,fb,campaign_523,creative_1188,0,1,1,0,32.6508721,32.6508721
10-04-26,10-04-26 8:55,fb,campaign_523,creative_1184,0,0,2,0,0,61.31335431
10-04-26,10-04-26 8:55,fb,campaign_524,creative_1190,0,3,9,0,36.03138266,52.36088091
10-04-26,10-04-26 8:55,fb,campaign_524,creative_1191,0,1,1,0,59.66968851,59.66968851
10-04-26,10-04-26 8:55,fb,campaign_524,creative_1192,0,1,1,0,44.82332599,44.82332599
10-04-26,10-04-26 8:55,fb,campaign_524,creative_1193,0,1,1,0,87.50777466,87.50777466
10-04-26,10-04-26 8:55,fb,campaign_524,creative_1194,0,0,2,0,0,76.41476404
10-04-26,10-04-26 8:55,fb,campaign_524,creative_1195,0,1,1,0,29.22692426,29.22692426
10-04-26,10-04-26 8:55,fb,campaign_525,creative_1196,0,0,7,0,0,57.38986262
10-04-26,10-04-26 8:55,fb,campaign_525,creative_1196,0,3,4,0,55.65828448,67.38222472
10-04-26,10-04-26 8:55,fb,campaign_525,creative_1197,0,3,8,0,59.51894455,49.07725431
10-04-26,10-04-26 8:55,fb,campaign_526,creative_1198,0,1,1,0,36.37887457,36.37887457
10-04-26,10-04-26 8:55,fb,campaign_526,creative_1199,0,7,16,0,61.18362152,51.04478505
10-04-26,10-04-26 8:55,fb,campaign_526,creative_1200,0,1,1,0,29.22692426,29.22692426
10-04-26,10-04-26 8:55,fb,campaign_527,creative_1201,0,1,1,0,56.57029416,56.57029416
10-04-26,10-04-26 8:55,fb,campaign_527,creative_1202,0,7,15,0,65.31244732,57.34999845
10-04-26,10-04-26 8:55,fb,campaign_528,creative_1203,0,5,8,0,48.93144072,42.16741765
10-04-26,10-04-26 8:55,fb,campaign_528,creative_1204,0,1,4,0,63.94925761,70.81403265
10-04-26,10-04-26 8:55,fb,campaign_528,creative_1205,0,0,1,0,0,67.44228558
10-04-26,10-04-26 8:55,fb,campaign_529,creative_1206,0,1,1,0,34.13074723,34.13074723
10-04-26,10-04-26 8:55,fb,campaign_530,creative_1207,0,5,12,0,41.59739578,49.22671003
10-04-26,10-04-26 8:55,fb,campaign_530,creative_1208,0,0,1,0,0,29.08825269
10-04-26,10-04-26 8:55,fb,campaign_530,creative_1209,0,1,2,0,33.13271808,67.93688798
10-04-26,10-04-26 8:55,fb,campaign_530,creative_1210,0,2,3,0,69.65528706,58.33017659
10-04-26,10-04-26 8:55,fb,campaign_531,creative_1211,0,1,1,0,34.28454262,34.28454262
10-04-26,10-04-26 8:55,fb,campaign_531,creative_1212,0,1,1,0,36.54280017,36.54280017
10-04-26,10-04-26 8:55,fb,campaign_532,creative_567,0,0,1,0,0,36.0567657
10-04-26,10-04-26 8:55,fb,campaign_533,creative_1213,0,0,2,0,0,83.53849895
10-04-26,10-04-26 8:55,fb,campaign_533,creative_1214,0,0,2,0,0,46.51832048
10-04-26,10-04-26 8:55,fb,campaign_533,creative_1215,0,0,1,0,0,43.56388721
10-04-26,10-04-26 8:55,fb,campaign_534,creative_1216,0,0,1,0,0,21.56308307
10-04-26,10-04-26 8:55,fb,campaign_534,creative_1216,0,0,3,0,0,43.41683244
10-04-26,10-04-26 8:55,fb,campaign_535,creative_1216,0,1,1,0,43.56388721,43.56388721
10-04-26,10-04-26 8:55,fb,campaign_536,creative_1217,0,0,1,0,0,36.3032166
10-04-26,10-04-26 8:55,fb,campaign_537,creative_1218,0,0,1,0,0,40.54910088
10-04-26,10-04-26 8:55,fb,campaign_537,creative_1218,0,0,2,0,0,52.6326399
10-04-26,10-04-26 8:55,fb,campaign_537,creative_1219,0,0,6,0,0,33.56299909
10-04-26,10-04-26 8:55,fb,campaign_538,creative_1220,0,1,1,0,25.77881991,25.77881991
10-04-26,10-04-26 8:55,fb,campaign_539,creative_1221,0,0,1,0,0,71.44985722
10-04-26,10-04-26 8:55,fb,campaign_539,creative_1222,0,0,3,0,0,50.54287305
10-04-26,10-04-26 8:55,fb,campaign_539,creative_1221,0,0,2,0,0,58.04678137
10-04-26,10-04-26 8:55,fb,campaign_539,creative_1223,0,0,4,0,0,38.36584486
10-04-26,10-04-26 8:55,fb,campaign_540,creative_1224,0,0,1,0,0,34.91953563
10-04-26,10-04-26 8:55,fb,campaign_540,creative_1225,0,0,2,0,0,35.21039117
10-04-26,10-04-26 8:55,fb,campaign_540,creative_1222,0,0,1,0,0,35.17880552
10-04-26,10-04-26 8:55,fb,campaign_540,creative_1225,0,0,2,0,0,35.74626241
10-04-26,10-04-26 8:55,fb,campaign_541,creative_1226,0,0,3,0,0,42.25758535
10-04-26,10-04-26 8:55,fb,campaign_541,creative_1227,0,0,2,0,0,39.60091049
10-04-26,10-04-26 8:55,fb,campaign_541,creative_1228,0,0,3,0,0,40.56130497
10-04-26,10-04-26 8:55,fb,campaign_541,creative_1229,0,0,1,0,0,22.15865032
10-04-26,10-04-26 8:55,fb,campaign_542,creative_1230,0,0,1,0,0,50.41488718
10-04-26,10-04-26 8:55,fb,campaign_542,creative_1228,0,0,1,0,0,23.1379076
10-04-26,10-04-26 8:55,fb,campaign_542,creative_1231,0,0,2,0,0,55.93282264
10-04-26,10-04-26 8:55,fb,campaign_542,creative_1231,0,0,2,0,0,42.17124986
10-04-26,10-04-26 8:55,fb,campaign_542,creative_1226,0,0,1,0,0,34.91953563
10-04-26,10-04-26 8:55,fb,campaign_542,creative_1228,0,0,1,0,0,53.7277707
10-04-26,10-04-26 8:55,fb,campaign_543,creative_1232,0,0,1,0,0,52.09092689
10-04-26,10-04-26 8:55,fb,campaign_543,creative_1233,0,0,1,0,0,44.52964678
10-04-26,10-04-26 8:55,fb,campaign_544,creative_1234,1,0,0,0,0,0
10-04-26,10-04-26 8:55,fb,campaign_544,creative_1235,1,0,0,0,0,0
10-04-26,10-04-26 8:55,fb,campaign_544,creative_1235,0,1,1,0,71.3165444,71.3165444
10-04-26,10-04-26 8:55,fb,campaign_544,creative_1236,1,0,0,0,0,0
10-04-26,10-04-26 8:55,fb,campaign_544,creative_1237,1,0,0,0,0,0
10-04-26,10-04-26 8:55,fb,campaign_544,creative_1238,1,0,0,0,0,0
10-04-26,10-04-26 8:55,fb,campaign_545,creative_1235,0,2,2,0,29.3061181,29.3061181
10-04-26,10-04-26 8:55,fb,campaign_545,creative_1239,0,0,3,0,0,37.76890746
10-04-26,10-04-26 8:55,fb,campaign_545,creative_1240,0,1,1,0,49.57606119,49.57606119
10-04-26,10-04-26 8:55,fb,campaign_545,creative_1241,0,1,1,0,34.28454262,34.28454262
10-04-26,10-04-26 8:55,fb,campaign_545,creative_1242,0,1,4,0,48.46190617,52.25695846
10-04-26,10-04-26 8:55,fb,campaign_545,creative_1243,0,1,3,0,34.84238827,31.82119881
10-04-26,10-04-26 8:55,fb,campaign_545,creative_1244,0,0,1,0,0,20.4682647
10-04-26,10-04-26 8:55,fb,campaign_545,creative_1240,0,0,2,0,0,34.84238827
10-04-26,10-04-26 8:55,fb,campaign_545,creative_1245,0,1,1,0,36.99234307,36.99234307
10-04-26,10-04-26 8:55,fb,campaign_545,creative_1244,0,0,1,0,0,34.84238827
10-04-26,10-04-26 8:55,fb,campaign_545,creative_1239,0,1,1,0,36.4020926,36.4020926
10-04-26,10-04-26 8:55,fb,campaign_545,creative_1241,0,0,1,0,0,43.87650032
10-04-26,10-04-26 8:55,fb,campaign_545,creative_1243,0,1,1,0,34.4267,34.4267
10-04-26,10-04-26 8:55,fb,campaign_545,creative_1241,0,0,1,0,0,47.54153953
10-04-26,10-04-26 8:55,fb,campaign_545,creative_1246,0,0,1,0,0,66.8078092
10-04-26,10-04-26 8:55,fb,campaign_545,creative_1244,0,0,1,0,0,51.13065995
10-04-26,10-04-26 8:55,fb,campaign_545,creative_1247,0,1,1,0,56.81281768,56.81281768
10-04-26,10-04-26 8:55,fb,campaign_545,creative_1248,0,0,1,0,0,35.58130154
10-04-26,10-04-26 8:55,fb,campaign_545,creative_1234,0,1,1,0,71.09527316,71.09527316
10-04-26,10-04-26 8:55,fb,campaign_545,creative_1234,0,0,1,0,0,36.4020926
10-04-26,10-04-26 8:55,fb,campaign_545,creative_1244,0,0,2,0,0,37.41065975
10-04-26,10-04-26 8:55,fb,campaign_545,creative_1245,0,2,4,0,40.26923477,43.24670663
10-04-26,10-04-26 8:55,fb,campaign_545,creative_1241,0,2,3,0,64.34583498,66.66940479
10-04-26,10-04-26 8:55,fb,campaign_545,creative_1240,0,2,4,0,53.8321528,44.33727053
10-04-26,10-04-26 8:55,fb,campaign_545,creative_1249,0,0,2,0,0,41.32323901
10-04-26,10-04-26 8:55,fb,campaign_545,creative_1241,0,1,1,0,76.70456979,76.70456979
10-04-26,10-04-26 8:55,fb,campaign_545,creative_1245,0,0,2,0,0,75.30265102
10-04-26,10-04-26 8:55,fb,campaign_545,creative_1243,0,0,1,0,0,26.55712422
10-04-26,10-04-26 8:55,fb,campaign_545,creative_1238,0,0,1,0,0,41.761624
10-04-26,10-04-26 8:55,fb,campaign_546,creative_1250,0,1,1,0,34.84238827,34.84238827
10-04-26,10-04-26 8:55,fb,campaign_547,creative_1251,0,0,1,0,0,23.97964375
10-04-26,10-04-26 8:55,fb,campaign_547,creative_1252,0,0,1,0,0,37.65659003
10-04-26,10-04-26 8:55,fb,campaign_547,creative_1253,0,0,2,0,0,39.28979299
10-04-26,10-04-26 8:55,fb,campaign_547,creative_1254,0,0,4,0,0,36.21502484
10-04-26,10-04-26 8:55,fb,campaign_547,creative_1255,0,0,2,0,0,33.33292762
10-04-26,10-04-26 8:55,fb,campaign_547,creative_1256,0,0,1,0,0,39.14000746
10-04-26,10-04-26 8:55,fb,campaign_548,creative_1257,0,0,1,0,0,67.76208788
10-04-26,10-04-26 8:55,fb,campaign_548,creative_1258,0,0,1,0,0,58.46296265
10-04-26,10-04-26 8:55,fb,campaign_548,creative_1253,0,0,4,0,0,49.44899269
10-04-26,10-04-26 8:55,fb,campaign_549,creative_1259,0,0,1,0,0,22.82047089
10-04-26,10-04-26 8:55,fb,campaign_550,creative_1260,0,0,1,0,0,59.24135802
10-04-26,10-04-26 8:55,fb,campaign_550,creative_1261,0,0,8,0,0,59.11786058
10-04-26,10-04-26 8:55,fb,campaign_551,creative_1262,0,0,3,0,0,62.74690754
10-04-26,10-04-26 8:55,fb,campaign_551,creative_1263,0,0,5,0,0,71.28924167
10-04-26,10-04-26 8:55,fb,campaign_551,creative_1264,0,2,2,0,62.72470032,62.72470032
10-04-26,10-04-26 8:55,fb,campaign_551,creative_1265,0,2,2,0,65.28256544,65.28256544
10-04-26,10-04-26 8:55,fb,campaign_551,creative_513,0,2,3,0,59.24135802,57.69107157
10-04-26,10-04-26 8:55,fb,campaign_551,creative_1265,0,0,1,0,0,74.07023362
10-04-26,10-04-26 8:55,fb,campaign_551,creative_1266,0,0,1,0,0,51.12408613
10-04-26,10-04-26 8:55,fb,campaign_551,creative_1264,0,0,1,0,0,49.86447148
10-04-26,10-04-26 8:55,fb,campaign_551,creative_1262,0,0,1,0,0,62.66994468
10-04-26,10-04-26 8:55,fb,campaign_551,creative_1263,0,2,6,0,66.65579582,65.18965794
10-04-26,10-04-26 8:55,fb,campaign_552,creative_443,0,0,4,0,0,42.46973625
10-04-26,10-04-26 8:55,fb,campaign_552,creative_442,0,0,1,0,0,15.40457663
10-04-26,10-04-26 8:55,fb,campaign_553,creative_1267,0,1,1,0,43.56388721,43.56388721
10-04-26,10-04-26 8:55,fb,campaign_553,creative_1268,0,1,1,0,69.58252523,69.58252523
10-04-26,10-04-26 8:55,fb,campaign_553,creative_1267,0,1,1,0,148.0288359,148.0288359
10-04-26,10-04-26 8:55,fb,campaign_553,creative_1269,2,11,11,0,58.25379775,58.25379775
10-04-26,10-04-26 8:55,fb,campaign_553,creative_1270,0,1,1,0,71.3165444,71.3165444
10-04-26,10-04-26 8:55,fb,campaign_553,creative_1271,0,1,1,0,50.41488718,50.41488718
10-04-26,10-04-26 8:55,fb,campaign_554,creative_1269,0,9,9,0,49.45082329,49.45082329
10-04-26,10-04-26 8:55,fb,campaign_554,creative_1272,0,1,1,0,50.41488718,50.41488718
10-04-26,10-04-26 8:55,fb,campaign_554,creative_1273,0,1,1,0,43.56388721,43.56388721
10-04-26,10-04-26 8:55,fb,campaign_554,creative_1274,0,1,1,0,41.05631356,41.05631356
10-04-26,10-04-26 8:55,fb,campaign_554,creative_1269,0,1,1,0,62.36932862,62.36932862
10-04-26,10-04-26 8:55,fb,campaign_554,creative_1275,0,1,1,0,35.57839407,35.57839407
10-04-26,10-04-26 8:55,fb,campaign_554,creative_1267,1,1,1,0,51.67272146,51.67272146
10-04-26,10-04-26 8:55,fb,campaign_554,creative_1273,0,1,1,0,34.84238827,34.84238827
10-04-26,10-04-26 8:55,fb,campaign_555,creative_1276,0,1,1,0,34.91953563,34.91953563
10-04-26,10-04-26 8:55,fb,campaign_555,creative_1277,1,0,0,0,0,0
10-04-26,10-04-26 8:55,fb,campaign_555,creative_1278,0,1,1,0,32.35125095,32.35125095
10-04-26,10-04-26 8:55,fb,campaign_555,creative_1279,0,1,1,0,50.27272583,50.27272583
10-04-26,10-04-26 8:55,fb,campaign_555,creative_1277,0,0,1,0,0,33.14313211
10-04-26,10-04-26 8:55,fb,campaign_555,creative_1280,0,0,1,0,0,50.41488718
10-04-26,10-04-26 8:55,fb,campaign_555,creative_1277,0,0,1,0,0,50.41488718
10-04-26,10-04-26 8:55,fb,campaign_555,creative_1277,0,0,1,0,0,46.1265476
10-04-26,10-04-26 8:55,fb,campaign_556,creative_1281,0,0,1,0,0,57.54519972
10-04-26,10-04-26 8:55,fb,campaign_557,creative_1275,0,0,2,0,0,45.51011322
10-04-26,10-04-26 8:55,fb,campaign_557,creative_1267,0,1,3,0,31.21766875,43.80877519
10-04-26,10-04-26 8:55,fb,campaign_557,creative_1282,0,0,1,0,0,42.00775554
10-04-26,10-04-26 8:55,fb,campaign_557,creative_1271,0,0,2,0,0,59.22016136
10-04-26,10-04-26 8:55,fb,campaign_557,creative_1272,0,0,1,0,0,67.4252734
10-04-26,10-04-26 8:55,fb,campaign_557,creative_1283,0,0,1,0,0,55.45951128
10-04-26,10-04-26 8:55,fb,campaign_557,creative_1284,0,1,1,0,35.38535,35.38535
10-04-26,10-04-26 8:55,fb,campaign_557,creative_1269,0,3,6,0,52.65612485,58.51311655
10-04-26,10-04-26 8:55,fb,campaign_557,creative_1273,0,3,4,0,34.40370071,39.27955249
10-04-26,10-04-26 8:55,fb,campaign_557,creative_1268,0,0,1,0,0,50.41488718
10-04-26,10-04-26 8:55,fb,campaign_557,creative_1285,0,0,1,0,0,52.23018399
10-04-26,10-04-26 8:55,fb,campaign_558,creative_1286,0,0,1,0,0,32.23159085
10-04-26,10-04-26 8:55,fb,campaign_558,creative_1287,0,2,2,0,41.21496223,41.21496223
10-04-26,10-04-26 8:55,fb,campaign_558,creative_1286,0,1,1,0,56.46096063,56.46096063
10-04-26,10-04-26 8:55,fb,campaign_558,creative_1287,0,0,1,0,0,48.95236953
10-04-26,10-04-26 8:55,fb,campaign_559,creative_1288,0,0,1,0,0,27.08393947
10-04-26,10-04-26 8:55,fb,campaign_559,creative_1289,0,0,1,0,0,62.92535852
10-04-26,10-04-26 8:55,fb,campaign_559,creative_1290,0,0,1,0,0,17.81139494
10-04-26,10-04-26 8:55,fb,campaign_560,creative_1291,0,0,1,0,0,42.03756488
10-04-26,10-04-26 8:55,fb,campaign_560,creative_1292,0,0,1,0,0,99.40679339
10-04-26,10-04-26 8:55,fb,campaign_560,creative_1293,0,0,3,0,0,45.13815936
10-04-26,10-04-26 8:55,fb,campaign_560,creative_1294,0,0,1,0,0,53.90710782
10-04-26,10-04-26 8:55,fb,campaign_560,creative_1295,0,0,1,0,0,71.3165444
10-04-26,10-04-26 8:55,fb,campaign_560,creative_1296,0,0,11,0,0,44.49982787
10-04-26,10-04-26 8:55,fb,campaign_561,creative_1297,1,0,0,0,0,0
10-04-26,10-04-26 8:55,fb,campaign_561,creative_1298,1,3,3,0,66.90124527,66.90124527
10-04-26,10-04-26 8:55,fb,campaign_561,creative_1298,0,4,4,0,41.11548139,41.11548139
10-04-26,10-04-26 8:55,fb,campaign_561,creative_1299,0,1,1,0,64.16082799,64.16082799
10-04-26,10-04-26 8:55,fb,campaign_561,creative_1300,0,1,1,0,127.4528449,127.4528449
10-04-26,10-04-26 8:55,fb,campaign_561,creative_1301,0,1,1,0,48.59752827,48.59752827
10-04-26,10-04-26 8:55,fb,campaign_561,creative_1302,1,0,0,0,0,0
10-04-26,10-04-26 8:55,fb,campaign_561,creative_1299,0,1,1,0,62.40254991,62.40254991
10-04-26,10-04-26 8:55,fb,campaign_561,creative_1298,0,1,1,0,32.56104613,32.56104613
10-04-26,10-04-26 8:55,fb,campaign_561,creative_1302,1,5,5,0,31.94048911,31.94048911
10-04-26,10-04-26 8:55,fb,campaign_561,creative_1302,0,1,1,0,50.41488718,50.41488718
10-04-26,10-04-26 8:55,fb,campaign_562,creative_1303,0,1,1,0,50.41488718,50.41488718
10-04-26,10-04-26 8:55,fb,campaign_562,creative_1304,0,1,1,0,94.66064853,94.66064853
10-04-26,10-04-26 8:55,fb,campaign_563,creative_1305,0,2,2,0,45.82760297,45.82760297
10-04-26,10-04-26 8:55,fb,campaign_563,creative_1306,0,3,3,0,52.82936774,52.82936774
10-04-26,10-04-26 8:55,fb,campaign_563,creative_1307,0,1,1,0,32.83683137,32.83683137
10-04-26,10-04-26 8:55,fb,campaign_563,creative_1308,0,2,2,0,50.41488718,50.41488718
10-04-26,10-04-26 8:55,fb,campaign_563,creative_1306,1,0,0,0,0,0
10-04-26,10-04-26 8:55,fb,campaign_563,creative_1309,0,1,1,0,50.41488718,50.41488718
10-04-26,10-04-26 8:55,fb,campaign_563,creative_1310,0,1,1,0,40.54910088,40.54910088
10-04-26,10-04-26 8:55,fb,campaign_563,creative_1311,0,2,2,0,50.63321015,50.63321015
10-04-26,10-04-26 8:55,fb,campaign_563,creative_1312,0,2,2,0,31.42408662,31.42408662
10-04-26,10-04-26 8:55,fb,campaign_563,creative_1305,0,1,1,0,60.56572078,60.56572078
10-04-26,10-04-26 8:55,fb,campaign_564,creative_1312,0,2,2,0,57.4402158,57.4402158
10-04-26,10-04-26 8:55,fb,campaign_564,creative_1310,0,1,1,0,47.58813508,47.58813508
10-04-26,10-04-26 8:55,fb,campaign_564,creative_1311,1,0,0,0,0,0
10-04-26,10-04-26 8:55,fb,campaign_564,creative_1306,0,1,1,0,130.716959,130.716959
10-04-26,10-04-26 8:55,fb,campaign_564,creative_1313,0,1,1,0,34.84238827,34.84238827
10-04-26,10-04-26 8:55,fb,campaign_564,creative_1314,0,3,3,0,41.40658414,41.40658414
10-04-26,10-04-26 8:55,fb,campaign_564,creative_1308,0,1,1,0,50.41488718,50.41488718
10-04-26,10-04-26 8:55,fb,campaign_564,creative_1315,0,1,1,0,44.82687265,44.82687265
10-04-26,10-04-26 8:55,fb,campaign_565,creative_1308,3,8,8,0,46.3060977,46.3060977
10-04-26,10-04-26 8:55,fb,campaign_565,creative_1316,0,1,1,0,34.84238827,34.84238827
10-04-26,10-04-26 8:55,fb,campaign_565,creative_1317,0,1,1,0,27.3001871,27.3001871
10-04-26,10-04-26 8:55,fb,campaign_565,creative_1312,0,2,2,0,40.58623088,40.58623088
10-04-26,10-04-26 8:55,fb,campaign_565,creative_1310,1,0,0,0,0,0
10-04-26,10-04-26 8:55,fb,campaign_565,creative_1314,0,1,1,0,27.92863761,27.92863761
10-04-26,10-04-26 8:55,fb,campaign_565,creative_1308,0,3,3,0,56.4250965,56.4250965
10-04-26,10-04-26 8:55,fb,campaign_565,creative_1311,1,1,1,0,35.57839407,35.57839407
10-04-26,10-04-26 8:55,fb,campaign_565,creative_1308,0,2,2,0,31.72479845,31.72479845
10-04-26,10-04-26 8:55,fb,campaign_565,creative_1318,0,2,2,0,43.86030726,43.86030726
10-04-26,10-04-26 8:55,fb,campaign_565,creative_1309,1,1,1,0,50.41488718,50.41488718
10-04-26,10-04-26 8:55,fb,campaign_565,creative_1314,0,1,1,0,50.41488718,50.41488718
10-04-26,10-04-26 8:55,fb,campaign_565,creative_1310,1,1,1,0,78.01028364,78.01028364
10-04-26,10-04-26 8:55,fb,campaign_565,creative_1316,0,1,1,0,36.16426124,36.16426124
10-04-26,10-04-26 8:55,fb,campaign_566,creative_1302,1,4,4,0,41.42150305,41.42150305
10-04-26,10-04-26 8:55,fb,campaign_566,creative_1301,0,2,2,0,58.14966366,58.14966366
10-04-26,10-04-26 8:55,fb,campaign_566,creative_1319,0,0,1,0,0,43.56388721
10-04-26,10-04-26 8:55,fb,campaign_566,creative_1303,0,0,2,0,0,67.12459083
10-04-26,10-04-26 8:55,fb,campaign_566,creative_1298,0,2,2,0,91.6703393,91.6703393
10-04-26,10-04-26 8:55,fb,campaign_567,creative_1320,0,0,1,0,0,50.41488718
10-04-26,10-04-26 8:55,fb,campaign_568,creative_1321,0,1,3,0,45.21781436,46.81985806
10-04-26,10-04-26 8:55,fb,campaign_568,creative_1322,1,3,4,0,40.76085542,39.28123863
10-04-26,10-04-26 8:55,fb,campaign_568,creative_1323,0,2,3,0,44.14014772,44.30295791
10-04-26,10-04-26 8:55,fb,campaign_568,creative_1324,0,1,1,0,50.41488718,50.41488718
10-04-26,10-04-26 8:55,fb,campaign_568,creative_1325,0,2,2,0,44.12875518,44.12875518
10-04-26,10-04-26 8:55,fb,campaign_568,creative_1326,0,0,1,0,0,26.64957103
10-04-26,10-04-26 8:55,fb,campaign_569,creative_1327,0,0,1,0,0,34.84238827
10-04-26,10-04-26 8:55,fb,campaign_569,creative_1328,0,0,1,0,0,36.3032166
10-04-26,10-04-26 8:55,fb,campaign_569,creative_1329,0,0,1,0,0,68.74546479
10-04-26,10-04-26 8:55,fb,campaign_569,creative_1330,0,1,1,0,63.94925761,63.94925761
10-04-26,10-04-26 8:55,fb,campaign_570,creative_1312,0,1,1,0,27.70524614,27.70524614
10-04-26,10-04-26 8:55,fb,campaign_570,creative_1314,0,1,1,0,81.45693905,81.45693905
10-04-26,10-04-26 8:55,fb,campaign_570,creative_1318,0,0,1,0,0,34.84238827
10-04-26,10-04-26 8:55,fb,campaign_570,creative_1306,0,1,1,0,50.41488718,50.41488718
10-04-26,10-04-26 8:55,fb,campaign_570,creative_1311,0,0,1,0,0,34.91953563
10-04-26,10-04-26 8:55,fb,campaign_570,creative_1308,0,4,4,0,63.40234416,63.40234416
10-04-26,10-04-26 8:55,fb,campaign_570,creative_1307,1,0,0,0,0,0
10-04-26,10-04-26 8:55,fb,campaign_570,creative_1315,0,0,1,0,0,83.7822412
10-04-26,10-04-26 8:55,fb,campaign_570,creative_1309,0,2,2,0,66.02379044,66.02379044
10-04-26,10-04-26 8:55,fb,campaign_570,creative_1305,0,1,1,0,71.3165444,71.3165444
10-04-26,10-04-26 8:55,fb,campaign_570,creative_1313,0,0,1,0,0,43.56388721
10-04-26,10-04-26 8:55,fb,campaign_570,creative_1316,0,2,2,0,39.24171142,39.24171142
10-04-26,10-04-26 8:55,fb,campaign_570,creative_1331,0,1,1,0,67.60328278,67.60328278
10-04-26,10-04-26 8:55,fb,campaign_571,creative_720,0,2,2,0,66.41477859,66.41477859
10-04-26,10-04-26 8:55,fb,campaign_571,creative_1332,0,0,1,0,0,54.59049868
10-04-26,10-04-26 8:55,fb,campaign_572,creative_724,0,0,2,0,0,59.24135802
10-04-26,10-04-26 8:55,fb,campaign_572,creative_723,0,1,1,0,59.24135802,59.24135802
10-04-26,10-04-26 8:55,fb,campaign_573,creative_1333,0,1,1,0,59.24135802,59.24135802
10-04-26,10-04-26 8:55,fb,campaign_573,creative_1334,0,1,1,0,74.07023362,74.07023362
10-04-26,10-04-26 8:55,fb,campaign_574,creative_1335,0,0,1,0,0,43.56388721
10-04-26,10-04-26 8:55,fb,campaign_575,creative_1336,0,0,1,0,0,45.01334665
10-04-26,10-04-26 8:55,fb,campaign_576,creative_1337,1,0,0,0,0,0
10-04-26,10-04-26 8:55,fb,campaign_577,creative_1338,2,0,0,0,0,0
10-04-26,10-04-26 8:55,fb,campaign_578,creative_1339,1,0,0,0,0,0
10-04-26,10-04-26 8:55,fb,campaign_579,creative_1340,0,1,1,0,46.34644533,46.34644533
10-04-26,10-04-26 8:55,fb,campaign_579,creative_1341,1,0,0,0,0,0
10-04-26,10-04-26 8:55,fb,campaign_579,creative_1342,1,0,0,0,0,0
10-04-26,10-04-26 8:55,fb,campaign_579,creative_1343,0,1,1,0,63.11874634,63.11874634
10-04-26,10-04-26 8:55,fb,campaign_580,creative_1344,0,2,2,0,40.11288322,40.11288322
10-04-26,10-04-26 8:55,fb,campaign_581,creative_1345,0,0,1,0,0,35.79685585
10-04-26,10-04-26 8:55,fb,campaign_582,creative_1345,0,0,1,0,0,36.7928947
10-04-26,10-04-26 8:55,fb,campaign_583,creative_1345,0,1,14,0,48.59752827,51.7194113
10-04-26,10-04-26 8:55,fb,campaign_584,creative_1346,0,0,2,0,0,26.7765594
10-04-26,10-04-26 8:55,fb,campaign_584,creative_1347,0,1,1,0,86.58108311,86.58108311
10-04-26,10-04-26 8:55,fb,campaign_584,creative_1348,0,2,3,0,43.64578494,38.40292515
10-04-26,10-04-26 8:55,fb,campaign_585,creative_1349,0,0,1,0,0,44.44747925
10-04-26,10-04-26 8:55,fb,campaign_585,creative_1350,0,3,5,0,50.19957264,44.46113307
10-04-26,10-04-26 8:55,fb,campaign_585,creative_1351,0,1,1,0,48.38937469,48.38937469
10-04-26,10-04-26 8:55,fb,campaign_586,creative_1352,0,0,1,0,0,46.84390476
10-04-26,10-04-26 8:55,fb,campaign_586,creative_1353,0,1,1,0,25.6244812,25.6244812
10-04-26,10-04-26 8:55,fb,campaign_586,creative_1354,0,2,5,0,34.42057539,39.60914947
10-04-26,10-04-26 8:55,fb,campaign_587,creative_1355,0,0,1,0,0,45.42058768
10-04-26,10-04-26 8:55,fb,campaign_587,creative_1356,0,0,1,0,0,24.14466004
10-04-26,10-04-26 8:55,fb,campaign_588,creative_1357,0,0,2,0,0,26.10833015
10-04-26,10-04-26 8:55,fb,campaign_588,creative_1356,0,0,3,0,0,28.76447284
10-04-26,10-04-26 8:55,fb,campaign_588,creative_1358,0,0,2,0,0,33.56461425
10-04-26,10-04-26 8:55,fb,campaign_589,creative_1359,0,1,1,0,46.01412172,46.01412172
10-04-26,10-04-26 8:55,fb,campaign_589,creative_1360,0,10,13,0,53.49615037,58.84779508
10-04-26,10-04-26 8:55,fb,campaign_589,creative_1361,0,2,2,0,50.10145384,50.10145384
10-04-26,10-04-26 8:55,fb,campaign_590,creative_1362,0,1,2,0,37.34563254,32.66511699
10-04-26,10-04-26 8:55,fb,campaign_591,creative_1363,0,0,1,0,0,63.70848306
